line_number,text,speaker_id,language,gender
1,अपने जीवन का लक्ष्य निर्धारित करो | और सभी दूसरे विचार  को  अपने दिमाग से निकाल दो यही सफलता की पूंजी है |,0001,Hin,f
2,सफलता पाने के लिए हमें पहले विश्वास करना होगा की हम कर सकते हैं,0001,Hin,f
3,इसके कारण उपभोक्ताआें को सीधा फायदा होगा।,0001,Hin,f
4,सहारा मरुस्थल से जुड़ी रिसर्च का नेतृत्व करने वाले एमआईटी के पूर्व अनुसंधानकर्ता चार्लोट ने पिछले दो   लाख चालीस  हजार साल तक जमा हुईं पर्तों का विश्लेषण किया है।,0001,Hin,f
5,यह भी बताए कि वापस लिए गए केस दोबारा शुरू करने के लिए कोई कानून है या नहीं।,0001,Hin,f
6,यह पूर्व से पश्चिम की ओर बहती है तथा डेल्टाओं को निर्माण नही करती।,0001,Hin,f
7,बिहार से बाहर के अभ्यर्थी को इसका लाभ नहीं मिलेगा।,0001,Hin,f
8,इसके तट पर स्थित है ज्योतिर्लिंग,0001,Hin,f
9,"महाराष्ट्र में एक   प्रतिशत, गुजरात में एक  , राजस्थान में एक  , यूपी में दो   और मप्र में एक   प्रतिशत मंडी टैक्स लग रहा है।",0001,Hin,f
10,निजी कंपनी को प्लेटफॉर्म टिकट और पार्किंग की दर तय करने का अधिकार होगा,0001,Hin,f
11,धर्म ग्रंथों में भी मिलता है इस नदी का वर्णन,0001,Hin,f
12,इनके अलावा रेलवे ने कई ट्रेनों के रूट में परिवर्तन किया है और कई गाड़ियों को आंशिक रूप से रद्द किया है।,0001,Hin,f
13,हमने कोई टैक्स प्रस्ताव पेश नहीं किया है।,0001,Hin,f
14,इसी प्रकार गोमिया में भी मरे मिले पक्षियों के खिलाफ भी नेगेटिव रिपोर्ट मिलने के बाद बर्ड फ्लू की पुष्टि की गई।,0001,Hin,f
15,पुराणों के अनुसार यह मुंडमाला शिव और सती के प्रेम की भी प्रतीक है।,0001,Hin,f
16,इसके माध्यम से प्रश्न पत्र की संख्या बीस  के बाद कंटिन्यू कराने का निर्देश दिया।,0001,Hin,f
17,परमेश्‍वर सब जानते हैं।,0001,Hin,f
18,बिहार में कमजोर वर्गों को सरकारी सेवाओं के साथ-साथ शैक्षणिक संस्थानों में दस  फीसदी आरक्षण दिया जाएगा।,0001,Hin,f
19,"धर्म शास्त्रों के अनुसार, माघ माह की शुक्ल पक्ष की सप्तमी को नर्मदा जयंती का पर्व मनाया जाता है।",0001,Hin,f
20,"धर्म शास्त्रों के अनुसार, माघ माह की शुक्ल पक्ष की सप्तमी को नर्मदा जयंती का पर्व मनाया जाता है।",0001,Hin,f
21,लेकिन इससे कार्मिकों के आर्थिक हित बहुत अधिक प्रभावित नहीं होने वाले हैं।,0001,Hin,f
22,"अफसरों के मुताबिक, इससे बिना टिकट यात्रियाें के स्टेशन में प्रवेश पर अंकुश लगेगा।",0001,Hin,f
23,एक बार एक बहुत सुन्दर लड़की थी |,0001,Hin,f
24,"वह इतनी सुन्दर थी जो भी उसे देखता , देखता ही रह जाता |",0001,Hin,f
25,पर उसे गुस्सा बहुत आता था |,0001,Hin,f
26,गुस्से में वह किसी से कुछ भी कह देती |,0001,Hin,f
27,घर के सबलोग उसकी इस आदत से बहुत परेशां थे |,0001,Hin,f
28,एक बार उसके पिता ने उसे सबक सिखाने की सोचा |,0001,Hin,f
29,उसके पिता ने उसे कुछ कील और हतोड़ा दिया और कहा एक महीने तक हम एक एक्टिविटी करेंगे जिसमे तुम्हे बस एक महीने तक गुस्सा कम करना है उसके बाद तुम चाहो जितना गुस्सा कर सकती हो  |,0001,Hin,f
30,और जब भी तुम्हे गुस्सा आये और तुम किसी से बुरी तरह बोल दो तो एक कील दीवार में लगा देना |,0001,Hin,f
31,"और कोशिश करनी है गुस्सा कम करने की , लड़की  तैयार हो गयी |",0001,Hin,f
32,उसे जब भी गुस्सा आता और वह किसी को कुछ बोल देती तो एक कील दिवार में लगा देती |,0001,Hin,f
33,पहले दिन उसने दीवार में तीस  कील लगा दी |,0001,Hin,f
34,पर धीरे  धीरे दिवार में लगने वाली कील काम होने लगी |,0001,Hin,f
35,पन्द्रह  ही दिन में उस लड़की ने सबसे बुरी तरह बोलना काम कर दिया |,0001,Hin,f
36,अब उसके पिता ने उससे कहा की अगर तुम एक बार भी गुस्सा का करना होने पर किसी से बुरी तरह न बोलो तो अपने द्वारा लगायी हुई कील में से एक कील निकाल देना |,0001,Hin,f
37,लड़की ने वैसे ही किया |,0001,Hin,f
1,अपने जीवन का लक्ष्य निर्धारित करो | और सभी दूसरे विचार  को  अपने दिमाग से निकाल दो यही सफलता की पूंजी है |,0002,Hin,f
2,सफलता पाने के लिए हमें पहले विश्वास करना होगा की हम कर सकते हैं,0002,Hin,f
3,पार्टी नेताओं के इस्तीफे पर कहा- सबका अपना व्यक्तिगत मामला था।,0002,Hin,f
4,उन्होंने बताया कि घी बनाने वाला रिफाइंड पॉमोलिन ऑयल सत्तर  रूपए में आता है।,0002,Hin,f
5,माना जा रहा है कि बुधवार को राज्य सरकार विधानसभा में बड़ा ऐलान कर सकती है।,0002,Hin,f
6,"फिर इस डेड लाइन को बढ़ाकर वर्ष  दो  हज़ार सत्रह  किया गया, लेकिन अभी तक नए विमान मिलते नजर नहीं आ रहे हैं।",0002,Hin,f
7,अलग-अलग मौसम में सूर्य की किरणों का वितरण प्रभावित होता है।,0002,Hin,f
8,"इनकी संख्या कार्बन डाई ऑक्साइड, सूरज की रोशनी और पानी में मौजूद पोषक तत्वों के आधार पर बढ़ती है।",0002,Hin,f
9,कई लोग अपने व्यस्त जीवन के चलते भगवान का ध्यान नहीं करते।,0002,Hin,f
10,देना बैंक और आईडीबीआई बैंक के भी जल्द पीसीए लिस्ट से हटने की उम्मीद है।,0002,Hin,f
11,"थोड़ी ही देर में भीष्म, द्रोणाचार्य, कर्ण, दुर्योधन, दु:शासन, अभिमन्यु, धृतराष्ट्र के सभी पुत्र, घटोत्कच, द्रौपदी के पांचों पुत्र, राजा द्रुपद, धृष्टद्युम्न, शकुनि, शिखंडी आदि वीर जल से बाहर निकल आए।",0002,Hin,f
12,"काम में कुछ नया बदलाव कर सकते हैं, जो आपके काम को आगे बढ़ाएगा।",0002,Hin,f
13,"इनमें इलाहाबाद बैंद, यूनाइटेड बैंक ऑफ इंडिया, कॉरपोरेशन बैंक, यूको बैंक, सेंट्रल बैंक ऑफ इंडिया और इंडियन ओवरसीज बैंक शामिल हैं।",0002,Hin,f
14,राज्य के बाहर के अभ्यर्थी इस अधिनियम के अधीन आरक्षण का लाभ नहीं ले सकेंगे।,0002,Hin,f
15,सचिन तेंडुलकर ने चार सौ तिरसठ वनडे में उनचास  शतक बनाए थे।,0002,Hin,f
16,बदमाश यहां से करीब सत्तर  हजार रुपए लूट ले गए।,0002,Hin,f
17,यह गिरोह दिल्ली में करीब बीस  हजार करोड़ रुपए का मनी लॉन्ड्रिंग रैकेट चला रहा था।,0002,Hin,f
18,अगर सांसद इस संबंध में अपील करती हैं तो उन्हें कोर्ट से रिलीफ भी मिल सकता है।,0002,Hin,f
19,इस हादसे में भी पायलट बाहर निकलने में कामयाब रहा था।,0002,Hin,f
20,पौराणिक कथाओं से प्रभावित होकर बनाए गए इस मंदिर में भीष्म पितामाह की बारह फिट लम्बी और लेटी हुई मूर्ति स्थापित है।,0002,Hin,f
21,उत्तरी भारत में बने पश्चिमी विक्षोभ का असर राजस्थान से मध्यप्रदेश और बिहार होते हुए छत्तीसगढ़ तक पहुंचा।,0002,Hin,f
22,परिक्रमा भी की जाती है नर्मदा की,0002,Hin,f
23,नौ महीने के अंत तक दीवार से सब कील निकल गयी |,0002,Hin,f
24,लड़की बहुत खुश हुई की वो इस गेम में जीत गयी |,0002,Hin,f
25,अर अपने पिता जी से कहने लगी,0002,Hin,f
26,देखिये सब कील दीवार से निकल गयी |,0002,Hin,f
27,उसके पिता ने कहा दीवार से कील तो निकल गयी पर क्या दीवार पहले जैसी सुन्दर दिख रही है |,0002,Hin,f
28,दीवार में जगह जगह निशान पढ़ गए हैं |,0002,Hin,f
29,पिता ने अपनी बेटी को समझाया इसी तरह जब तुम किसी पर गुस्सा करती हो तो तुम्हारे रिश्तो में भी ख़राब निशान छूट ही जाते है |,0002,Hin,f
30,और एक दिन यही निशान रिस्तो को भी ख़राब कर देते हैं लड़की के बात समझ में आ गयी और उसने उस दिन से गुस्सा करना बहुत कम कर दिया .,0002,Hin,f
31,दोस्तों सब सभी का भी यही हाल होता है |,0002,Hin,f
32,हम जिस पर गुस्सा कर सकते है उससे बहुत उल्टा सीधा कह देते हैं और अपने रिश्तो को ख़राब कर देते हैं |,0002,Hin,f
33,गुस्सा करने की हम आदत बना लेते है और जिसे हम दवा सकते है उसी पर गुस्सा करते हैं |,0002,Hin,f
34,जैसे की ऑफिस में बॉस ने कुछ  कह दिया हम उससे कुछ नहीं कह सकते तो घर आकर बच्चो को बिना किसी गलती के ही  डांट देते हैं |,0002,Hin,f
35,इसलिए  अपनी इस ख़राब आदत को रिश्तो के ख़राब होने से पहले ही सुधार लीजिये  |,0002,Hin,f
1,अपने जीवन का लक्ष्य निर्धारित करो | और सभी दूसरे विचार  को  अपने दिमाग से निकाल दो यही सफलता की पूंजी है |,0003,Hin,m
2,सफलता पाने के लिए हमें पहले विश्वास करना होगा की हम कर सकते हैं,0003,Hin,m
3,इसकी वजह से गुरुवार की रात से राजधानी सहित प्रदेशभर में मौसम बदल गया है।,0003,Hin,m
4,वही एक देवों के देव महादेव ऐसे भी हैं जो अपने अलग ही स्वरूप के लिए जाने जाते हैं।,0003,Hin,m
5,वर्तमान समय में तो कई तीर्थ गुप्त रूप में स्थित हैं।,0003,Hin,m
6,"विराट कोहली की अगुआई में हाल ही में टीम इंडिया ने ऑस्ट्रेलिया में पहली बार टेस्ट सीरीज जीती, पहली द्विपक्षीय वनडे सीरीज जीती और न्यूजीलैंड में वनडे सीरीज जीती।",0003,Hin,m
7,सच बोलना मनुष्य के सबसे खास गुणों में से एक माना जाता है।,0003,Hin,m
8,एसपी कार्तिकेयन ने घटना की पुष्टि करते हुए कहा कि घटना की जांच की जा रही है और बदमाशों को पकड़ने की कोशिश शुरू कर दी गई है।,0003,Hin,m
9,फैक्ट्री पर चारों ओर गंदगी ही गंदगी थी।,0003,Hin,m
10,वहीं दूसरी मंजिल पर ही रिफाइंड तेल के पीपे रखे हुए थे।,0003,Hin,m
11,लंबे समय से किए जा रहे प्रयासों का सुपरिणाम है,0003,Hin,m
12,लेकिन हम अंत तक मैच में बने हुए थे।,0003,Hin,m
13,इस प्रकार वन में रहते हुए धृतराष्ट्र आदि को लगभग एक   वर्ष बीत गया।,0003,Hin,m
14,"अक्षय कुमार को उनकी पलटन के साथ देखा जा सकता है, जो कि सिख अवतार में नज़र आ रही है।",0003,Hin,m
15,बीएसपी के तीन  हजार अफसर और  तीस  हजार कर्मचारी इससे लाभान्वित होंगे।,0003,Hin,m
16,"व्यापारियों ने बताया कि वर्तमान में काफी अच्छी क्वालिटी की मशीनें आ गई हैं, जिससे दालें पूरी तरह से साफ हो जाती हैं।",0003,Hin,m
17,"मौके पर मिल्क फूड के नाम से एक  हज़ार  नौ सौ चौंतीस  लीटर, डेयरी बेस्ट के नाम से  एक  हज़ार  एक  सौ  पच्चीस और महान घी के नाम से सात  सौ पचास लीटर घी तैयार था जो कि अगले दिन बाजार में बेचा जाना था।",0003,Hin,m
18,इसी प्रकार अस्सी  रूपए में कार्न खरीद कर उसमे मिलावट करके एक  सौ अस्सी प्रति लीटर के हिसाब तिल का तेल बेचा जाता है।,0003,Hin,m
19,इस पेंशन फंड को ऑपरेट करने के लिए सरकार द्वारा किसी भी प्रकार का बजटरी सहयोग प्रदान नहीं किया जाएगा।,0003,Hin,m
20,बीएसपी कर्मचारियों को बारह  साल के संघर्ष के बाद अब मिलेगा पेंशन स्कीम का लाभ,0003,Hin,m
21,टिकट का रिफंड पाने के लिए यात्रियों को अपने नजदीकी रेलवे स्टेशन पर जाना होगा।,0003,Hin,m
22,जोधपुर से उड़ान भर फायरिंग रेंज में अपने काल्पनिक ठिकाने पर बमबारी करने के बाद वापस लौटते समय यह हादसा हुआ।,0003,Hin,m
23,"एक चिड़िया थी वह बहुत उच उड़ती , इधर उधर चहचहाती रहती |",0003,Hin,m
24,कभी इस टहनी पर कभी उस टहनी पर फुदकती रहती |,0003,Hin,m
25,पर उस चिड़िया की एक आदत थी वह जो भी दिन में उसके साथ होता अच्छा या बुरा उतने पत्थर अपने पास पोटली में रख लेती और  अकसर उन पत्थरो को पोटली से निकाल कर देखती अच्छे  पत्थरो को देखकर बीते दिनों में हुई अच्छी बातो को याद करके खुश होती |,0003,Hin,m
26,और खराब पत्थरो को देखकर दुखी होती |,0003,Hin,m
27,ऐसा रोज़ करती |,0003,Hin,m
28,रोज़ पत्थर इकठा करने से उसकी पोटली दिन प्रतिदिन भारी होती जा रही थी |,0003,Hin,m
29,थोड़े दिन बाद उसे भरी पोटली के साथ उड़ने में दिक्कत होने लगी |,0003,Hin,m
30,पर  उसे समझ नहीं आ रहा था की वह उठ क्यों नहीं पा रही |,0003,Hin,m
31,"कुछ समय और बीता, पोटली और भारी होती जा रही थी |",0003,Hin,m
32,अब तो उसका जमीन पर चलना भी मुश्किल हो रहा था |,0003,Hin,m
33,और एक दिन ऐसा आया की वह खाने पीने का इंतज़ाम भी नहीं कर पाती अपने लिए और अपने पत्थरो के बोझ तले मर गयी .,0003,Hin,m
34,दोस्तों ऐसा ही हमारे साथ होता है जब हम पुरानी बातो की पोटली अपने साथ रखते है |,0003,Hin,m
35,अपने वर्तमान का आनंद लेने की जगह भूतकाल की बातो को ही सोचने में लगे रहते हैं |,0003,Hin,m
36,इस पल का आन्नद लीजिये |,0003,Hin,m
1,अपने जीवन का लक्ष्य निर्धारित करो | और सभी दूसरे विचार  को  अपने दिमाग से निकाल दो यही सफलता की पूंजी है |,0004,Hin,m
2,सफलता पाने के लिए हमें पहले विश्वास करना होगा की हम कर सकते हैं,0004,Hin,m
3,नर्मदा भारत की प्रमुख नदियों में से एक है।,0004,Hin,m
4,जिसमें ट्रस्टियों की संख्या चौदह  रखे जाने पर सहमति बनी लेकिन ट्रस्टियों के नाम तय नहीं हो पाए हैं।,0004,Hin,m
5,दूसरी मंजिल पर दुर्गंध इतनी अधिक कि कोई रुक नहीं सकता।,0004,Hin,m
6,मौसम खुलने से रात के तापमान में छह से सात डिग्री की गिरावट आएगी।,0004,Hin,m
7,प्रशांत महासागर में चीन की शक्ति को टक्कर देने के लिए ब्रिटेन ने अपने सबसे बड़े और शक्तिशाली विमानवाहक पोत के जरिए लड़ाकू विमान उतारने की ठान ली है।,0004,Hin,m
8,"हम कोई दूत बन के नहीं, चाचा के साथ चाय पीने आए हैं।",0004,Hin,m
9,कर सुधार और आम लोगों को फायदा पहुंचाने के लिए यह विधेयक महत्वपूर्ण है,0004,Hin,m
10,"रिपोर्ट में तीनों ब्रांड (डेयरी बेस्ट, मिल्क फूड और महान डेयरी) के नाम से बेचे जा रहे घी अनसेफ माने गए हैं।",0004,Hin,m
11,एक बार नारद मुनि ने सती माता से पूछा कि माता शंकर भगवान अगर आपको सबसे अधिक प्रेम करते हैं तो उनके कंठ पर मुंडों की माला क्यों रहती है?,0004,Hin,m
12,वह हर समय इधर-उधर भटकता रहता है।,0004,Hin,m
13,अंतरराष्ट्रीय क्रिकेट परिषद (आईसीसी) ने पिछले महीने उन्हें साल  दो  हज़ार अठारह  -उन्नीस  के लिए वनडे क्रिकेटर ऑफ द ईयर चुना था।,0004,Hin,m
14,अधिकारी ने बताया कि इसके जरिए लोग लॉन्ग टर्म कैपिटल गेन का फर्जी दावा पेश कर रहे थे।,0004,Hin,m
15,"खिलाड़ी आज इस हार से काफी निराश होंगे, लेकिन हमने कई गलतियां भी कीं।",0004,Hin,m
16,उनकी काबिलियत के श्रीलंका के महान क्रिकेटर्स में से एक कुमार संगकारा भी कायल हैं।,0004,Hin,m
17,वर्तमान स्थिति में पेंशन स्कीम की गणना करें तो दो   से तीन  हजार रुपए ही मिलेंगे हर महीने,0004,Hin,m
18,उन्होंने बताया कि रेलवे स्टेशनों पर यात्री सुविधाओं काे बेहतर बनाने के लिए पहली बार ‘इंटीग्रेटेड फैसिलिटी मैनेजमेंट’ शुरू किया गया।,0004,Hin,m
19,"दाल, घी जैसी रोजमर्रा की चीजें भी मिलावट से अछूती नहीं रही हैं।",0004,Hin,m
20,"कम्प्यूटरीकृत प्रणाली के चलते यूजर किसी भी रेलवे स्टेशन से अपना टिकट कैंसल करा सकते हैं, लेकिन यह स्टेशन बोर्डिंग पॉइंट वाले स्टेशन के पाँच -दस किलोमीटर के दायरे में होना चाहिए।",0004,Hin,m
21,पूर्व मुख्यमंत्री अखिलश यादव ने बसपा के साथ गठबंधन पर उठ रहे सवालों के बीच शुक्रवार को कहा कि क्षेत्रीय दलों के साथ गठबंधन कर ही भाजपा इतनी मजबूत हुई है।,0004,Hin,m
22,"यहां तक कि जो लोग ये बना रहे थे, उनसे भी कोई बातचीत नहीं की गई।",0004,Hin,m
23,"एक बार एक व्यक्ति, एक हाथी को रस्सी से बांध कर ले जा रहा था |",0004,Hin,m
24,एक दूसरा व्यक्ति इसे देख रहा था |,0004,Hin,m
25,उसे बढ़ा आश्चर्य हुआ की इतना बढ़ जानवर इस हलकी से रस्सी से बंधा जा रहा है दूसरे व्यक्ति ने हाथी के मालिक से पूछा ”,0004,Hin,m
26,यह कैसे संभव है की इतना बढ़ा जानवर एक हलकी सी रस्सी को नहीं तोड़ पा रहा और तुम्हरे पीछे पीछे चल रहा है|,0004,Hin,m
27,हाथी के मालिक ने बताया जब ये हाथी छोटे होते हैं तो इन्हें रस्सी से बांध दिया जाता है उस समय यह कोशिश करते है रस्सी तोड़ने की पर उसे तोड़ नहीं पाते |,0004,Hin,m
28,बार बार कोशिश करने पर भी यह उस रस्सी को नहीं तोड़ पाते तो हाथी सोच लेते है की वह इस रस्सी को नही तोड़ सकते और बढे होने पर कोशिश करना ही छोड़ देते है .,0004,Hin,m
29,दोस्तों हम भी ऐसी बहुत सी नकारात्मक बातें अपने दिमाग में बैठा लेते हैं की हम नहीं कर सकते |,0004,Hin,m
30,और एक ऐसी ही रस्सी से अपने को बांध लेते हैं जो सच में होती ही नहीं है |,0004,Hin,m
1,अपने जीवन का लक्ष्य निर्धारित करो | और सभी दूसरे विचार  को  अपने दिमाग से निकाल दो यही सफलता की पूंजी है |,0005,Hin,f
2,सफलता पाने के लिए हमें पहले विश्वास करना होगा की हम कर सकते हैं,0005,Hin,f
3,भीष्म पितामाह महाभारत के प्रमुख योद्धाओं में से थे।,0005,Hin,f
4,ऐसा ही रहा तो समुद्र में जीवन की कल्पना करना मुश्किल हो जाएगा।,0005,Hin,f
5,"रिपोर्ट के अनुसार, सोमवार को थिंक टैंक रॉयल युनाइटेड सर्विसेज इंस्टीट्यूट को दिए एक भाषण में विलियम्सन ने कहा कि पैंसठ हज़ार  टन वजनी माल वाहक क्वीन एलिजाबेथ भूमध्य और मध्य पूर्व से भी होकर गुजरेगा।",0005,Hin,f
6,"जिस मनुष्य में सच बोलने का गुण होता है, उसे जीवन में हर जगह सफलता मिलती है।",0005,Hin,f
7,कांग्रेस के सत्ता में आने के बाद पन्द्रह  साल में पहली बार नर्मदा जयंती महोत्सव के दूसरे दिन मंगलवार को जलमंच पर नई तस्वीर देखने को मिलेगी।,0005,Hin,f
8,भारत को यहां सेडन पार्क मैदान में रविवार को खेले गए तीसरे टी-ट्वेंटी मैच में न्यूजीलैंड के हाथों चार रन से हार का सामना करना पड़ा।,0005,Hin,f
9,ऐसे में इन्हीं का इस्तेमाल किया जा रहा है।,0005,Hin,f
10,इसके जरिए करीब एक हजार करोड़ रुपए के घोटाले की आशंका है।,0005,Hin,f
11,कोशिश करें कि मास्क पहनकर बाहर निकलें,0005,Hin,f
12,पोकरण में चल रहे वायुसेना के युद्धाभ्यास के दौरान मंगलवार शाम एक मिग-सत्ताईस लड़ाकू विमान क्रैश हो गया।,0005,Hin,f
13,चार सौ पचास  किलोग्राम से अधिक इस पाउडर से खराब दाल को चमकाने का काम किया जाता था।,0005,Hin,f
14,चार सौ पचास  किलोग्राम से अधिक इस पाउडर से खराब दाल को चमकाने का काम किया जाता था।,0005,Hin,f
15,दाल को चमकाने के लिए सोप स्टोन (घीया पत्थर) काम में लिया जा रहा था।,0005,Hin,f
16,ब्रोकर की भूमिका खत्म होगी उपभोक्ताओं को सीधा फायदा,0005,Hin,f
17,वायुसेना में मामले की जांच के आदेश दिए है।,0005,Hin,f
18,शंकराचार्यों ने भी इसकी महिमा का गुणगान किया है।,0005,Hin,f
19,"अपने प्राण के लिए यह चिंता न करना कि क्‍या खाएंगे, क्‍या पिएंगे।",0005,Hin,f
20,"श्रीमद्भागवत के अनुसार, जो मनुष्य जरूरतमदों को नियमित रूप से दान करता है, उसे पुण्य की प्राप्ति होती है।",0005,Hin,f
21,इस जीत में उन्होंने बल्ले से भी अहम रोल अदा किया।,0005,Hin,f
22,शोधकर्ताओं का कहना है जलवायु परिवर्तन का असर समुद्री जीवों के भोजन पर पड़ेगा और वातावरण में कार्बन की मात्रा बढ़ेगी,0005,Hin,f
23,"एक लड़का वहां मौजूद था,  उम्र बारह  से  चौदह साल रही होगी  |",0005,Hin,f
24,आने वाली गाड़ी को रोकने के लिए वह उपाय  सोचने लगा |,0005,Hin,f
25,जब कोई भी उपाय उसे नहीं सुझा तो उसने अपनी शर्ट उतरी और अपना हाथ काटकर खून निकाल और शर्ट को खून में रंग लिया |,0005,Hin,f
26,और पटरी के आगे लाल झंडा फहराता हुआ खड़ा हो गया |,0005,Hin,f
27,गाड़ी चली आ रही  थी |,0005,Hin,f
28,लड़के को थोड़ा डर तो लग रहा था |,0005,Hin,f
29,पर फिर भी वो झंडा लेकर खड़ा रहा |,0005,Hin,f
30,तभी ड्राइवर ने लड़के को देख लिया और गाड़ी को रोक दिया |,0005,Hin,f
31,लड़के ने सारी बात ड्राइवर को बताई |,0005,Hin,f
32,उस लड़के का नाम था जार्ज स्टेनले |,0005,Hin,f
33,गाड़ी में बैठा हर वयक्ति लड़के की सूझबूझ की प्रसंसा कर रहा था |,0005,Hin,f
34,छोटे लड़के की समझदारी ने अनेक यात्रियों की जान बचा ली |,0005,Hin,f
35,दोस्तों ये कहानी हम सभी ने बचपन से सुनी है |,0005,Hin,f
36,क्या एक बारह से चौदह साल के लड़के में अचानक से इतना साहस और सूझबूझ आ गयी होगी |,0005,Hin,f
37,नहीं दोस्तों ये तो बचपन से उस लड़के को दूसरों की मदद करना |,0005,Hin,f
38,कठिनाई देखकर न घवरना इस तरह की सोच मिली होगी वरना अचानक आई किसी भी बिपति में हम वैसे ही रिक्ट   करते हैं जैसा हमने अभ्यास किया होता है |,0005,Hin,f
39,इसलिए हर समय अच्छा सोचे हमरी सोच ही हमारा जीवन बनाती है |,0005,Hin,f
1,अपने जीवन का लक्ष्य निर्धारित करो | और सभी दूसरे विचार  को  अपने दिमाग से निकाल दो यही सफलता की पूंजी है |,0006,Hin,m
2,सफलता पाने के लिए हमें पहले विश्वास करना होगा की हम कर सकते हैं,0006,Hin,m
3,शोधकर्ता ने यह अध्ययन शार्क की पोर्ट जैक्सन प्रजाति पर किया है।,0006,Hin,m
4,इसी के साथ नियुक्ति आदेश भी जारी हो सकते हैं।,0006,Hin,m
5,आठ जिलों में राजस्थान सशस्त्र बल की सत्रह कंपनियों की तैनात की गईं।,0006,Hin,m
6,उन्होंने कहा कि केएसआर बेंगलुरु को पांच फरवरी को एक निजी कंपनी काे सौंपा गया।,0006,Hin,m
7,"हालांकि, इस बीच लोकसभा में सरकार ने वित्त विधेयक दो  हज़ार उन्नीस   पास करा लिया।",0006,Hin,m
8,ऐसे हुई नर्मदा की उत्पत्ति,0006,Hin,m
9,यह भी कहा कि मांग स्वीकार न होने तक आंदोलन जारी रहेगा।,0006,Hin,m
10,हिंदू धर्म में भगवान और देवता सजे हुए व आभूषण पहने हुए दिखाए गए हैं।,0006,Hin,m
11,रेलवे बोर्ड के सदस्य विश्वेश चौबे और भारतीय रेलवे स्टेशन विकास निगम लिमिटेड (आईआरएसडीसी) के अध्यक्ष एस के लोहिया ने मंगलवार को इसकी जानकारी दी।,0006,Hin,m
12,विराट की अगुआई में भारतीय टीम ऑस्ट्रेलिया और न्यूजीलैंड में अजेय रही,0006,Hin,m
13,एसटीएफ उपाधीक्षक विजय प्रताप के मुताबिक लम्बे समय से संगम फूड प्रोडक्ट कम्पनी में नकली देशी घी और तिल के तेल का बनाने का कारोबार चल रहा था।,0006,Hin,m
14,फिल्म की एक टैग लाइन है – 'आज मेरी पगड़ी भी केसरी ।,0006,Hin,m
15,तब जिला पशुपालन पदाधिकारी चंद्रिका प्रसाद सिंह ने मेहरमा पहुंचकर पशुपालकों के साथ बैठक की।,0006,Hin,m
16,इसके लिए उन्होंने दाल बेचने की न्यूनतम लिमिट भी पांच से घटाकर दो क्विंटल कर दी है।,0006,Hin,m
17,"नेचर कम्युनिकेशन में प्रकाशित शोध के अनुसार, वैज्ञानिकों ने अध्ययन के लिए कंम्प्यूटर मॉडलिंग तकनीक का इस्तेमाल किया है।",0006,Hin,m
18,तीनों कंपनियों के अधिकारी इस मामले में एफआईआर करा चुके थे कि उनके नाम से उक्त जगह मिलावट युक्त घी बनाया जा रहा है।,0006,Hin,m
19,इसमें हवाला कारोबार के तीन गिरोह का पता चला।,0006,Hin,m
20,"वहीं, योगी सरकार ने मामले की जांच के लिए एडीजी रेलवे संजय सिंघल की अगुआई में एसआईटी गठित कर दी है।",0006,Hin,m
21,"चार्लोट के अनुसार, पर्तों में धूल के अलावा रेडियोएक्टिव पदार्थ थोरियम के दुर्लभ आइसोटोप भी पाए गए हैं।",0006,Hin,m
22,"यह रकम पाँच -सात  दिन में यूजर के उसी बैंक अकाउंट या क्रेडिट कार्ड में वापस पहुंच जाएगी, जिससे उसने पेमेंट किया होगा।",0006,Hin,m
23,एक बार अकबर के दरवार के कुछ लोगो ने बीरबल से जलकर कहा की अगर बीरबल हमारे ३ सवालो के जवाव दे देंगे तो हम मान लेंगे बीरबल बहुत होशियार हैं,0006,Hin,m
24,और सवाल थे – एक आकाश में कितने तारे हैं,0006,Hin,m
25,दो धरती का केंद्र कहाँ है,0006,Hin,m
26,और तीन  दुनिया में कितनी औरतें और कितने आदमी हैं,0006,Hin,m
27,दरवारियों ने कहा अगर बीरबल इन सवालो के जवाब नहीं दे पाए तो उन्हें अपने पद से इस्तीफा देना होगा,0006,Hin,m
28,बीरबल ने कहा मंज़ूर है,0006,Hin,m
29,पहले सवाल के जावा में बीरबल एक भेड़ ले आये और दरवारियों से कहा इस भेड़ के शरीर पर जितने बाल है उनते ही आकाश में तारे हैं,0006,Hin,m
30,आप चाहे तो गईं सकते है,0006,Hin,m
31,दूसरे सवाल के जवाब में बीरबल ने दो लाइन खिंची और उसमे लोहे की छड़ी डाल दी और कहा की यही धरती का केंद्र है,0006,Hin,m
32,जिसे यकीन न हो वह नाप सकता है,0006,Hin,m
33,और तीसरे सवाल के जवाब में बीरबल ने कहा यह  सवाल थोड़ा मुश्किल है क्यों की मेरे कुछ दरवारी मित्रो के बारे में कहना मुश्किल है की वह औरत है या आदमी,0006,Hin,m
34,अगर उनको मार दिया जाए तो इसका जवाब दिया जा सकता है,0006,Hin,m
1,अपने जीवन का लक्ष्य निर्धारित करो | और सभी दूसरे विचार  को  अपने दिमाग से निकाल दो यही सफलता की पूंजी है |,0007,Hin,f
2,सफलता पाने के लिए हमें पहले विश्वास करना होगा की हम कर सकते हैं,0007,Hin,f
3,कार्यक्रम के दौरान गठबंधन के सवाल पर बोलते हुए अखिलेश यादव ने कहा कि सपा और बसपा जब पहले साथ आई तो यूपी के मुख्यमंत्री और उपमुख्यमंत्री अपने-अपने क्षेत्र में उप चुनाव हार गए।,0007,Hin,f
4,चौपाल में सीबीआई पूछताछ पर बोलते हुए अखिलेश यादव ने कहा कि सीबीआई को जो कुछ भी पूछना है वह चुनाव के बाद पूछें।,0007,Hin,f
5,"जिस तरह तुम दूसरों पर दोष लगाते हो, उसी तरह तुम पर भी दोष लगाया जाएगा।",0007,Hin,f
6,"आईसीएआई के मुताबिक,पोर्टल पूरी तरह शुरू होने के बाद स्टूडेंट्स को किसी भी चीज के लिए रीजनल ऑफिस या ब्रांच जाने की जरूरत नहीं होगी,",0007,Hin,f
7,मुझे लगता है कि वे आज विश्व क्रिकेट में किसी भी दूसरे से ऊपर हैं।,0007,Hin,f
8,अमरकंटक से प्रकट होकर लगभग  एक  हज़ार  दो  सौ  किलोमीटर का सफर तय कर नर्मदा गुजरात के खंभात में अरब सागर में मिलती है।,0007,Hin,f
9,इस मामले में नामी कंपनियों के शेयरों को धोखाधड़ी के जरिए बेचा जा रहा था।,0007,Hin,f
10,ऐसा इसलिए क्योंकि सैंपल रिपोर्ट में तीनों ब्रांडेड की रिपोर्ट एक समान है।,0007,Hin,f
11,अपनी इच्छाशक्ति को मजबूत रखें।,0007,Hin,f
12,राजनाथ सिंह ने कहा था कि पूर्व प्रधानमंत्री जवाहरलाल नेहरू समेत कई नेता भी पड़ोसी देशों में रह रहे अल्पसंख्यकों को शरण देने के पक्ष में थे।,0007,Hin,f
13,"उससे पहले फिल्म के कई नए पोस्टर जारी किये गए हैं जिसमें उस गर्व की कहानी का अक्स उभरता है, जो दशकों पहले इतिहास में दर्ज़ हो गई थी।",0007,Hin,f
14,"भील जरा को समझाते हुए कृष्ण ने कहा कि क्यों व्यर्थ ही विलाप कर रहे हो, जो भी हुआ वो नियति है।",0007,Hin,f
15,आईसीसी ने विराट को तीन अवॉर्ड के लिए चुना,0007,Hin,f
16,"दुनिया का हर मजहब में सत्‍य, अहिंसा, प्रेम, करुणा, भाईचारा, सहनशीलता, सदाचार आदि का ही पाठ पढाता है।",0007,Hin,f
17,"आज का दिन आपके लिए काफी संघर्षमय रहेगा, लेकिन इस दौरान कई नए लोगों से मुलाकात होगी, जो जीवन के नए पाठ सिखाएंगे।",0007,Hin,f
18,नर्मदा के जल से मध्य प्रदेश सबसे ज्यादा लाभान्वित है।,0007,Hin,f
19,"मंगलवार को सदस्यों को बिहार पदों एवं सेवाओं की रिक्तियों तथा शैक्षणिक संस्थानों में नामांकन में(आर्थिक रूप से कमजोर वर्गों के लिए) आरक्षण विधेयक, दो  हज़ार उन्नीस   वितरित किया गया।",0007,Hin,f
20,प्रदर्शनकारियों ने प्रधानमंत्री नरेंद्र मोदी और केंद्रीय गृह मंत्री राजनाथ सिंह का पुतला भी फूंका।,0007,Hin,f
21,संगकारा ने विराट की तारीफ करते हुए कहा कि मौजूदा समय में उनके मुकाबले कोई नहीं है।,0007,Hin,f
22,पुलिस को कुछ सुराग भी हाथ लगे हैं।,0007,Hin,f
23,"एक बार अकबर ने अपनी सभा से पूछा – हमारे राज्य में किस व्यवसाय के लोग सबसे अधिक है ,किसी ने कहा सैनिक , किसी ने कहा बाबर्ची आदि आदि जब बीरबल का नंबर आया तो बीरबल ने कहा हमारे राज्य में डॉक्टर सबसे ज़्यदा है |",0007,Hin,f
24,यह सुनकर अकबर को बहुत अचम्भा हुआ उसने बीरबल से कहा बीरबल हमारे राज्य में तो गिने चुने डॉक्टर है |,0007,Hin,f
25,बीरबल ने कहा हुजूर जिसका जवाब में कल दूंगा कल आप मेरे साथ चलिएगा|,0007,Hin,f
26,अगले दिन अकबर बीरबल जैसे ही निकले अकबर ने देखा बीरबल का हाथ चाकू से काट गया है |,0007,Hin,f
27,अकबर ने पूछा ये क्या हुआ बीरबल ने बताया सुबह फल काटते समय हाथ काट गया |,0007,Hin,f
28,अकबर ने तुरंत कहा इस पर यह दवा लगा लेना |,0007,Hin,f
29,बीरबल के हाथ में काफी दर्द हो रहा था तो बीरबल एक जगह पेड़ के नीचे बैठ गए |,0007,Hin,f
30,"चुकी बीरबल को सभी जानते थे तो जो भी वाहन से गुजरता बीरबल का हाथ देख कर कुछ न कुछ सलाह ज़रूर दे देता ,और बीरबल उन सबके नाम एक कागज पर लिख लेते |",0007,Hin,f
31,शाम होते होते उस कागज पर कई नाम हो गए जब बादशाह लौटकर आये तो उन्होंने पूछा येकागज कैसा है बीरबल ने सब बता दिया और कहाँ जह्पनाह आपका नाम तो सबसे ऊपर लिखना भूल ही गया|,0007,Hin,f
32,अपने तो सबसे पहली सलाह दी थी |,0007,Hin,f
33,अकबर समझ गए बीरबल क्या कहना चाहते है|,0007,Hin,f
34,जब तक हमसे सलाह मांगी न जाये हमें है देनी चाहिए और जब उस विषय पर हमें पूरी समझ हो तभी कोई सलाह देनी चाहिए,0007,Hin,f
1,अपने जीवन का लक्ष्य निर्धारित करो | और सभी दूसरे विचार  को  अपने दिमाग से निकाल दो यही सफलता की पूंजी है |,0008,Hin,m
2,सफलता पाने के लिए हमें पहले विश्वास करना होगा की हम कर सकते हैं,0008,Hin,m
3,अदालती आदेश के पालन में राज्य सरकार की ओर से एजी ने शपथ पत्र पेश कर इस भर्ती में आरटेट  दो  हज़ार ग्यारह व दो  हज़ार बारह और रीट दो  हज़ार पन्द्रह व  दो  हज़ार सत्रह  के पास हुए अभ्यर्थियों का ब्यौरा दिया था।,0008,Hin,m
4,महाभारत युद्ध के बाद युधिष्ठिर हस्तिनापुर के राजा बने।,0008,Hin,m
5,कोर्ट के आदेश की प्रति मिलते ही अधिकारियों ने तृतीय श्रेणी शिक्षक भर्ती-दो हज़ार अठारह के प्रथम लेवल पर नियुक्ति को लेकर आगे की प्रक्रिया शुरू कर दी।,0008,Hin,m
6,एक अन्य मामले में मनी लॉन्ड्रिंग रैकेट का पर्दाफाश किया गया।,0008,Hin,m
7,उन्हें बदलाव यात्रा का निमंत्रण भी दिया है।,0008,Hin,m
8,शासकीय स्नातकोत्तर महाविद्यालय में सोमवार को दो दिवसीय विद्यार्थी कॅरियर अवसर मेला प्रारंभ हुआ।,0008,Hin,m
9,टी-ट्वेंटी   सीरीज में भी जीत हासिल करना चाहते थे।,0008,Hin,m
10,अब वायुसेना के पास इसकी दो स्कवाड्रन ही बची है।,0008,Hin,m
11,ऐसे बैंकों पर कर्ज बांटने और गैर जरूरी खर्चों पर रोक लागू हो जाती है।,0008,Hin,m
12,अनुमान है कि इस तरीके से एक हजार करोड़ से अधिक का घोटाला किया गया।,0008,Hin,m
13,दो   लाख चालीस  हजार सालों का इतिहास समझने की कोशिश,0008,Hin,m
14,इसमें गठबंधन पर ऐलान होगा।,0008,Hin,m
15,हवाई मार्ग के लिए आप राजकोट /केशोद हवाई अड्डे का सहारा ले सकते हैं।,0008,Hin,m
16,सोमवार को मंगलाचरण के साथ महोत्सव की शुरुआत हुई। शाम को आरती हुई।,0008,Hin,m
17,झारखंड एकेडमिक काउंसिल (जैक) द्वारा पहली बार आठ वीं बोर्ड की परीक्षा सोमवार को ओएमआर शीट पर हुई।,0008,Hin,m
18,"जहरीली शराब पीने के कारण सहारनपुर पचास , मेरठ में अठारह  और कुशीनगर में दस  लोगों की मौतें हो चुकी हैं।",0008,Hin,m
19,गुर्जर समाज की मांग है कि सरकार सभी प्रक्रिया पूरी करके पाँच प्रतिशत आरक्षण बैकलॉग के साथ दे।,0008,Hin,m
20,इस बीच मुख्यमंत्री अशोक गहलोत ने आंदोलन को लेकर बैठक बुलाई।,0008,Hin,m
21,"आपको कुछ खास काम की नई जिम्मेदारी सौंपी जा सकती है, जिसको आप बखूबी अंजाम देंगे।",0008,Hin,m
22,"कार्रवाई में मौके पर जो लोग पकड़े जाते हैं, वे काम करने वाले होते हैं।",0008,Hin,m
23,दैत्यों का स्वभाव तो सदैब से शक्तिसम्पन्न होते ही देवतावों और मनुष्यो को पीड़ित  करना रहा है |,0008,Hin,m
24,ब्रह्मा जी से वर पाने के बाद तरकसुर के ३ पुत्रों ने मयदानव के द्वारा ३ नगर बनवाए |,0008,Hin,m
25,उसमे एक सोने का एक चांदी का एक लोहे का था |,0008,Hin,m
26,ये नगर आकाश में इधर उधर घूम सकते थे |,0008,Hin,m
27,"इसमें बढे बढे भवन थे बाग़ , सड़के थी |",0008,Hin,m
28,करोडो दानव उसमे निवास करते |,0008,Hin,m
29,सुख  सुविधा तो उन नगरों में इतनी थी की कोई भी दवन जो भी इच्छा करता उसे वह  मिल जाता |,0008,Hin,m
30,इतना ही नहीं तरकसुर के पुत्र ने तपस्या करके ब्रह्मा जी से वर मांगकर मुर्दो को भी जीवित कर देने वाली बाबड़ी बनवाई |,0008,Hin,m
31,कोई भी दानव अगर मर जाता तो उसे उस बाबड़ी में ले जाया जाता |,0008,Hin,m
32,वह पुनः जीवित हो जाता और पहले से ज़्यदा शक्तिशाली हो जाता |,0008,Hin,m
33,फिर क्या था दानव निर्भय होकर देवतओं को डराने लगे |,0008,Hin,m
34,वे जगह जगह देवतओं को भगाकर इधर उधर विचरने लगे |,0008,Hin,m
35,वे मर्यादाहीन दनाव देवतओं के उद्यानों को तहस नहस करदेते और ऋषियों के पवित्र आश्रमों को भी नष्ट कर देते |,0008,Hin,m
36,इनके अत्याचारों से चारो तरफ हाहाकार मच गया |,0008,Hin,m
1,अपने जीवन का लक्ष्य निर्धारित करो | और सभी दूसरे विचार  को  अपने दिमाग से निकाल दो यही सफलता की पूंजी है |,0009,Hin,m
2,सफलता पाने के लिए हमें पहले विश्वास करना होगा की हम कर सकते हैं,0009,Hin,m
3,आंदोलन खत्म करने को लेकर सरकार की तरफ से भी कोई खास पहल नहीं हुई।,0009,Hin,m
4,उन सभी के मन में किसी भी प्रकार का अंहकार व क्रोध नहीं था।,0009,Hin,m
5,असल में देश के हर हिस्से में अलग-अलग मंडी टैक्स लगता है।,0009,Hin,m
6,दूसरे मामले में एक बेहद संगठित मनी लॉन्ड्रिंग गिरोह का पता चला।,0009,Hin,m
7,सरकार इसे बगैर किसी भेदभाव के लागू करेगी।,0009,Hin,m
8,परीक्षार्थियों की अटेंडेंस शीट में ओएमआर का नंबर लिखना था।,0009,Hin,m
9,वायुसेना के पास अभी भी चालीस  से पचास  साल पुराने मिग विमानों का बेड़ा है।,0009,Hin,m
10,चंद्रवंश के राजा हिरण्यतेजा को पितरों को तर्पण करते हुए यह अहसास हुआ कि उनके पितृ अतृप्त हैं।,0009,Hin,m
11,उन्होंने बताया कि इसी महीने से इन चारों स्टेशनों को निजी ठेकेदारों को दिए जा रहा है।,0009,Hin,m
12,"अपने मृत पुत्रों, भाइयों, पतियों व अन्य संबंधियों से मिलकर सभी का संताप दूर हो गया।",0009,Hin,m
13,"यह विश्व की एक मात्र ऐसी नदी है, जिसकी परिक्रमा की जाती है क्योंकि इसके हर घाट पर पवित्रता का वास है तथा इसके घाटों पर महर्षि मार्कण्डेय, अगस्त्य, महर्षि कपिल एवं कई ऋषि-मुनियों ने तपस्या की है।",0009,Hin,m
14,"अप्रत्याशित घटनाएं हो सकती हैं, सावधान रहें।",0009,Hin,m
15,ऐसे फाइल होगा टीडीआर,0009,Hin,m
16,समुद्री जीवों की संख्या पर पड़ सकता है असर,0009,Hin,m
17,इस बार यहां मेक इन इंडिया व अक्षय ऊर्जा के थीम पर विशेष पवेलियन तैयार किया गया है।,0009,Hin,m
18,सोलह  तक चलेगा युद्धाभ्यास,0009,Hin,m
19,हमें घर से दूर रहकर भी अपने हितों और अपने मूल्यों पर प्रतिस्पर्धा के लिए तैयार रहना चाहिए।,0009,Hin,m
20,"बैंक ऑफ इंडिया, बैंक ऑफ महाराष्ट्र, ओरिएंटल बैंक ऑफ कॉमर्स पीसीए लिस्ट से निकले",0009,Hin,m
21,ऐसे में पहाड़ों पर एक बार फिर बर्फबारी के आसार हैं।,0009,Hin,m
22,वेस्टर्न डिस्टरबेंस बारह  फरवरी की रात को पहाड़ों पर आएगा।,0009,Hin,m
23,इस प्रकार जब सब लोक पीड़ित हो गए तो साभी देवता  इंद्रा के साथ मिलकर उन नगरों पर प्रहार करने लगे |,0009,Hin,m
24,किन्तु बर्ह्मा जी के वर के प्रभाव से सबअसुर पुनः जीवित हो जाते थे |,0009,Hin,m
25,सभी देवता मिलकर बह्मा जी के पास गए |,0009,Hin,m
26,बह्मा जी ने देवतओं को बताया की भगवान् शिव के अलावा आपको कोई भी इस समस्या से नहीं निकाल सकता |,0009,Hin,m
27,तदन्तर बर्ह्मा जी के नेतृत्व में सभी देवता भगवान् शिव   के पास गए |,0009,Hin,m
28,भगवान् शिव शरनपन्नो को अभयदान देने वाले है . तेजराशी पारवती जी के पति भगवान् शिव के दर्शन पाकर सभी देवतओं ने सर झुककर प्रणाम किया |,0009,Hin,m
29,भगवान् शिव     ने आशीर्वाद स्वरुप कहा कहिये आप सब की क्या इच्छा है |,0009,Hin,m
30,"भगवान् शिव की आज्ञा पाकर देवतओं ने भगवान् शिवकी स्तुति की और कहा हम मन वाणी , कर्म से आपकी शरण में हैं आप हमपर कृपा करे |",0009,Hin,m
31,भगवान् शिव  ने प्रसन्न होकर कहा आप सब भय रहित होकर कहिये मैं आपका क्या कार्य करू |,0009,Hin,m
32,इस प्रकार जब महादेव जी  ने देवतओं को अभयदान दे दिया तब बर्ह्मा जी ने हाथ जोड़कर कहा- सर्वेशर आपकी कृपा से प्रजापति के पद पर प्रतिष्ठित होकर मैंने दानवो को एक वर दे दिया  था |,0009,Hin,m
33,जिससे उन्होंने सब मर्यादायों को तोड़ दिया आपके सिवा  उनका कोई वध नहीं कर सकता |,0009,Hin,m
34,तब भगवान् शिव ने कहा – देवताओं ! में धनुष – बाण धारण करके रथ में सवार हो उनके वध शीध्र ही करूँगा |,0009,Hin,m
35,देवतागण संतुष्ट होकर भगवान् शिव  की जय जय कार करने लगे .,0009,Hin,m
1,अपने जीवन का लक्ष्य निर्धारित करो | और सभी दूसरे विचार  को  अपने दिमाग से निकाल दो यही सफलता की पूंजी है |,0010,Hin,m
2,सफलता पाने के लिए हमें पहले विश्वास करना होगा की हम कर सकते हैं,0010,Hin,m
3,दो  हज़ार पाँच  से पार्टनरशिप में चल रही थी अवैध फैक्ट्री,0010,Hin,m
4,"बुखार, हमेशा कफ रहना, नाक बहना, सिर में दर्द, गले में सूजन, मांसपेशियों में दर्द, हर वक्त उल्टी जैसा महसूस होना, शरीर के निचले हिस्से में दर्द रहना और सांस लेने में परेशानी इसका लक्षण है।",0010,Hin,m
5,उन्नीस  जनवरी को मामले में बहस पूरी हो गई थी,0010,Hin,m
6,यह फैक्ट्री सूरज मेहता और संजय डरावनी के बीच पार्टनरशिप में चल रही थी।,0010,Hin,m
7,इस माह नए प्रयोग से आपको सफलता तो मिलेगी लेकिन दूसरों के मतों का ध्यान रखें।,0010,Hin,m
8,चौबीस   सितंबर दो  हज़ार पन्द्रह  को विधानसभा में एसबीसी विधेयक पारित हुआ था।,0010,Hin,m
9,यह निर्यात का कीमत से अधिक बिल बनाकर जीएसटी के तहत फर्जी रिफंड दावा करते थे।,0010,Hin,m
10,नियम का पालन न करने पर एक हजार रुपए तक जुर्माना और तीन महीने तक सजा का प्रावधान किया गया है।,0010,Hin,m
11,मरे हुए पक्षियों से दूर रहें,0010,Hin,m
12,कैसे पहुंचे,0010,Hin,m
13,दो  हज़ार चौदह के आर्थिक सर्वेक्षण में स्थिति बिल्कुल उलट थी।,0010,Hin,m
14,पूर्णत: या अंशत: सहायता प्राप्त राज्य के सभी शैक्षणिक संस्थानों में नामांकन में दस  फीसदी सीटें आर्थिक रूप से कमजोर के लिए आरक्षित रहेंगी।,0010,Hin,m
15,आपके सारे काम आसानी से पूरे होते चले जाएंगे।,0010,Hin,m
16,सबका उद्देश्य भाजपा को हराना है।,0010,Hin,m
17,दिल्ली समेत उत्तर-पश्चिम भारत के मैदानी इलाकों में कोहरे के कारण कहीं-कहीं दृश्यता पाँच सौ  मीटर से नीचे भी रही।,0010,Hin,m
18,यहां उन्होंने हमसे मारपीट की और फिर सत्तर  हजार रुपए की नकद राशि लूट ले गए।,0010,Hin,m
19,अखिलेश यादव ने शुक्रवार को कन्नौज के गांव फकीरपुरवा में ई-चौपाल लगा कर लोगों से संवाद किया।,0010,Hin,m
20,जानकारी के मुताबिक बैतूल के चिचोली थाना के ग्राम चिरापाटला आलमगढ़ के समीप एस्सार कंपनी के भगवती पेट्रोल पंप पर रात के दूसरे पहर करीब तीन  बजे  छह नकाबपोश बदमाशों ने लूट की घटना को अंजाम दिया।,0010,Hin,m
21,"मेष, वृष सहित चार राशियों के लिए दिन थोड़ा संघर्ष और सावधानी वाला रहे गा।",0010,Hin,m
22,इस मौके पर हम आपको महाभारत से जुड़ी कुछ रोचक बातें बता रहे हैं।,0010,Hin,m
23,एक जंगल में एक शेर रहता था |,0010,Hin,m
24,वह बहुत ताकतवर था|,0010,Hin,m
25,जंगल के सभी जानवर उससे डरते थे |,0010,Hin,m
26,कोई भी उसके सामने आने की हिम्मत नहीं करता |,0010,Hin,m
27,पर वह शेर मुर्गे की आवाज़ से बहुत डरता |,0010,Hin,m
28,जब सुबह सुबह मुर्गा बाघ देता तो वह शेर बहुत डर जाता और अपनी गुफा से बहार ही नहीं निकलता |,0010,Hin,m
29,एक बार उसने एक बहुत विशाल हाथी को देखा|,0010,Hin,m
30,हाथी ने शेर से पूछा क्या हुआ जंगल के राजा तुम कुछ डरे हुए लग रहे हो |,0010,Hin,m
31,शेर ने अपना दुःख उस हाथी के साथ बाटने करने की सोची |,0010,Hin,m
32,शेर ने हाथी से पूछा तुम इतने विशाल हो क्या कोई ऐसी चीज़ है जो तुम्हे डराती है |,0010,Hin,m
33,हाथी ने कहा ” क्या बताऊ शेर महराज आपको जब कोई मख्खी मेरे कान के पास आती है और उसकी जो भिन्नं भिन्नं की आवाज़ होती है मुझे उससे बहुत डर लगता है |,0010,Hin,m
34,मुझे लगता है वह मख्खी मेरे कान में घुस जाएगी और मैं दर्द की वजह से पागल हो जाऊंगा |,0010,Hin,m
35,शेर अब समझ गया चाहे कोई बाहर से कितना भी विशाल दिखे पर सबको कुछ न कुछ डर ज़रूर होता है |,0010,Hin,m
36,और वह डर जीवन की ख़ुशी को काम कर देता है,0010,Hin,m
37,दुनिया में हर इंसान का कोई न कोई डर ज़रूर होता है वह डर जीवन को कमज़ोर कर देता है और ज़्यादातर डर बेकार के होते हैं |,0010,Hin,m
38,हमें अपने डर से खुद ही ऊपर उठना होगा |,0010,Hin,m
39,तभी हम जीवन का आनंद ले पायंगे और इससे अच्छे से जी पाएंगे |,0010,Hin,m
1,अपने जीवन का लक्ष्य निर्धारित करो | और सभी दूसरे विचार  को  अपने दिमाग से निकाल दो यही सफलता की पूंजी है |,0011,Hin,m
2,सफलता पाने के लिए हमें पहले विश्वास करना होगा की हम कर सकते हैं,0011,Hin,m
3,यह सामान्य से छह डिग्री कम है।,0011,Hin,m
4,आपका व्यवहार थोड़ा कंजूसी वाला होगा पर कुछ परिस्थितियों में आप उदार भी होंगे।,0011,Hin,m
5,लोगों का मानना है कि भगवान कृष्ण यहां आने वालों की सभी मुरादें पूरी करते हैं।,0011,Hin,m
6,जिससे आपके रिश्ते में भी मजबूती आएगी।,0011,Hin,m
7,गौरतलब है कि विकास ने किसी भी कानूनी कार्रवाई का सामना नहीं किया क्योंकि पीड़ित ने मामले को अदालत में आगे ले जाने से इनकार कर दिया था।,0011,Hin,m
8,अपने मृत परिजनों को देख सभी के मन में हर्ष छा गया।,0011,Hin,m
9,बर्ड फ्लू वाले क्षेत्र में नॉनवेज ना खाएं,0011,Hin,m
10,पोकरण में वायुसेना का सबसे बड़ा युद्धाभ्यास 'ऑपरेशन वायुशक्ति' चल रहा,0011,Hin,m
11,गुर्जरों ने हाईवे पर ही जयंती मनाने का ऐलान किया है।,0011,Hin,m
12,इन सभी के साथ पांडवों की माता कुंती भी वन में चली गईं।,0011,Hin,m
13,ऐसे ही एक मामले में भास्कर और सीएमएचओ प्रथम की टीम ने मंगलवार को एक ऐसी फैक्ट्री पर छापा मारा जहां दाल को चमकाने के लिए सोप स्टोन (घीया पत्थर) काम में लिया जा रहा था।,0011,Hin,m
14,"क्योंकि वे ही बारदाना (कंपनी के नाम से रैपर, कार्टून और कच्चा सामान) उपलब्ध कराते हैं।",0011,Hin,m
15,"जलमंच पर अधिकतम सत्तर  लोगों का प्रवेश दिए जाने की बात कही गई है, जिसमें अधिकारियों सहित सुरक्षाकर्मी शामिल हैं।",0011,Hin,m
16,ध्रवीय समुद्र का तापमान बढ़ने से इनकी मात्रा गहराई तक बढ़ सकती है।,0011,Hin,m
17,"गृह मंत्री राजनाथ सिंह ने लोकसभा में कहा था कि यह विधेयक केवल असम तक ही सीमित नहीं रहेगा, बल्कि यह पूरे देश में प्रभावी रहेगा।",0011,Hin,m
18,"मौसम वैज्ञानिकों ने पच्चीस से  पचास  फीसदी केंद्रों पर ओले गिरने की भविष्यवाणी के साथ ये भी कहा है कि अभी तक के मौसमी सिस्टम और मॉडल आकलन से ये कह सकते हैं कि जिस तरह सात  फरवरी को ओले गिरे थे, उतने नहीं गिरेंगे।",0011,Hin,m
19,पशुपालन विभाग ने पूरे राज्य में अलर्ट जारी किया है।,0011,Hin,m
20,लेकिन कोर्ट के आदेश की प्रति शाम को मिलने के कारण मामला आगे नहीं बढ़ सका।,0011,Hin,m
21,"प्रोफेसर स्टेफनी के मुताबिक, जलवायु परिवर्तन के कारण समुद्र में मौजूद छोटी शैवालों को कार्बन डाई ऑक्साइड अवशोषित करना मुश्किल हो रहा है।",0011,Hin,m
22,इसमें भी कोई कैंसलेशन चार्ज नहीं लगेगा।,0011,Hin,m
23,एक गांव  में एक लड़का रहता था |   उसके घर की आर्थिक स्थिति ठीक नहीं थी |,0011,Hin,m
24,उसके मन में विचार आया किसी बड़े शहर में जाकर नौकरी करे |,0011,Hin,m
25,वह कलकत्ता गया और नौकरी ढूंढने लगा  |,0011,Hin,m
26,बहुत खोज के बाद उसे एक सेठ के घर नौकरी मिल गयी |,0011,Hin,m
27,नौकरी छेह अने रोज़ की थी |  काम था सेठ को रोज़ चार घंटे अख़बार और किताब पढ़कर सुनाना  |,0011,Hin,m
28,लड़के को नौकरी की ज़रूरत थी तो उसने वह नौकरी स्वीकार कर ली |,0011,Hin,m
29,एक दिन की बात है लड़के को दुकान के कोने में 	सौ  के आठ नोट पड़े मिले |,0011,Hin,m
30,उसने चुपचाप उन्हें अख़बार और किताबो से ढक दिया |,0011,Hin,m
31,दूसरे दिन रुपयों की खोजबीन हुई |  लड़का सुबह जब दुकान पर आया तो उससे पूछा गया |,0011,Hin,m
32,लड़के ने तुरंत ही प्रसनन्ता से रूपये निकालकर ग्राहक को दे दिए |,0011,Hin,m
33,वह बहुत ही खुश हुआ |  लड़के के ईमानदारी से सबको बहुत प्रसनन्ता हुई |,0011,Hin,m
34,सेठ भी लड़के से बहुत खुश हुआ |  सेठ ने लड़के को पुरस्कार देना चाहा  तो लड़के ने लेने  से मना कर दिया |,0011,Hin,m
35,लड़के ने कहा सेठ जी में आगे पढ़ना चाहता  हु |  पर पैसो के आभाव ने पढ़ नहीं पा रहा |,0011,Hin,m
36,आप कुछ सहयता कर दें | सेठ ने लड़के की पढ़ाई का प्रवन्ध कर दिया |,0011,Hin,m
37,लड़का बहुत मेहनत से पढता गया |,0011,Hin,m
38,यही लड़का आगे चलकर बहुत बढ़ा सहित्यकार बना |,0011,Hin,m
39,इसका नाम था – राम नरेश त्रिपाठी . हिंदी साहित्य में इनका बहुत बढ़ा योगदान है |,0011,Hin,m
1,अपने जीवन का लक्ष्य निर्धारित करो | और सभी दूसरे विचार  को  अपने दिमाग से निकाल दो यही सफलता की पूंजी है |,0012,Hin,m
2,सफलता पाने के लिए हमें पहले विश्वास करना होगा की हम कर सकते हैं,0012,Hin,m
3,आधिकारिक सूत्रों ने कहा कि पुरानी दिल्ली के विभिन्न कारोबारी क्षेत्रों में कुछ हफ्तों के दौरान छापे मारे गए थे।,0012,Hin,m
4,कांग्रेस चाहती थी कि बिल को सिलेक्ट कमेटी के पास भेजा जाए।,0012,Hin,m
5,कई अटेंडेंट्स शीट में रोल नंबर भी सीरियल में नहीं था।,0012,Hin,m
6,प्रदेश में नकली और मिलावटी खाद्य पदार्थ घर-घर पहुंच रहे हैं।,0012,Hin,m
7,"बेंगलुरु के बाद अब इसी महीने पुणे, सिकंदराबाद, चंडीगढ़ और आनंद विहार स्टेशनों को निजी हाथों में सौंपेगा रेलवे",0012,Hin,m
8,जब जरा करीब पहुंचा तो देखकर भगवान से इसकी माफी मांगने लगा।,0012,Hin,m
9,सीरीज जीतकर घर लौटते तो अच्छा होता,0012,Hin,m
10,यहां सिर्फ एक मजदूर माैजूद था।,0012,Hin,m
11,अगले दिन धृतराष्ट्र के आश्रम में महर्षि वेदव्यास आए।,0012,Hin,m
12,इससे ठंड महसूस होगी।,0012,Hin,m
13,तकनीकी खराबी के कारण लड़ाकू विमान में आग लग गई।,0012,Hin,m
14,ना ही हाथ हवा में उठाता।,0012,Hin,m
15,इलाहाबाद के दारागंज इलाके में स्थित इस मंदिर का निर्माण हाई कोर्ट के वकील जेआर भट्ट ने एक  हज़ार इकसठ में करवाया था।,0012,Hin,m
16,जबकि रीट- दो  हज़ार सत्रह  में परिणाम पैंतीस  फीसदी रहा।,0012,Hin,m
17,"पश्चिमी सीमा से गुजरात, राजस्थान, दिल्ली, मध्य प्रदेश और अन्य राज्यों में आने वाले पीड़ित प्रवासियों को इससे राहत मिलेगी।",0012,Hin,m
18,इस मूर्ति को तीरों की शय्या पर लेटा हुआ दर्शाया गया है।,0012,Hin,m
19,अगर यूजर ने रद्द हुईं ट्रेनों में से किसी भी रेलगाड़ी का टिकट ऑनलाइन बुक कराया है तो उन्हें परेशान नहीं होना पड़ेगा।,0012,Hin,m
20,"इतना ही नहीं, बदमाशों ने कर्मचारियों को डराने के लिए दफ्तर के कांच फोड़ दिए और फायरिंग की।",0012,Hin,m
21,इसलिए भर्ती लिखित परीक्षा या स्केलिंग के जरिए हो और अंकों का नार्मेलाइजेशन किया जाए।,0012,Hin,m
22,बारिश और बादलों की वजह से यह सामान्य से दो डिग्री कम है।,0012,Hin,m
23,एक समय की बात है|  एक जंगल में एक शेर रहना था |,0012,Hin,m
24,वह उस जंगल का राजा था |  बाकि सभी जानवर उससे डरते थे |,0012,Hin,m
25,शेर को भी लगता वो बहुत महान है उसके जैसा पुरे जंगल में कोई दुसरा है ही नहीं |,0012,Hin,m
26,"वह वीर है , उसे किसी की मदद की ज़रूरत नहीं पड़ती बल्कि किसी की कोई समस्या होती तो वह शेर के पास ही लेकर आता |",0012,Hin,m
27,शेर का घमंड दिन प्रति दिन बढ़ने लगा |  अब तो वह पुरे जंगल में अपनी मन मानी करने लगा |,0012,Hin,m
28,जिसे चाहता मार देता |  शेर अपने आगे किसी को कुछ नहीं समझता था|,0012,Hin,m
29,सभी जंगल के प्राणी उसकी इस मन मानी से तंग आ गए थे |,0012,Hin,m
30,पर वह बेचारे कर भी क्या सकते थे वास्तव में शेर से सभी डरते थे |,0012,Hin,m
31,कोई भी उसका सामान ताकत से नहीं कर सकता था | एक दिन एक चूहा कही जा रहा था शेर ने उसे देखा और उसे पकड़ लिया |,0012,Hin,m
32,चूहे ने बहुत बिनती करि आप तो इस जंगल के राजा है आप महान है मुझ ज़रा से चूहे को खाकर तो आपका पेट भी नहीं भरेगा |,0012,Hin,m
33,आप मुझे छोड़ दे |  शेर नहीं माना | तब चूहे ने शेर से कहा समय आने पर में आपकी ज़रूर मदद करूँगा कृपा मुझे छोड़ दे|,0012,Hin,m
34,शेर बहुत तेज़ हँसा तू ज़रा सा चूहा जंगल के राजा की मदद करेगा |,0012,Hin,m
35,मुझे कभी किसी की मदद की ज़रूरत है पड़ती | पर जब चूहे ने बहुत बिनती करि तो कुछ सोचकर शेर ने चूहे को छोड़ दिया |,0012,Hin,m
36,पर एक दिन की बात है शिकारियों का एक दाल उस जंगल में आ गया और उन शिकारियों में जंगल के जानवरो का शिकार करना शुरू कर दिया |,0012,Hin,m
37,एक दिन एक शिकारी ने जंगल के राजा यानि उसी शेर को आपने जाल में फसा लिया |,0012,Hin,m
38,अब तो शेर बहुत परेशां हो गया कैसे इस जाल से निकला जाये |  जब बहुत कोशिश करने के बाद भी वह उस जाल से नहीं निकल पाया तो चुप चाप बैठ गया |,0012,Hin,m
39,जंगल का कोई भी जानवर अपने राजा की मदद के लिए नहीं आया |  तभी उस चूहे को पता चला की शेर को शिकारियों ने पकड़ लिया है |,0012,Hin,m
40,वह तुरंत गया और अपने नुकीले दांतो से जाल को काट दिया |  और शेर को आज़ाद कर दिया |,0012,Hin,m
41,शेर को अपनी गलती का एहसास हुआ की कोई कितना भी ताकतवर क्यों न हो हर किसी में अपनी अपनी विशेसताये होती है |,0012,Hin,m
42,"सबका सम्मान करना चाहिए , कभी भी घमंड में आकर ऐसे वचन नहीं बोलने चाहिए जो दुसरो को दुःख दे |",0012,Hin,m
1,अपने जीवन का लक्ष्य निर्धारित करो | और सभी दूसरे विचार  को  अपने दिमाग से निकाल दो यही सफलता की पूंजी है |,0013,Hin,m
2,सफलता पाने के लिए हमें पहले विश्वास करना होगा की हम कर सकते हैं,0013,Hin,m
3,शोधकर्ताओं का कहना है कि हर बीस  हजार साल में सहारा मरुस्थल और उत्तरी अफ्रीका बारी-बारी से पानीदार और सूखे रहे हैं।,0013,Hin,m
4,"इसका वर्णन रामायण, महाभारत आदि अनेक धर्म ग्रंथों में भी मिलता है।",0013,Hin,m
5,पाँच  महीने पहले भी क्रैश हुआ था मिग-सत्ताईस,0013,Hin,m
6,मार्शल एक प्रकार के निजी गार्ड होंगे।,0013,Hin,m
7,असल में न्यूनतम बिक्री की लिमिट घटाने से उद्योगों और आम उपभोक्ताआें के बीच से ब्रोकर हट जाएंगे।,0013,Hin,m
8,झारखंड में बर्ड फ्लू ने दस्तक दी है।,0013,Hin,m
9,सारी रात अपने मृत परिजनों के साथ बिता कर सभी के मन में संतोष हुआ।,0013,Hin,m
10,राजधानी रायपुर में शनिवार को दोपहर बाद मौसम खुलने की संभावना है।,0013,Hin,m
11,मुख्यमंत्री ने मंगलवार को भी अधिकारियों से चर्चा करेंगे।,0013,Hin,m
12,कहीं कोई दिक्कत नहीं है।,0013,Hin,m
13,कठोर निर्णय लेने का समय है।,0013,Hin,m
14,"अगर तुम दूसरों के अपराध को माफ करोगे, तो प्रभु तुम्‍हारे गुनाह माफ करेंगे।",0013,Hin,m
15,एक बार भगवान शंकर लोक कल्याण के लिए तपस्या करने मैकाले पर्वत पहुंचे।,0013,Hin,m
16,स्काई मेट वेबसाइट के मौसम वैज्ञानिक महेश पलावत ने बताया कि इससे निचले स्तर पर बादल बनने के बाद ओले गिरने की संभावना रहती है।,0013,Hin,m
17,आसपास किसी पक्षी की मौत होती है तो इसकी सूचना संबंधित विभाग को दें।,0013,Hin,m
18,उन्होंने कहा था कि भर्ती में नॉर्मलाइजेशन करने की जरूरत नहीं है।,0013,Hin,m
19,"उड़ान के थोड़ी देर बाद ही कंट्रोल रूम से टूटा संपर्क, पोकरण रेंज इलाके में क्रैश हुआ",0013,Hin,m
20,बॉलर तो दिन भर भागते ही रह जाते।,0013,Hin,m
21,ना तो कोई बाउंड्री का इशारा करता  ।,0013,Hin,m
22,तीसरे टी-ट्वेंटी   में न्यूजीलैंड के हाथों चार रन से मैच हारने के बावजूद भारतीय कप्तान रोहित शर्मा ने अपने खिलाड़ियों की तारीफ की है।,0013,Hin,m
23,एक बार की बात है एक राजा था|  उसका एक बड़ा-सा राज्य था|,0013,Hin,m
24,एक दिन उसे देश घूमने का विचार आया और उसने देश भ्रमण की योजना बनाई और घूमने निकल पड़ा|,0013,Hin,m
25,जब वह यात्रा से लौट कर अपने महल आया|  उसने अपने मंत्रियों से पैरों में दर्द होने की शिकायत की|,0013,Hin,m
26,राजा का कहना था कि मार्ग में जो कंकड़ पत्थर थे वे मेरे पैरों में चुभ गए और इसके लिए कुछ इंतजाम करना चाहिए|,0013,Hin,m
27,कुछ देर विचार करने के बाद उसने अपने सैनिकों व मंत्रियों को आदेश दिया कि देश की संपूर्ण सड़कें चमड़े से ढंक दी जाएं|,0013,Hin,m
28,राजा का ऐसा आदेश सुनकर सब सकते में आ गए|,0013,Hin,m
29,लेकिन किसी ने भी मना करने की हिम्मत नहीं दिखाई|,0013,Hin,m
30,यह तो निश्चित ही था कि इस काम के लिए बहुत सारे रुपए की जरूरत थी|,0013,Hin,m
31,लेकिन फिर भी किसी ने कुछ नहीं कहा| कुछ देर बाद राजा के एक बुद्घिमान मंत्री ने एक युक्ति निकाली|,0013,Hin,m
32,उसने राजा के पास जाकर डरते हुए कहा कि मैं आपको एक सुझाव देना चाहता हूँ|,0013,Hin,m
33,अगर आप इतने रुपयों को अनावश्यक रूप से बर्बाद न करना चाहें तो एक अच्छी तरकीब मेरे पास है|,0013,Hin,m
34,जिससे आपका काम भी हो जाएगा और अनावश्यक रुपयों की बर्बादी भी बच जाएगी|,0013,Hin,m
35,राजा आश्चर्यचकित था क्योंकि पहली बार किसी ने उसकी आज्ञा न मानने की बात कही थी|,0013,Hin,m
36,उसने कहा बताओ क्या सुझाव है|,0013,Hin,m
37,मंत्री ने कहा कि पूरे देश की सड़कों को चमड़े से ढंकने के बजाय आप चमड़े के एक टुकड़े का उपयोग कर अपने पैरों को ही क्यों नहीं ढंक लेते|,0013,Hin,m
38,राजा ने अचरज की दृष्टि से मंत्री को देखा और उसके सुझाव को मानते हुए अपने लिए जूता बनवाने का आदेश दे दिया|,0013,Hin,m
39,यह कहानी हमें एक महत्वपूर्ण पाठ सिखाती है कि हमेशा ऐसे हल के बारे में सोचना चाहिए जो ज्यादा उपयोगी हो|,0013,Hin,m
40,जल्दबाजी में अप्रायोगिक हल सोचना बुद्धिमानी नहीं है|,0013,Hin,m
41,दूसरों के साथ बातचीत से भी अच्छे हल निकाले जा सकते हैं|,0013,Hin,m
1,अपने जीवन का लक्ष्य निर्धारित करो | और सभी दूसरे विचार  को  अपने दिमाग से निकाल दो यही सफलता की पूंजी है |,0014,Hin,m
2,सफलता पाने के लिए हमें पहले विश्वास करना होगा की हम कर सकते हैं,0014,Hin,m
3,बताते चलें कि पन्द्रह  मिनट बच्चों को प्रश्न पत्र पढ़ने के लिए अतिरिक्त समय दिया जाता है।,0014,Hin,m
4,घटना जोधुपर से करीब बीस किलोमीटर दूर जालेली फौजदरा गांव के पास हुई थी।,0014,Hin,m
5,इसके लिए छात्र-छात्राओं ने एक्जाम के इस पैटर्न के हिसाब से तैयारियां शुरू कर दी हैं।,0014,Hin,m
6,"उसे लगा कि यह किसी मृग की आंख है और बस उस ओर तीर छोड़ दिया, जो सीधे कृष्ण के बाएं पैर में जा धंसा।",0014,Hin,m
7,शिक्षा विभाग के पास छब्बीस  हजार शिक्षकों के नियुक्ति आदेश को लेकर हाईकोर्ट के निर्णय की प्रति सोमवार शाम को पहुंच गई।,0014,Hin,m
8,रेलवे बेंगलुरु के बाद अब चार और स्टेशनों पर यात्री सुविधाओंं को निजी हाथों में सौंपने की तैयारी कर रहा है।,0014,Hin,m
9,यहां की चट्टानों पर बनी पेंटिंग और जीवाश्मों की खुदाई से मिले प्रमाण बताते हैं कि यहां पानी था।,0014,Hin,m
10,फायटोप्लैंक्टन सूक्ष्म जीव होते हैं जो समुद्री जीवों के भोजन का काम करते हैं।,0014,Hin,m
11,एक दिन धृतराष्ट्र ने सोचा कि पांडवों के साथ रहते-रहते अब बहुत समय हो गया है।,0014,Hin,m
12,ओशियनोग्राफर अमला महादेवन का कहना है कि नई तरह से दी गई जानकारी जलवायु परिवर्तन और उसके खतरों को बताने में बेहतर है।,0014,Hin,m
13,बाद में इसे संयुक्त संसदीय समिति के पास भेजा गया।,0014,Hin,m
14,"मेष राशि वालों को काम करना होगा थोड़ा संभलकर, वृष राशि वाले दफ्तर या घर में कोई भी वादा करने से पहले विचार करें, मिथुन राशि वालों को मिलेगी मनचाही सफलता।",0014,Hin,m
15,यह कभी सूखा तो कभी हर-भरा हो जाता है।,0014,Hin,m
16,स्वास्थ्य विभाग की टीम ने वीकेआई इंडस्ट्रीयल एरिया में पांच जनवरी को कार्रवाई करते हुए तीन ब्रांड के नकली घी बरामद किए थे और इनके सैंपल जांच के लिए भेजा था।,0014,Hin,m
17,सोमवार को अधिकारी नियुक्ति प्रक्रिया को लेकर मंथन करते रहे।,0014,Hin,m
18,मनुष्य का मन बहुत ही चंचल होता है।,0014,Hin,m
19,इसमें गुर्जर आंदोलन की रोकथाम और समाधान पर चर्चा की गई।,0014,Hin,m
20,प्रत्येक भाग का सीरियल नंबर एक से बीस  तक था।,0014,Hin,m
21,कोहली आईसीसी के तीन इंडिविजुअल अवॉर्ड एक साथ जीतने वाले पहले क्रिकेटर हैं।,0014,Hin,m
22,सूर्य की किरणें हैं जिम्मेदार,0014,Hin,m
23,"मम्मी कल रक्षाबंधन है, भैया कब आएंगे?",0014,Hin,m
24,छः वर्षीय नन्ही ने बड़े लाड़-मनुहार से पूछा|  मां की आंखों में आंसू आ गए|,0014,Hin,m
25,"मां ने बरबस ही दांतों के नीचे होंठ दबा लिए, बड़ी मुश्किल से आवाज निकली, 'कैसे आ सकेगा बेटा! हमारे देश की सीमा पर पहरा दे रहा है वह|",0014,Hin,m
26,'नन्ही- 'तो क्या मैं इस बार भैया को राखी नहीं बांधूगी?',0014,Hin,m
27,"मां बोली, 'बांधोगी बेटा जरूर बांधोगी|",0014,Hin,m
28,"मां ने नन्ही को एक लिफाफा थमाया और कहा- 'इसमें अपनी राखी रखकर पोस्ट बॉक्स में डाल दो, फिर देखना रात तुम जब सो जाओगी, तब सपने में ये राखी तुम्हारे हाथमें होगी और बस, तुम अपने प्यारे भाई को यह राखी बांध देना|",0014,Hin,m
29,"नन्ही रुआंसी हो गई, 'तो क्या, मम्मी भैया सिर्फ एक दिन के लिए भी नहीं आ सकते? क्या उन्हें मुझसे राखी नहीं बंधवानी?'",0014,Hin,m
30,"मां बोली, 'बेटा तो नहीं आ सकेगा|",0014,Hin,m
31,तुम्हारे भाई जैसे सैनिकों पर ही तो देश की रक्षा की जिम्मेदारी है|,0014,Hin,m
32,पूरे देश को उस पर गर्व है|  मुझे भी है|,0014,Hin,m
33,"परंतु बेटा! अपने पत्र में तू कभी उसे आने का न कहना, क्योंकि तुम्हारे जैसी कितनी ही बहनें हैं, जो अपने भाई को राखी नहीं बांध पातीं|",0014,Hin,m
34,वो भी सपने में ही राखी बांधती हैं|,0014,Hin,m
35,"नन्ही को मां की बात समझ में आ गई, उसने अपनी गर्दन हां में हिलाकर स्वीकृति दे दी|",0014,Hin,m
36,"परंतु मां वहां और नहीं रुक सकी, दूसरे कमरे में वह फफक कर रो पड़ी|",0014,Hin,m
37,"वह नन्ही को कैसे बताए, उसका शहीद भाई उससे राखी बंधवाने अब कभी नहीं आ पाएगा|",0014,Hin,m
1,अपने जीवन का लक्ष्य निर्धारित करो | और सभी दूसरे विचार  को  अपने दिमाग से निकाल दो यही सफलता की पूंजी है |,0015,Hin,f
2,सफलता पाने के लिए हमें पहले विश्वास करना होगा की हम कर सकते हैं,0015,Hin,f
3,कन्नौज में आयोजित ई चौपाल कार्यक्रम में बोलते हुए अखिलेश यादव ने कहा कि कल समाजवादी पार्टी और बहुजन समाज पार्टी लखनऊ में प्रेस कॉन्फ्रेंस करने जा रहे हैं।,0015,Hin,f
4,इसके बाद ही जिले व नगर के कांग्रेस नेताओं ने विरोध शुरु कर दिया था।,0015,Hin,f
5,कहा जाता है कि उसी जगह पर भगवान पंचतत्व में ही विलीन हो गए।,0015,Hin,f
6,"आपके लिए कैसा रहेगा बुधवार जानिए, टैरो कार्ड रीडर भूमिका कलम से।",0015,Hin,f
7,धृतराष्ट्र व गांधारी के साथ विदुर व संजय ने वन जाने का निर्णय लिया।,0015,Hin,f
8,"एक ओर हर दिन मिलावटी खाने की चीजें पकड़ी जा रही हैं वहीं दूसरी ओर जिन संभावित गड़बड़ी चीजों के सैंपल लिए गए, वे भी फेल हो रहे हैं।",0015,Hin,f
9,"उनके पास एक बहुत ठोस तरीका है, जिस पर उन्हें विश्वास है।",0015,Hin,f
10,लोग भीष्म पितामह की मूर्ती पर पुष्प चढ़ते हैं और उन्हें नमन करते हैं।,0015,Hin,f
11,हमारे बीच किसी तरह का मतभेद नहीं है।,0015,Hin,f
12,इस स्थान पर एक परपल का पेड़ भी है जो करीब पाँच  हजार साल पुराना है और अभी तक हरा-भरा है।,0015,Hin,f
13,बाहर के अभ्यर्थियों को नहीं मिलेगा लाभ,0015,Hin,f
14,ऐसे पता लगाया गया,0015,Hin,f
15,इसी दिन को हम नर्मदा जयंती के रूप में मनाते हैं।,0015,Hin,f
16,मणिपुर में नागरिकता विधेयक के विरोध में हिंसा और उग्र हो गई।,0015,Hin,f
17,इससे पहले रीट-दो  हज़ार पन्द्रह  में चौदह  अंक बोनस के लिए गए और परीक्षा परिणाम अड़तालीस  फीसदी रहा।,0015,Hin,f
18,सामदेव कलाओं का प्रतीक है।,0015,Hin,f
19,मौसम विभाग के अनुसार अगले चौबीस   से अड़तालीस  घंटे के दौरान आंशिक बादल छा सकते हैं।,0015,Hin,f
20,"एक दिन युधिष्ठिर के मन में वन में रह रहे धृतराष्ट्र, गांधारी और कुंती को देखने की इच्छा हुई।",0015,Hin,f
21,"जानकारी के मुताबिक, विमान ने जोधपुर से उड़ान भरी थी।",0015,Hin,f
22,"जो रेंज होनी चाहिए, उससे बहुत अधिक मात्रा इस इस घी में थी।",0015,Hin,f
23,"एक बार की बात है, किसी जंगल में एक कौवा रहता था, वो बहुत ही खुश था, क्योंकि उसकी ज्यादा इच्छाएं नहीं थीं|",0015,Hin,f
24,"वह अपनी जिंदगी से संतुष्ट था, लेकिन एक बार उसने जंगल में किसी हंस को देख लिया और उसे देखते ही सोचने लगा कि ये प्राणी कितना सुन्दर है, ऐसा प्राणी तो मैंने पहले कभी नहीं देखा! इतना साफ और सफेद|",0015,Hin,f
25,"यह तो इस जंगल में औरों से बहुत सफेद और सुंदर है, इसलिए यह तो बहुत खुश रहता होगा|",0015,Hin,f
26,"कोवा हंस के पास गया और पूछा, भाई तुम इतने सुंदर हो, इसलिए तुम बहुत खुश होगे?",0015,Hin,f
27,"इस पर हंस ने जवाब दिया, हां मैं पहले बहुत खुश रहता था, जब तक मैंने तोते को नहीं देखा था|",0015,Hin,f
28,उसे देखने के बाद से लगता है कि तोता धरती का सबसे सुंदर प्राणी है|,0015,Hin,f
29,"हम दोनों के शरीर का तो एक ही रंग है लेकिन तोते के शरीर पर दो-दो रंग है, उसके गले में लाल रंग का घेरा और वो सूर्ख हरे रंग का था, सच में वो बेहद खूबसूरत था|",0015,Hin,f
30,"अब कौवे ने सोचा कि हंस तो तोते को सबसे सुंदर बता रहा है, तो फिर उसे देखना होगा|",0015,Hin,f
31,"कौवा तोते के पास गया और पूछा, भाई तुम दो-दो रंग पाकर बड़े खुश होगे?",0015,Hin,f
32,"इस पर तोते ने कहा, हां मैं तब तक खुश था जब तक मैंने मोर को नहीं देखा था|",0015,Hin,f
33,मेरे पास तो दो ही रंग हैं लेकिन मोर के शरीर पर तो कई तरह के रंग हैं|,0015,Hin,f
34,"अब कौवे ने सोचा सबसे ज्यादा खुश कौन है, यह तो मैं पता करके ही रहूंगा|",0015,Hin,f
35,इसलिए अब मोर से मिलना ही पड़ेगा|,0015,Hin,f
36,"कौए ने मोर को जंगल में ढूंढा लेकिन उसे पूरे जंगल में एक भी मोर नहीं मिला और मोर को ढूंढते-ढूंढते वह चिड़ियाघर में पहुंच गया, तो देखा मोर को देखने बहुत से लोग आए हुए हैं और उसके आसपास अच्छी खासी भीड़ है|",0015,Hin,f
37,"सब लोगों के जाने के बाद कौवे ने मोर से पूछा, भाई तुम दुनिया के सबसे सुंदर जीव हो और रंगबिरंगे हो, तुम्हारे साथ लोग फोटो खिंचवा रहे थे|",0015,Hin,f
38,तुम्हें तो बहुत अच्छा लगता होगा और तुम तो दुनिया के सबसे खुश जीव होगे?,0015,Hin,f
39,"इस पर मोर ने दुखी होते हुए कहा, भाई अगर सुंदर हूं तो भी क्या फर्क पड़ता है!",0015,Hin,f
40,"मुझे लोग इस चिड़ियाघर में कैद करके रखते हैं,",0015,Hin,f
41,लेकिन तुम्हें तो कोई चिड़ियाघर में कैद करके नहीं रखता और तुम जहां चाहो अपनी मर्जी से घूम-फिर सकते हो|,0015,Hin,f
42,"इसलिए दुनिया के सबसे संतुष्ट और खुश जीव तो तुम्हें होना चाहिए, क्योंकि तुम आज़ाद रहते हो|",0015,Hin,f
43,"कौवा हैरान रह गया, क्‍योंकि उसके जीवन की अहमियत कोई दूसरा बता गया|",0015,Hin,f
44,"दोस्तों, ऐसा ही हम लोग भी करते हैं|",0015,Hin,f
45,"हम अपनी खुशियों और गुणों की तुलना दूसरों से करते हैं, ऐसे लोगों से जिनका रहन-सहन का माहौल हमसे बिलकुल अलग होता है|",0015,Hin,f
46,"हमारी जिंदगी में बहुत सारी ऐसी चीज़ें होती हैं, जो केवल हमारे पास हैं, लेकिन हम उसकी अहमियत समझकर खुश नहीं होते|",0015,Hin,f
47,"लेकिन दूसरों की छोटी ख़ुशी भी हमें बड़ी लगती है, जबकि हम अपनी बड़ी खुशियों को इग्नोर कर देते हैं|",0015,Hin,f
1,अपने जीवन का लक्ष्य निर्धारित करो | और सभी दूसरे विचार  को  अपने दिमाग से निकाल दो यही सफलता की पूंजी है |,0016,Hin,m
2,सफलता पाने के लिए हमें पहले विश्वास करना होगा की हम कर सकते हैं,0016,Hin,m
3,वे न्यूजीलैंड के खिलाफ पांच वनडे की सीरीज में शुरुआती तीन मैच में ही खेले।,0016,Hin,m
4,जो यहां के लोगों में काफी प्रसिद्ध है।,0016,Hin,m
5,कलेक्टर ने रिपोर्ट संसदीय कार्य विभाग के प्रमुख सचिव को भेजी है।,0016,Hin,m
6,"युद्ध में मारे गए जितने भी वीर हैं, उन्हें आज रात तुम सभी देख पाओगे।",0016,Hin,m
7,मुंडमाला इस बात का प्रतीक है कि शिव ने मृत्यु को वश में किया हुआ है।,0016,Hin,m
8,"वहीं, उत्तराखंड के रुड़की और हरिद्वार में बत्तीस  लोगों की मौत हुई है।",0016,Hin,m
9,"अपने लिए स्‍वर्ग में धन जमा करो, जहां चोर आदि का कोई भय नहीं है।",0016,Hin,m
10,"किसी पुराने काम को बार-बार करने में आपको रुचि नहीं होगी, लेकिन लंबी सफलता के लिए यह आवश्यक कदम होगा।",0016,Hin,m
11,शाम-रात तक प्रदेश के ज्यादातर हिस्सों में मौसम खुल जाएगा।,0016,Hin,m
12,पुराने बिगड़े रिश्ते सुधारने का समय है।,0016,Hin,m
13,धुर्वे अपने पिता की जाति ही ग्रहण करती हैं इसलिए वे भी उक्त जाति की हैं जिसके उनके पिता हैं।,0016,Hin,m
14,भाजपा के निशिकांत दुबे ने कहा कि कांग्रेस को झूठ बोलने की आदत हो गई है।,0016,Hin,m
15,इस पर जब शिव सती को कथा सुना रहे थे तब बीच में ही माता की नींद लग गई इस कारण वो पूरी कथा नहीं सुन पाईं।,0016,Hin,m
16,नजदीकी रेलवे स्टेशन से कैंसल होगा विंडो टिकट,0016,Hin,m
17,जैसे-जैसे तापमान बढ़ेगा वैसे इनकी तादाद में बढ़ोतरी होगी।,0016,Hin,m
18,फर्जी जाति प्रमाण-पत्र बनवाने के मामले में फंसीं बैतूल से भाजपा सांसद ज्योति धुर्वे का प्रमाण-पत्र बैतूल कलेक्टर तरुण पिथोड़े ने निरस्त कर दिया है।,0016,Hin,m
19,तीनों वर्षों के बाद कंपनी वित्तीय वर्ष  दो  हज़ार अठारह  -उन्नीस  में एक बार फिर थोड़ा बहुत ही क्यों ना हो लेकिन प्रॉफिट में आ गई है।,0016,Hin,m
20,राज्यसभा में विपक्ष के हंगामे के चलते नागरिकता संशोधन विधेयक मंगलवार को भी पेश नहीं हो पाया।,0016,Hin,m
21,जब वे लौटे तो मौत का आंकड़ा बढ़ गया।,0016,Hin,m
22,नए कार्य को सावधानी पूर्वक शुरू करें।,0016,Hin,m
23,"ये बात महाभारत के समय की है, पांडवों और कौरवों को गुरु द्रोणाचर्य शिक्षा दे रहे थे|",0016,Hin,m
24,एक बार उनके मन में अपने शिष्यों की परीक्षा लेने का विचार आया|,0016,Hin,m
25,"उन्होंने अपने शिष्य दुर्योधन को अपने कक्ष में बुलाया और उससे कहा : वत्स एक काम करो, किसी अच्छे आदमी की खोज करो और उसे मेरे पास लेकर आओ|",0016,Hin,m
26,"दुर्योधन ने कहा: ठीक है आचार्य, मैं अभी ही आश्रम से निकल जाता हूं और अच्छे आदमी की खोज शुरु करता हूं|",0016,Hin,m
27,दुर्योधन कुछ दिनों बाद वापस आश्रम लौटकर आया और आचार्य को बताया: आचार्य मैंने पूरे ध्यान से हर जगह जाकर दूर-दूर तक खोजा लेकिन मुझे एक भी अच्छा आदमी नहीं मिला जिसे मैं आपके पास ला सकता|,0016,Hin,m
28,इस पर आचार्य ने कहा: ठीक है तुम युधिष्ठिर को मेरे पास भेज दो|,0016,Hin,m
29,"युधिष्ठिर जब आचार्य के पास आया तो उन्होंने उसे कहा: वत्स एक काम करो, किसी बुरे आदमी की खोज करो और उसे मेरे पास लेकर आओ|",0016,Hin,m
30,युधिष्ठिर ने हामी भरी और अब वो खोज के लिए निकल पड़ा|,0016,Hin,m
31,कुछ दिनों के बाद युधिष्ठिर भी बिना किसी को अपने साथ लाए आश्रम लौट आया|,0016,Hin,m
32,आचार्य ने उससे पूछा: वत्स तुमने कई शहरों का इतने दिनों तक भ्रमण किया और फिर भी तुम एक भी बुरे आदमी को लेकर नहीं आ पाए|,0016,Hin,m
33,"युधिष्ठिर ने जवाब दिया: जी गुरुजी, मुझे किसी भी आदमी में इतनी ज़्यादा बुराई नहीं दिखी कि उसे सबसे बुरा मानकर आपके पास ला पाता|",0016,Hin,m
34,इस पर बाकी सारे शिष्य बड़े हैरान हुए और आचार्य से बोले: गुरुजी ऐसा कैसे संभव हो सकता है कि दुर्योधन को एक भी अच्छा आदमी नहीं मिला और युधिष्ठिर को एक भी बुरा आदमी नहीं मिला!,0016,Hin,m
35,तब गुरुजी ने समझाया: शिष्यों जब हम किसी के बारे में देखते है तो उसे उस नजर में देखते है जैसे हम खुद होते है|,0016,Hin,m
36,फिर हम उस नज़रिये से ही किसी को परखते हैं कि कोई व्यक्ति अच्छा है या बुरा|,0016,Hin,m
37,युधिष्ठिर को कोई भी बुरा व्यक्ति नजर नहीं आया क्योंकि वो स्वयं अच्छा है तो उसे बाकी सब भी अच्छे लगे  और कोई बुरा नहीं लगा|,0016,Hin,m
38,शिष्यों केवल अपने-अपने नजरियें का फर्क है|,0016,Hin,m
39,तुम जिस व्यक्ति में जो देखना चाहते हो तुम्हें वही दिखेगा|,0016,Hin,m
40,"दोस्तों आम जिन्दगी में भी हम यही करते है, किसी के बारे में पहले से, अपनी सीमित सोच से कोई राय बना लेते हैं फिर उसे अच्छे या बुरे का तमगा दे देते हैं |",0016,Hin,m
41,"किसी का अच्छा या बुरा होना केवल उसके स्वभाव पर ही पूरी तरह निर्भर नहीं करता है, हमारी सोच और नजरिये पर भी निर्भर करता है|",0016,Hin,m
42,किसी को परखने में हमारे खुद के नजरिये का भी बहुत महत्व होता है|,0016,Hin,m
1,अपने जीवन का लक्ष्य निर्धारित करो | और सभी दूसरे विचार  को  अपने दिमाग से निकाल दो यही सफलता की पूंजी है |,0017,Hin,f
2,सफलता पाने के लिए हमें पहले विश्वास करना होगा की हम कर सकते हैं,0017,Hin,f
3,रोज दिन में थोड़ा समय भगवान के तप और ध्यान आदि को देने से मनुष्य की सारी परेशानियां अपनेआप खत्म होने लगती हैं और उसे स्वर्ग की प्राप्ति होती है।,0017,Hin,f
4,भगवान शिव का रूप-स्वरूप रहस्यमय माना जाता है।,0017,Hin,f
5,लोक कथाओं के अनुसार महाभारत युद्ध खत्म होने के बाद छत्तीस  साल बाद तक यादव कुल मद में आ गए।,0017,Hin,f
6,राज्य मानवाधिकार आयोग ने आंदोलन पर चिंता जताते हुए कहा कि आमजन में भय का माहौल है।,0017,Hin,f
7,वैसे आयोजन शासन का है इसमें अधिकारियों ने अपने नंबर बढ़ाने के लिए नाम हटाए।,0017,Hin,f
8,कोई भी इंसान एक साथ दो स्‍वामियों की सेवा नहीं कर सकता।,0017,Hin,f
9,इस फिल्म में परिणीति चोपड़ा भी एक अहम भूमिका में नजर आएंगी।,0017,Hin,f
10,हमें तेल और गैस दोनों के लिए पारदर्शी और लचीले बाजारों की ओर बढ़ने की जरूरत है।,0017,Hin,f
11,"यही नहीं, आईसीसी ने धोनी को लेकर एक के बाद एक चौदह  ट्वीट किए।",0017,Hin,f
12,सिंह ने बताया कि कुशीनगर में शराब कांड के मुख्‍य आरोपी रजिंदर जायसवाल को अरेस्‍ट कर लिया गया है।,0017,Hin,f
13,यहां मुनियों के वेश में अपने परिजनों को देखकर उन्हें बहुत शोक हुआ।,0017,Hin,f
14,अक्षय कुमार की बहुचर्चित फिल्म केसरी की एक छोटी सी झलक आज मंगलवार को दोपहर में जारी कर दी गई ।,0017,Hin,f
15,महाभारत के अश्वमेधिक पर्व में युधिष्ठिर ने भगवान कृष्ण से धर्म और कर्म को लेकर कुछ बातें पूछी हैं।,0017,Hin,f
16,इस्पात मंत्रालय ने यूनियनों की उस मांग को ठुकरा दिया है जिसमें लाभ और हानि होने की स्थिति में कंपनी की ओर से दिया जाने वाला अंशदान कम नही किया जाएगा।,0017,Hin,f
17,रात होने पर महर्षि वेदव्यास ने गंगा नदी में प्रवेश किया और पांडव व कौरव पक्ष के सभी मृत योद्धाओं का आवाहन किया।,0017,Hin,f
18,आज के लिए आज का ही दुख काफी है।,0017,Hin,f
19,इसमें  तीस  प्रतिशत सवाल बहु विकल्पीय होंगेे।,0017,Hin,f
20,भगवान कृष्ण ने एक श्लोक के अनुसार बताया है।,0017,Hin,f
21,"उन्होंने कहा, ‘मुझे खुशी है कि हम अंत तक लड़े।",0017,Hin,f
22,यह प्रावधान राज्य में लागू अन्य किसी अधिनियम द्वारा विभिन्न आरक्षित कोटि के लिए तय आरक्षण के अतिरिक्त होगी।,0017,Hin,f
23,एक गांव में एक बहुत समझदार और संस्कारी औरत रहती थी|,0017,Hin,f
24,एक बार वह अपने बेटे के साथ सुबह-सुबह कहीं जा रही थी तभी एक पागल औरत उन दोनों मां-बेटे के रास्ते में आ गई और उस लड़के की मां को बहुत बुरा-भला कहने लगी|,0017,Hin,f
25,इस पागल औरत ने लड़के की मां को बहुत सारे अपशब्द कहे लेकिन फिर भी उस औरत की बातों का मां पर कोई असर नहीं हुआ और वह मुस्कुराते हुए आगे बढ़ गई|,0017,Hin,f
26,"जब उस पागल औरत ने देखा कि इस औरत पर तो उसकी बातों का कोई असर ही नहीं हो रहा है, तो वह और भी गुस्सा हो गई और उसने सोचा कि मैं और ज्यादा बुरा बोलती हूं|",0017,Hin,f
27,"अब वो पागल औरत उस लड़के की मां, उसके पति और परिवार के लिए भला-बुरा कहने लगी|",0017,Hin,f
28,लड़के की मां फिर भी बिना कुछ बोले आगे बढ़ते रही|,0017,Hin,f
29,काफी देर भला-बुरा कहने के बाद भी जब सामने से कोई प्रतिक्रिया नहीं आई तो पागल औरत थककर लड़के की मां के रास्ते से हट गई और दूसरे रास्ते पर चली गई|,0017,Hin,f
30,"उस औरत के जाते ही बेटे ने अपनी मां से पूछा कि मां उस औरत ने आपको इतना बुरा-भला कहा, पिताजी और घर के अन्य लोगों तक के लिए बुरी बातें कही, आपने उस दुष्ट की बातों का कोई जवाब क्यों नहीं दिया?",0017,Hin,f
31,"वो औरत कुछ भी जो मन में आया बोलती रही और आप मुस्कुराती रही, क्या आपको उसकी बातों से जरा भी कष्ट नहीं हुआ?",0017,Hin,f
32,उस समय मां ने बेटे को कोई जवाब नहीं दिया और चुपचाप घर चलने को कहा|,0017,Hin,f
33,"जब दोनों अपने घर के अंदर पहुच गए तब मां ने कहा कि तुम यहा बैठो, मैं आती हूं|",0017,Hin,f
34,"कुछ देर बाद मां अपने कमरे से कुछ मैले कपड़े लाई और बेटे को बोली कि यह लो, तुम अपने कपड़े उतारकर ये कपड़े पहन लो|",0017,Hin,f
35,इस पर बेटे ने कहा कि ये कपड़े तो बहुत ही गंदे हो रहे हैं और इनमें से तो तेज दुर्गंध आ रही है|,0017,Hin,f
36,बेटे ने उन मैले कपड़ों को हाथ में लेते ही उन्हें दूर फेंक दिया|,0017,Hin,f
37,"अब मां ने बेटे को समझाया कि जब कोई तुमसे बिना मतलब उलझता है और भला-बुरा कहता है, तब उसके मैले शब्दों का असर क्या तुम्हें अपने साफ-सुथरे मन पर होने देना चाहिए?",0017,Hin,f
38,ऐसे समय में गुस्सा होकर अपना साफ-सुथरा मन क्यों खराब करना?,0017,Hin,f
39,किसी के फेंके हुए मैले अपशब्द हमें अपने मन में धारण करके अपना मन नहीं खराब करना चाहिए और न ही ऐसी किसी बात पर प्रतिक्रिया देकर अपना समय ही नष्ट करना चाहिए|,0017,Hin,f
40,"जिस तरह तुम अपने साफ-सुथरे कपड़ों की जगह ये मैले कपड़े धारण नहीं कर सकते, उसी तरह मैं भी उस औरत के फेंके हुए मैले शब्दों को अपने साफ मन में कैसे धारण करती?",0017,Hin,f
41,यही वजह थी कि मुझे उसकी बातों से कोई फर्क नहीं पड़ा|,0017,Hin,f
1,अपने जीवन का लक्ष्य निर्धारित करो | और सभी दूसरे विचार  को  अपने दिमाग से निकाल दो यही सफलता की पूंजी है |,0018,Hin,m
2,सफलता पाने के लिए हमें पहले विश्वास करना होगा की हम कर सकते हैं,0018,Hin,m
3,"इसके बाद चेयरमैन डॉ. अरविंद प्रसाद सिंह के निर्देश पर तत्काल वाट्सएप पर सभी केंद्राधीक्षक, डीईओ, आरडीडीई व एग्जाम ड्यूटी में लगे लोगों को मैसेज भेजा गया।",0018,Hin,m
4,इसके साथ ही प्रदेश में छब्बीस  हजार शिक्षकों की भर्ती का रास्ता साफ हो गया है।,0018,Hin,m
5,युधिष्ठिर धृतराष्ट्र और गांधारी की बहुत सेवा करते थे।,0018,Hin,m
6,ऐसे मनुष्य के जाने-अनजाने में किए गए पाप माफ हो जाते हैं।,0018,Hin,m
7,"रांची में इलाज उपलब्ध, दवा का पर्याप्त स्टॉक",0018,Hin,m
8,विराट ने ऑस्ट्रेलिया के खिलाफ चार टेस्ट की सीरीज में  दो  सौ इकतीस  और तीन वनडे की सीरीज में एक  सौ   चौंतीस रन बनाए।,0018,Hin,m
9,ये मुंड उन्हीं जन्मों का प्रतीक हैं।,0018,Hin,m
10,कांग्रेस के सदस्य केसी वेणुगोपाल ने कहा कि छप्पन  महीनों में सिर्फ सपने दिखाए गए।,0018,Hin,m
11,रद्द गाड़ियों में पहले से टिकट बुक करा चुके यात्रियों को रेलवे की तरफ से पूरा अमाउंट रिफंड किया जाएगा।,0018,Hin,m
12,अधिकारियों का कहना है कि बैंकों का खुद का लक्ष्य होना चाहिए कि वो जल्द से जल्द पीसीए से बाहर आ जाएं।,0018,Hin,m
13,बल्कि उन्हें कहीं भी किसी भी समय पूरी जानकारी एक ही जगह मिलेगी।,0018,Hin,m
14,वहीं ओएमआर शीट पर क्रम संख्या एक से सौ   तक लगातार (कंटिन्यू) था।,0018,Hin,m
15,मौसम विभाग के अनुसार सोमवार को आंशिक बादलों की ही संभावना है।,0018,Hin,m
16,जो सामान्य से चार डिग्री कम रहा।,0018,Hin,m
17,जब पृथ्वी पर गर्मियों में सबसे ज्यादा सूरज की किरणें आती हैं तो मानसून की स्थिति बनती है और यह पानीदार जगह में तब्दील हो जाता है।,0018,Hin,m
18,वहीं सामने यह भी आया है कि इन लोगों ने ब्रांडेड कंपनियों के नाम से हजारों लीटर नकली घी बाजार में खपा दिया गया।,0018,Hin,m
19,नतीजतन वे सिर्फ दाईं ओर ही तैर रही हैं।,0018,Hin,m
20,लोकसभा में वित्त विधेयक-दो  हज़ार उन्नीस   पर चर्चा के दौरान वित्त मंत्री पीयूष गोयल ने कहा कि नौ   तक की आय वाले लोग बचत योजनाओं के जरिए टैक्स में छूट हासिल कर सकते हैं।,0018,Hin,m
21,इसलिए अब वानप्रस्थ आश्रम (वन में रहना) ही उचित है।,0018,Hin,m
22,"शोधकर्ताओं के मुताबिक, समुद्र का तापमान बढ़ने से शार्क के तैरने की दिशा पर फर्क पड़ रहा है।",0018,Hin,m
23,"सोनम के पापा जबसे इस शहर में आए हैं, वे और उनका परिवार पानी की किल्लत से परेशान हैं|",0018,Hin,m
24,सबसे अधिक परेशानी तो सोनम के भाई प्रतीक को है|,0018,Hin,m
25,कहां तो प्रतीक दिन में दो-तीन बार नहाता था और घंटों शॉवर के नीचे बैठा गुनगुनाता रहता था|,0018,Hin,m
26,"लेकिन अब तो जैसे एक बाल्टी पानी भी मुश्किल से मिलता है, उस पर भी मम्मी की सौ-सौ हिदायतें|",0018,Hin,m
27,"वह कहता, 'पापा, आप हमें कहां ले आए? हमें तो वापस ले चलिए|",0018,Hin,m
28,पापा मुस्कुराकर रह जाते|,0018,Hin,m
29,"वे लोग जिस मकान में रहते थे, वहीं पड़ोस में रहने वाले भाई-बहन गौरव और अल्पना से सोनम और प्रतीक की दोस्ती हो गई थी|",0018,Hin,m
30,रविवार के दिन सोनम और प्रतीक उनके घर गए|,0018,Hin,m
31,"उन्होंने देखा, गौरव के पापा दाढ़ी बना रहे थे|",0018,Hin,m
32,अचानक प्रतीक का ध्यान वॉश बेसिन के नल पर गया|  वह बंद था|,0018,Hin,m
33,"'अंकल, आपके यहां पानी नहीं आ रहा?' प्रतीक ने पूछा|",0018,Hin,m
34,'आ रहा है बेटा| ' कहते हुए उन्होंने वॉश बेसिन का नल खोलकर दिखाया|,0018,Hin,m
35,"फिर बोले, 'पर तुम क्यों पूछ रहे हो?'",0018,Hin,m
36,"'कुछ नहीं अंकल, ऐसे ही| ' प्रतीक बोला|",0018,Hin,m
37,लेकिन सोनम समझ गई|  पर कैसे कहे कि उसके पापा तो शेविंग करते समय वॉश बेसिन का नल खुला ही रखते हैं|,0018,Hin,m
38,गौरव-अल्पना के घर तो उन्हें और भी अनेक बातें पता चलीं|,0018,Hin,m
39,गौरव के पापा ने अपनी कार के अधिकांश हिस्सों को गीले कपड़े से पोंछा|,0018,Hin,m
40,"कार एकदम साफ हो गई| गौरव ने कहा, 'प्रतीक मैं नहाकर आता हूं|",0018,Hin,m
41,' और वह झटपट नहाकर आ गया|,0018,Hin,m
42,"प्रतीक चकित था| बोला, 'नहा आए?''और नहीं तो क्या|",0018,Hin,m
43,एक बाल्टी पानी से खूब मजे से नहा लिया|,0018,Hin,m
1,अपने जीवन का लक्ष्य निर्धारित करो | और सभी दूसरे विचार  को  अपने दिमाग से निकाल दो यही सफलता की पूंजी है |,0019,Hin,m
2,सफलता पाने के लिए हमें पहले विश्वास करना होगा की हम कर सकते हैं,0019,Hin,m
3,तीनों में वनस्पति घी की मिलावट बहुत अधिक मात्रा में है।,0019,Hin,m
4,सरकार बताए कि वर्तमान में आंदोलन में शामिल लोगों पर कितने केस दर्ज हैं।,0019,Hin,m
5,ऑनलाइन बुक टिकट खुद हो जाएंगे कैंसल,0019,Hin,m
6,"इसलिए, स्वर्ग की इच्छा रखने वालों को अपने मन को वश में रखना बहुत ही जरूरी है।",0019,Hin,m
7,इसकी मदद से यह पता किया गया है कि धूल-मिट्टी ने कितनी तेजी से पर्तों का निर्माण किया है।,0019,Hin,m
8,आज भी मौजूद है यहां भगवान कृष्ण के चरणों के निशान.,0019,Hin,m
9,कई ग्रथों में दान करने के महत्व के बारे में बताया गया है।,0019,Hin,m
10,बुधवार को आंशिक बादल छा सकते हैं।,0019,Hin,m
11,"इसीलिए कोई  प्रभु और धन, दोनों की सेवा एक साथ नहीं कर सकता।",0019,Hin,m
12,जनजातीय कार्य विभाग ने खुलासा किया है कि धुर्वे की मां गोंड जनजाति और पिता महादेव बिसेन/पंवार जाति के हैं।,0019,Hin,m
13,उन्होंने बताया कि ये मार्शल आरपीएफ के साथ मिलकर सुरक्षा संबंधी काम भी करेंगे।,0019,Hin,m
14,जानिए इससे जुड़ी खास बातें,0019,Hin,m
15,"इस बार नर्मदा जयंती बारह  फरवरी, मंगलवार को है।",0019,Hin,m
16,इस बीच रविवार को दिन का अधिकतम तापमान अठारह  डिग्री दर्ज किया गया।,0019,Hin,m
17,शैक्षणिक संस्थानों में भी यह प्रावधान लागू होगा।,0019,Hin,m
18,अन्य देशों से आने वाले अल्पसंख्यकों को नागरिकता में आसानी होगी,0019,Hin,m
19,"मौजूदा कानून के अनुसार, इन लोगों को बारह  साल बाद भारत की नागरिकता मिल सकती है, लेकिन बिल पास हो जाने के बाद यह समयावधि छह साल हो जाएगी।",0019,Hin,m
20,ऐसे में रिकवरी का भी प्रावधान है।,0019,Hin,m
21,दस  से अधिक ट्रेनों के मार्ग बदलने पड़े।,0019,Hin,m
22,नेहरू भी थे गैर मुस्लिमों को शरण देने के पक्ष में: राजनाथ,0019,Hin,m
23,"' गौरव ने मुस्कुराते हुए कहा| 'वाह, क्या बात है|",0019,Hin,m
24,"' प्रतीक बुदबुदाया| इधर सोनम ने भी देखा, अल्पना की मम्मी को|",0019,Hin,m
25,"वे दाल-चावल, सब्जियों को अच्छी तरह से धोकर उसे घर के पेड़-पौधों व लॉन में डाल रही थीं|",0019,Hin,m
26,"'हमारे यहां तो ऐसा पानी नाली में बहा दिया जाता है', सोनम ने प्रतीक से कहा|",0019,Hin,m
27,कुछ देर बाद दोनों भाई-बहन अपने घर लौट आए|,0019,Hin,m
28,"प्रतीक बोला, 'सोनम, आज तो गौरव के घर जाना फायदेमंद साबित हुआ|",0019,Hin,m
29,"'बिलकुल ठीक कहते हो, प्रतीक|",0019,Hin,m
30,"सोनम बोली, 'मैं भी यही सोच रही हूं|",0019,Hin,m
31,सचमुच पानी की बेहद कमी है|,0019,Hin,m
32,लेकिन फिर भी अल्पना के घर की पानी संबंधी व्यवस्था सुचारु रूप से चल रही है|,0019,Hin,m
33,"'हां, हम अखबारों व पत्रिकाओं में पानी की कमी और पानी की बचत के बारे में भी खूब पढ़ते तो रहे हैं लेकिन हमने तो कभी भी इस समस्या पर ध्यान ही नहीं दिया|",0019,Hin,m
34,' प्रतीक को अफसोस हुआ|,0019,Hin,m
35,'वाकई हमें अब सावधान हो जाना चाहिए|,0019,Hin,m
36,केवल जरूरत जितना ही पानी इस्तेमाल करने की आदत हमें रोजमर्रा के जीवन में डालनी चाहिए जिससे कि पानी का उचित उपयोग हो|,0019,Hin,m
37,व्यर्थ की बरबादी नहीं|,0019,Hin,m
38,' सोनम ने समझदारी की बात कही|,0019,Hin,m
39,"'हां, तुम ठीक कहती हो|  पानी का विकल्प पानी ही है|",0019,Hin,m
1,अपने जीवन का लक्ष्य निर्धारित करो | और सभी दूसरे विचार  को  अपने दिमाग से निकाल दो यही सफलता की पूंजी है |,0020,Hin,m
2,सफलता पाने के लिए हमें पहले विश्वास करना होगा की हम कर सकते हैं,0020,Hin,m
3,इसके अलावा ट्रैक मेंटेनेंस की वजह से भी ट्रेनें प्रभावित हैं।,0020,Hin,m
4,"पराई स्‍त्री पर बुरी नजर डालना भी उतना ही गलत है, जितना कि किसी से साथ शारीरिक तौर पर व्‍यभिचार करना।",0020,Hin,m
5,यह भी क्रमवार नहीं होने से स्टूडेंट्स और शिक्षक दोनों की मुश्किलें बढ़ गई थीं।,0020,Hin,m
6,बदमाशों ने नगदी लूटने के बाद कर्मचारियों के मोबाइल भी छीने और जंगल के रास्ते फरार हो गए।,0020,Hin,m
7,यह बिल जनवरी में लोकसभा से पारित हो गया था।,0020,Hin,m
8,इसके साथ ही उत्तरी छत्तीसगढ़ में डेढ़ किलोमीटर की ऊंचाई पर ऊपरी हवा में चक्रवात भी बना है।,0020,Hin,m
9,काफी समझाने पर सती नहीं मानी तो शिव ने उन्हें बताया कि इस मुंड माला में सभी सिर आपके ही हैं।,0020,Hin,m
10,अब सीए की तैयारी कर रहे छात्र-छात्राओं को आने वाले एक्जाम में मल्टीपल च्वॉइस क्वेश्चन (एमसीक्यू) के आंसर देने होंगे।,0020,Hin,m
11,समिति की सिफारिशों पर इसमें सुधार कर लोकसभा में पेश किया गया।,0020,Hin,m
12,इनकम टैक्स डिपार्टमेंट ने सोमवार को हवाला कारोबार के बड़े गिरोह का भंडाफोड़ करने का दावा किया।,0020,Hin,m
13,"स्कंद पुराण के अनुसार, नर्मदा प्रलय काल में भी स्थायी रहती है एवं मत्स्य पुराण के अनुसार नर्मदा के दर्शन मात्र से पवित्रता आती है।",0020,Hin,m
14,"क्योंकि, उनका एनपीए स्तर छह प्रतिशत  के दायरे में आ जाएगा।",0020,Hin,m
15,विंडो से कराए गए रिजर्वेशन टिकट से संबंधित ट्रेन कैंसल हो गई है तो यात्रा के दिन सहित तीन दिन के भीतर टिकट कैंसल कराया जा सकता है।,0020,Hin,m
16,"गुर्जर आरक्षण आंदोलन संघर्ष समिति के प्रदेश उपाध्यक्ष भूरा भगत ने कहा, ‘‘सरकार का प्रतिनिधिमंडल सकारात्मक जवाब देने की बात कह कर गया था, लेकिन अब तक कोई संदेश नहीं आया।",0020,Hin,m
17,दो  सौ बाईस  से ऊपर का लक्ष्य हमेशा मुश्किल होता है।,0020,Hin,m
18,इस मंदिर में श्रद्धालु गंगा पुत्र की पूजा के साथ ही उनकी परिक्र परिक्रमा के लिए भी यहां घंटों लाइन में लगे रहते हैं।,0020,Hin,m
19,चंद्र द्वारा तपस्या करने के कारण सोमेश्वर तीर्थ आदि छप्पन  तीर्थ भी नर्मदा के विभिन्न घाटों पर स्थित हैं।,0020,Hin,m
20,"पूछने पर कहा कि फैक्ट्री बंद है, यहां काम नहीं होता।",0020,Hin,m
21,मेला मंगलवार को भी जारी रहेगा।,0020,Hin,m
22,अंशदान को लेकर यूनियनों की मांग को प्रबंधन ने ठुकराया,0020,Hin,m
23,' प्रतीक ने भी अपनी सहमति दी|,0020,Hin,m
24,दोनों ने अपने मम्मी-पापा से भी बात की|,0020,Hin,m
25,मम्मी-पापा बच्चों के मुंह से ऐसी बातें सुनकर हैरान थे और खुश भी|,0020,Hin,m
26,"'बच्चो, सबसे पहले हम पानी बेकार नहीं करने का संकल्प लेंगे|",0020,Hin,m
27,"' पापा ने सोनम और प्रतीक को समझाया, 'ब्रश करते वक्त नल खुला नहीं छोड़ेंगे, पानी पूरा गिलास पीएंगे व जूठा पानी नहीं छोड़ेंगे|",0020,Hin,m
28,"नहाते वक्त किफायत बरतेंगे, शॉवर इस्तेमाल नहीं करेंगे, बल्कि बाल्टी से नहाएंगे और फ्लश में कम से कम साफ पानी डालेंगे|",0020,Hin,m
29,और फिर उसी दिन से ही पानी की बचत होने लगी|,0020,Hin,m
30,साथ ही घरेलू कामकाज भी सुचारु रूप से चलने लगे|,0020,Hin,m
31,मम्मी-पापा से शुरुआत की गई|,0020,Hin,m
32,"आदर सहित उन्हें पानी बरबाद न हो, इसके कई टिप्स बताए गए, जैसे शेविंग के वक्त मग में पानी, कपड़े धोकर गंदे पानी से नाली की सफाई, कम पानी में सब्जी धोना आदि|",0020,Hin,m
33,"पानी की मोटर के लगातार चलते रहने से जो पानी टंकियों से बहता रहता था, अब बिलकुल बंद हो गया, क्योंकि बच्चे टंकी भरते ही मोटर बंद कर देते थे|",0020,Hin,m
34,धीरे-धीरे बच्चों को इस काम में मजा आने लगा|,0020,Hin,m
35,"अब तो कहीं भी पानी बरबाद होता दिखता, तो वे दल-बल सहित पहुंच जाते|",0020,Hin,m
36,"जिन घरों में रोज धुलाई होती थी, वहां अब पोंछा लगने लगा|",0020,Hin,m
37,बदलाव धीरे-धीरे आ रहा था|,0020,Hin,m
38,फिर एक दिन मम्मी ने सोनम और प्रतीक के साथ-साथ उनके अन्य मित्रों को संग में लेकर प्यासे पक्षियों हेतु छोटे-छोटे मटके कॉलोनी के पेड़ों पर बांधे|,0020,Hin,m
39,प्यासी चिड़ियों को पानी पीते देखकर खासतौर पर छोटे-छोटे बच्चों को बहुत सुकून मिला|,0020,Hin,m
40,हर एक बच्चे की जिम्मेदारी में तीन -तीन मटके थे|,0020,Hin,m
41,वे उन्हें खाली होने से पहले ही भर दिया करते थे|,0020,Hin,m
1,अपने जीवन का लक्ष्य निर्धारित करो | और सभी दूसरे विचार  को  अपने दिमाग से निकाल दो यही सफलता की पूंजी है |,0021,Hin,m
2,सफलता पाने के लिए हमें पहले विश्वास करना होगा की हम कर सकते हैं,0021,Hin,m
3,सूत्रों की मानें तो निर्माताओं ने विकास को एक अलग पैकेज ऑफर किया है।,0021,Hin,m
4,"रिसर्च के मुताबिक, समुद्र में बेहद कम मात्रा में रेडियोएक्टिव पदार्थ यूरेनियम के घुलने से एक नियत मात्रा में थोरियम का निर्माण होता रहा है, जो इन पर्तों में मौजूद है।",0021,Hin,m
5,"साथ ही, वह स्टेशन कम्प्यूटरीकृत प्रणाली से जुड़ा भी होना चाहिए।",0021,Hin,m
6,तभी सफलता मिल पाएगी।,0021,Hin,m
7,नए काम को शुरुआत करने के अवसर प्राप्त होंगे और निश्चित सफलता मिलेगी।,0021,Hin,m
8,"पन्द्रह  साल बाद कांग्रेस के कब्जे में जलमंच, सुरक्षाकर्मियों सहित सत्तर लोग ही जा सकेंगे",0021,Hin,m
9,कुशीनगर के दोषी अधिकारियों को सस्‍पेंड कर दिया गया है।,0021,Hin,m
10,यह बदलाव द इंस्टीट्यूट ऑफ चार्टर्ड अकाउंटेंट्स ऑफ इंडिया (आईसीएआई) की बोर्ड ऑफ स्टडीज ने सीए परीक्षाओं के लिए किया है।,0021,Hin,m
11,जनजातीय कार्य विभाग की रिपोर्ट में यह खुलासा हुआ है कि धुर्वे बिसेन/पवार हैं और यह मप्र में अनुसूचित जनजाति के रूप में अधिसूचित नहीं है।,0021,Hin,m
12,टीम ने इस घीया पत्थर को जब्त कर लिया है मौके पर मौजूद अरहर दाल में कसेरी दाल की आशंका होने पर पन्द्रह  सौ  किलोग्राम दाल जब्त की गई।,0021,Hin,m
13,धन संबंधित समस्या से छुटकारा मिल सकता है।,0021,Hin,m
14,गोड्डा के मेहरमा प्रखंड में फिरोजपुर गांव व बोकारो के गोमिया प्रखंड  में बाईस  व तेईस जनवरी को कुछ कौए और मुर्गे-मुर्गियां मरे मिले थे।,0021,Hin,m
15,यह तीर्थ स्थान रेल/ सड़क/ वायु मार्गों से जुड़ा हुआ है।,0021,Hin,m
16,"दिल्ली के आनंद विहार रेलवे स्टेशन समेत चार स्टेशनों पर पार्किंग, प्लेटफॉर्म टिकट, खानपान सेवाएं, विज्ञापन, साफ सफाई, प्रतीक्षालय, विश्रामगृह का प्रबंधन इसी माह से निजी कंपनियों को दिया जाएगा।",0021,Hin,m
17,ऐसा मनुष्य अपनी इच्छाओं को पूरा करने के लिए कोई भी गलत काम कर सकता है और उसे अपने पाप कर्मों की वजह से नर्क जाना पड़ता है।,0021,Hin,m
18,दोनों जोधपुर में ही तैनात है।,0021,Hin,m
19,इनमें एक तिहाई मिग-सत्ताईस  विमान हैं।,0021,Hin,m
20,महर्षि वेदव्यास ने धृतराष्ट्र व गांधारी को दिव्य नेत्र प्रदान किए।,0021,Hin,m
21,रूस में बने मिग-सत्ताईस  को वायुसेना में बहादुर के नाम से जाना जाता है।,0021,Hin,m
22,मनुष्य को कभी भी अपने दान का हिसाब-किताब नहीं करना चाहिए।,0021,Hin,m
23,बहुत पुरानी बात है। एक बार एक राज-दरबार में एक साहूकार आया जो किसी भी वस्तु को देखकर उसका सही-सही दाम बता देता था।,0021,Hin,m
24,राजा ने उसकी परीक्षा लेने की सोची।,0021,Hin,m
25,उसने राजकुमार को दरबार में बुलाया और साहूकार से पूछा- क्या तुम हमारे राजकुमार का दाम बता सकते हो।,0021,Hin,m
26,इससे साहूकार सोच में पड़ गया। इससे पहले उसने किसी आदमी का दाम नहीं लगाया था।,0021,Hin,m
27,"उसने राजकुमार को ध्यान से देखा और बोला- महाराज, दाम तो मैं एकदम सही बता दूंगा, लेकिन वचन दें कि आप क्रोधित नहीं होंगे।",0021,Hin,m
28,राजा बोले - आप निश्चित होकर बताएं।,0021,Hin,m
29,"साहूकार- महाराज, राजकुमार के माथे के लिखे की तो मैं कह नहीं सकता।",0021,Hin,m
30,और वैसे राजकुमार का दाम दो आना रोज से अधिक नहीं है।,0021,Hin,m
31,राजा बुद्धिमान था। वह साहूकार के कहने का आशय समझ गया कि यदि राजकुमार को वर्तमान में एक साधारण व्यक्ति की तरह काम पर या मजदूरी पर भेजा जाए तो वह दो आना रोज से ज्यादा नहीं कमा पाएगा।,0021,Hin,m
32,राजा ने साहूकार की योग्यता की खूब प्रशंसा की और उसे ढेर सारे पुरस्कार दिए।,0021,Hin,m
33,"सीख : हमें अपनी योग्यता, क्षमता और सामर्थ्य के अनुसार निरंतर पुरुषार्थ, कर्म करते रहना चाहिए।",0021,Hin,m
1,अपने जीवन का लक्ष्य निर्धारित करो | और सभी दूसरे विचार  को  अपने दिमाग से निकाल दो यही सफलता की पूंजी है |,0022,Hin,m
2,सफलता पाने के लिए हमें पहले विश्वास करना होगा की हम कर सकते हैं,0022,Hin,m
3,भारतीय टीम ने न्यूजीलैंड को शुरुआती तीनों वनडे में हराया था।,0022,Hin,m
4,संगकारा बेसिक्स से छेड़छाड़ किए बिना क्रिकेट के तीनों फॉर्मेट में विराट की सफलता से चकित हैं।,0022,Hin,m
5,ये कथा ये भी है,0022,Hin,m
6,इस तीर्थ स्थान से जुड़ी कुछ खास बातें,0022,Hin,m
7,लखनऊ एसटीएफ ने सोमवार रात नकली देशी घी बनाने वाली फैक्ट्री में छापेमारी कर तीन लोगों को गिरफ्तार किया है।,0022,Hin,m
8,"जहां से नॉनवेज खरीदें, वहां सफाई का ध्यान रखें",0022,Hin,m
9,जयपुर में  दो  सौ  और अजमेर में चौदह  रोडवेज बसों का संचालन नहीं हुआ।,0022,Hin,m
10,प्रतिस्पर्धा के लिए कर सुधार करने होंगे और मोदी सरकार वह कर रही है।,0022,Hin,m
11,इस दौरान नया नारा देते हुए अखिलेश यादव ने कहा कि हमारा काम बोलता है भाजपा का धोखा बोलता है।,0022,Hin,m
12,प्रदर्शनी के समापन अवसर पर एक परिचर्चा का आयोजन भी किया गया था।,0022,Hin,m
13,"टी-ट्वेंटी   सीरीज गंवाने से निराश, लेकिन काफी सकारात्मक चीजें रहीं : रोहित",0022,Hin,m
14,रेलवे स्टेशन और ट्रैक की भी सुरक्षा की जा रही है।,0022,Hin,m
15,स्टूडेंट्स अपने नाम की जगह दूसरे के नाम के कॉलम को भरने के बाद हस्ताक्षर कर रहे थे।,0022,Hin,m
16,आप कुछ नया करने के लिए हमेशा तैयार से रहेंगे।,0022,Hin,m
17,वहीं कल यानी कि मंगलवार को आंशिक बादल छा सकते हैं।,0022,Hin,m
18,आपके लिए अनुभव के आधार पर निर्णय लेना फायदेमंद साबित हो सकता है।,0022,Hin,m
19,अखिलेश कन्नौज से ही लोकसभा चुनाव लड़ने की तैयारी में हैं।,0022,Hin,m
20,गोविन्द नगर थाना क्षेत्र स्थित संगम फूड प्रोडक्ट के नाम से देशी घी और तिल के तेल का बनाने की फैक्ट्री बीते दो  हज़ार पन्द्रह  से संचालित थी।,0022,Hin,m
21,उन्होंने कहा कि संविधान के प्रावधानों के अनुरूप ही विधेयक को तैयार किया गया है।,0022,Hin,m
22,लंबे समय से इसकी मांग थी।,0022,Hin,m
23,"एक समय की बात है, एक व्यापारी की तीन बेटियां थीं|",0022,Hin,m
24,"एक दिन उसे किसी काम से दूर देश जाना था, जाने से पहले उसने अपनी बेटियों को",0022,Hin,m
25,अपने पास बुलाया और पूछा कि तुम तीनों के लिए परदेस से क्या लाऊं?,0022,Hin,m
26,"पहली बेटी ने सुंदर कपड़े मांगे, दूसरी ने गहने और तीसरी बेटी जिसका नाम ब्यूटी था, उसने कहा उसे लाल गुलाब का फूल चाहिए|",0022,Hin,m
27,व्यापारी उनके लिए तोहफा लाने का वादा करके घर से निकल पड़ा|,0022,Hin,m
28,व्यापारी अपना काम खत्म करके जब वापस घर की और लौट रहा था तब अचानक आंधी-तूफान आ गया और वह रास्ता भटक गया और एक महल के पास पहुंच गया|,0022,Hin,m
29,बाहर अंधेरा था और महल से रोशनी आ रही थी तो उसने सोचा कि आज रात वो इसी महल में रुक जाएगा|,0022,Hin,m
30,"व्यापारी महल के अंदर गया पर उसे वहां कोई नहीं दिखा, टेबल पर बहुत सारे स्वादिष्ट पकवान रखें देख कर उसकी भूख और भी बढ़ गई और उसने उन्हें खाना शुरू कर दिया|",0022,Hin,m
31,"पेट भर कर खाना खाया और मुलायम, गद्देदार बिस्तर पर सो गया|",0022,Hin,m
32,जब सुबह उठकर बाहर देखा तो सुंदर गुलाब का बगीचा दिखा|,0022,Hin,m
33,उसने बगीचे से अपनी बेटी के लिए फूल तोड़ लिया तब अचानक से वहां एक राक्षस प्रकट हुआ और बोला मैंने तुम्हें अपने महल में खाने और रात बिताने दी और तुम मेरे ही बगीचे से फूल तोड़ रहे हो|,0022,Hin,m
34,व्यापारी डर गया और उसने बताया कि मैंने यह फूल अपनी बेटी के लिए तोड़े हैं|,0022,Hin,m
35,राक्षस ने कहा वो उसे जाने देगा लेकिन शर्त यह है कि उसे अपनी बेटी को उसके पास भेजना होगा|,0022,Hin,m
36,व्यापारी ने डर कर हां कह दिया और अपने घर लौट कर अपनी तीनों बेटियों को बताया|,0022,Hin,m
37,"तब ब्यूटी ने कहा, आप घबराए नहीं, मैं आपका वादा निभाऊंगी|",0022,Hin,m
38,"ब्यूटी उस महल में चली गई, राक्षस का डरावना रूप देख कर पहले तो वो डर गई लेकिन राक्षस ने उसका स्वागत किया|",0022,Hin,m
39,सबसे सुंदर कमरा उसे रहने के लिए दिया और उसे अच्छे से रखने लगा|,0022,Hin,m
40,दोनों को एक-दूसरे का साथ अच्छा लगने लगा|,0022,Hin,m
41,"राक्षस को ब्यूटी से प्यार हो गया था और उससे शादी करना चाहता था, लेकिन ये बात उसे बताने में डर रहा था कि ब्यूटी उसके जैसे डरावने दिखने वाले राक्षस से क्यों शादी करेगी?",0022,Hin,m
42,ब्यूटी एक बार बाजार से लौटी तो राक्षस जमीन पर ऐसे पड़ा था मानो मर गया हो|,0022,Hin,m
43,ये देख कर वो रोने लगी और कहने लगी मैं तो तुमसे शादी करना चाहती थी|,0022,Hin,m
44,ये सुनकर राक्षस का रूप बदल गया और वो एक सुंदर राजकुमार बन गया|,0022,Hin,m
45,"तब राजकुमार ने उसे बताया कि उसे श्राप मिला था की जब कोई लड़की उसे राक्षस के रूप में प्यार करेगी, सूरत की जगह उसके गुणों को पसंद करेगी तब ही उसे उसका असली रूप मिलेगा|",0022,Hin,m
46,कहानी की सीख : जीवन में सूरत से ज्यादा गुणों का महत्व होता है|,0022,Hin,m
1,अपने जीवन का लक्ष्य निर्धारित करो | और सभी दूसरे विचार  को  अपने दिमाग से निकाल दो यही सफलता की पूंजी है |,0023,Hin,m
2,सफलता पाने के लिए हमें पहले विश्वास करना होगा की हम कर सकते हैं,0023,Hin,m
3,"मौसम वैज्ञानिकों ने कहा- ओले पड़ेंगे, लेकिन सात  फरवरी जैसा हाल नहीं ह ोगा",0023,Hin,m
4,इससे स्टूडेंट्स को आगे आने वाली परीक्षाओं में काफी फायदा होगा।,0023,Hin,m
5,एकलपीठ के समक्ष दायर याचिका में कहा था कि तृतीय श्रेणी शिक्षक भर्ती-दो हज़ार अठारह (लेवल-वन) की भर्ती में चयन केवल रीट के अंकों के जरिए ही रखा है।,0023,Hin,m
6,हाईकोर्ट ने करीब छब्बीस  हजार शिक्षकों की नियुक्ति मामले में गत उन्नीस जनवरी को राज्य सरकार सहित अन्य पक्षकारों की बहस सुनकर मामले में फैसला बाद में देना तय किया था।,0023,Hin,m
7,वैध दस्तावेज न होने पर भी तीन  देशों के गैर मुस्लिमों को इसका लाभ मिलेगा।,0023,Hin,m
8,अखिलेश प्राइवेट प्लेन से एक छात्र नेता के शपथ ग्रहण समारोह में शामिल होने जा रहे थे।,0023,Hin,m
9,नर्मदा भारत की प्रमुख नदियों में से एक है।,0023,Hin,m
10,रिम्स प्रशासन के मुताबिक यहां बर्ड फ्लू के इलाज की व्यवस्था है।,0023,Hin,m
11,इस स्थिति से निपटने के लिए सेंटर सुपरिंटेंडेंट के निर्देश पर एग्जाम हॉल में गार्डिंग कर रहे शिक्षक ने परीक्षार्थियों से कहा कि प्रश्नपत्र में प्रश्नों की संख्या बीस  के बाद इक्कीस  करते हुए सौ   तक लिख दें।,0023,Hin,m
12,तापमान गिरकर सामान्य तक पहुंचेगा या सामान्य से एक-दो डिग्री नीचे भी जा सकता है।,0023,Hin,m
13,इसके लिए कंपनियों को स्वयं के लाभ से प्रबंध करना होगा।,0023,Hin,m
14,युधिष्ठिर अपने सभी भाइयों और द्रौपदी को लेकर वन में आ गए।,0023,Hin,m
15,शिक्षा राज्यमंत्री गोविंद डोटासरा का कहना है कि नियुक्ति की तैयारी पूरी है।,0023,Hin,m
16,ब्लॉकों में विकास अधिकारी नियुक्ति आदेश जारी करेंगे।,0023,Hin,m
17,सरकार ने मांग नहीं मानी तो पार्टी ने सदन से वाॅकआउट कर दिया।,0023,Hin,m
18,बीते बारह  वर्षों में महज तीन  वित्तीय वर्ष ही ऐसे रहे हैं जिनमें कंपनी घाटे में रही है।,0023,Hin,m
19,चालीस  से अधिक कट्‌टों को खुलवाया तो पता चला कि बहुत ही महीन तरीके से मिलावट का काम किया जा रहा था और खराब दाल को सही दिखाने के लिए यह पाउडर मिलाया जा रहा था।,0023,Hin,m
20,बताया गया कि इकतीस  मार्च दो  हज़ार सोलह  तक रिटायर होने वाले कर्मियों को पेंशन देने के लिए प्रबंधन ने चार सौ  पचहत्तर  करोड़ का प्रावधान कर रखा है।,0023,Hin,m
21,इस बैठक में गुर्जर समाज से जुड़े मंत्रियों और विधायकों को बुलाया गया।,0023,Hin,m
22,जबकि समापन सोलह  फरवरी को होगा।,0023,Hin,m
23,एक बार एक बच्चे ने ऑटोग्राफ पुस्तिका नेहरूजी के सामने रखते हुए कहा- साइन कर दीजिए।,0023,Hin,m
24,"बच्चे ने ऑटोग्राफ देखे, देखकर नेहरूजी से कहा- आपने तारीख तो लिखी ही नहीं!",0023,Hin,m
25,बच्चे की इस बात पर नेहरूजी ने उर्दू अंकों में तारीख डाल दी!,0023,Hin,m
26,बच्चे ने इसे देख कहा- यह तो उर्दू में है।,0023,Hin,m
27,"नेहरूजी ने कहा- भाई तुमने साइन अंगरेजी शब्द कहा- मैंने अंगरेजी में साइन कर दी, फिर तुमने तारीख उर्दू शब्द का प्रयोग किया, मैंने तारीख उर्दू में लिख दी।",0023,Hin,m
28,यह था नेहरूजी का बच्चों के प्रति विनोदप्रियता का लहजा।,0023,Hin,m
1,अपने जीवन का लक्ष्य निर्धारित करो | और सभी दूसरे विचार  को  अपने दिमाग से निकाल दो यही सफलता की पूंजी है |,0024,Hin,m
2,सफलता पाने के लिए हमें पहले विश्वास करना होगा की हम कर सकते हैं,0024,Hin,m
3,"जिस मनुष्य का मन वश में नहीं रहता, वह बहुत ज्यादा महत्वाकांक्षाओं वाला होता हैं।",0024,Hin,m
4,सेल प्रबंधन ने छब्बीस  नवंबर दो  हज़ार अठारह सेल पेंशन के लिए रोड मैप इस्पात मंत्रालय भेज दिया था।,0024,Hin,m
5,हम इन्हें जुलाई में लाएंगे।,0024,Hin,m
6,एक रिसर्च में दावा किया गया है कि सहारा मरुस्थल हर बीस  हजार साल में बदलता है।,0024,Hin,m
7,तेरह  को वेस्टर्न डिस्टरबेंस और बंगाल की खाड़ी से आने वाली पूर्वी हवा उत्तर-पश्चिम भारत के मैदानी इलाके में टकराएगी।,0024,Hin,m
8,इस बात का खुलासा ब्रिटेन के रक्षा मंत्री गेविन विलियमसन ने किया है।,0024,Hin,m
9,एसटीएफ के साथ वाणिज्य कर विभाग और फूड डिपार्टमेंट की टीम भी साथ रही।,0024,Hin,m
10,"न्यूजीलैंड ने अंत तक संयम बनाए रखा, इसलिए उनकी टीम जीत की हकदार थी।",0024,Hin,m
11,इस्पात मंत्रालय ने भले ही लाभ और घाटे के हिसाब से कंपनी का अंशदान तय करने का निर्णय लिया है।,0024,Hin,m
12,कई फर्जी इकाइयों के जरिए ये बिल उपलब्ध कराए जा रहे थे।,0024,Hin,m
13,शिव ने ही सती माता को मुंडमाला पहनने का राज बताया था।,0024,Hin,m
14,विध्यांचल पर्वत श्रेणी से प्रकट होकर देश के ह्रदय क्षेत्र मध्य प्रदेश में यह प्रवाहित होती है।,0024,Hin,m
15,लगा था जरा शिकारी का तीर...,0024,Hin,m
16,"इस बार नर्मदा जयंती बारह  फरवरी, मंगलवार को है।",0024,Hin,m
17,यह लंबे समय से किए जा रहे प्रयास का सुपरिणाम है कि आज इस्पात मंत्रालय द्वारा आवश्यक परिपत्र जारी कर सेल व आरआईएनएल में पेंशन स्कीम लागू करने का रास्ता साफ कर दिया गया।,0024,Hin,m
18,इसी कलह से परेशान होकर कृष्ण सोमनाथ मंदिर से करीब सात किलोमीटर दूर वैरावल की इस जगह पर विश्राम करने आ गए।,0024,Hin,m
19,मैकाले पर्वत पर उत्पन्न होने के कारण वह मैकाले सुता भी कहलाई।,0024,Hin,m
20,"पशुपालन विभाग के निदेशक चितरंजन कुमार ने सभी जिलों के पशुपालन पदाधिकारियों को बर्ड फ्लू पर निगरानी रखने, पक्षियों की मौत पर एक्शन लेने और लोगों को जागरूक करने को कहा है।",0024,Hin,m
21,"धृतराष्ट्र, गांधारी और कुंती अपने पुत्रों व परिजनों को देखकर बहुत प्रसन्न हुए।",0024,Hin,m
22,यह आरक्षण मौजूदा कोटि से अलग होगा।,0024,Hin,m
23,पन्द्रह अगस्त के अवसर पर एक विदेशी सामाजिक संस्था के प्रमुख भारत के सबसे बड़े बाल आश्रम में झंडावंदन के कार्यक्रम में सम्मिलित हुए|,0024,Hin,m
24,कार्यक्रम समाप्ति के पश्चात उन्होंने उपस्थित बाल समुदाय से पूछा- प्यारे बच्चों!,0024,Hin,m
25,"मैं आप सबके बीच आज इसलिए उपस्थित हुआ हूं कि आपकी जरूरतों को पूरी करने में आप सभी की कुछ मदद कर सकूं, क्योंकि हमारी संस्था का मुख्य उद्देश्य ही आप जैसे अनाथ व बेसहारा बच्चों को सहारा देना है|",0024,Hin,m
26,बताओ बच्चों! आप लोगों को किन-किन चीजों की सबसे ज्यादा आवश्यकता महसूस होती हैं? आज हम उसे पूरा करेंगे|,0024,Hin,m
27,किंतु किसी भी बालक ने किसी भी प्रकार की मांग नहीं रखी|,0024,Hin,m
28,ज्यादा जोर देने पर बच्चों के प्रतिनिधि ने अपनी मंशा कुछ यूं व्यक्त की-,0024,Hin,m
29,प्रणाम काका! आप हमारे शुभचिंतक हैं|,0024,Hin,m
30,बहुत-बहुत धन्यवाद|,0024,Hin,m
31,बस एक छोटी सी बात आपसे कहना चाहता हूं|,0024,Hin,m
32,"हां-हां बोलो बेटा, क्या बात है?",0024,Hin,m
33,"पूर्ण आत्मविश्वास के साथ उसने तिरंगे झंडे की ओर इशारा करते हुए कहा- काका, जिनके सिर तिरंगा लहरा रहा हो, वे भला अनाथ व बेसहारा कैसे हो सकते हैं?",0024,Hin,m
34,एक बच्चे के मुख से देशभक्ति की इतनी सटीक परिभाषा सुन उनकी आंखों से श्रद्धा के आंसू टपक पड़े|,0024,Hin,m
35,"उन्होंने भारत के बारे में क्या सोचा था, क्या पाया|",0024,Hin,m
36,उनके मुख से बरबस ही निकल पड़ा- वास्तव में भारत महान है|,0024,Hin,m
1,अपने जीवन का लक्ष्य निर्धारित करो | और सभी दूसरे विचार  को  अपने दिमाग से निकाल दो यही सफलता की पूंजी है |,0025,Hin,m
2,सफलता पाने के लिए हमें पहले विश्वास करना होगा की हम कर सकते हैं,0025,Hin,m
3,मान्यता के अनुसार इसके घाट पर ही आदि गुरु शंकराचार्य ने मंडन मिश्र को शास्त्रार्थ में पराजित किया था।,0025,Hin,m
4,केसरी की छोटी सी झलक से फिल्म को लेकर कुछ पता तो नहीं चलता लेकिन इसी के साथ अक्षय कुमार ने अपनी इस फिल्म के शंखनाद कर दिया है ।,0025,Hin,m
5,विराट की अगुआई में भारत ने ऑस्ट्रेलिया में पहली टेस्ट सीरीज जीती,0025,Hin,m
6,सितंबर में जोधपुर में भी मिग-सत्ताईस  विमान हुआ था दुर्घटनाग्रस्त,0025,Hin,m
7,ऐसा सोचना भी बड़ा मुश्किल है।,0025,Hin,m
8,"सोमवार रात बारह  बजे मुख्यमंत्री आवास पर मुख्यमंत्री अशोक गहलोत ने मुख्य सचिव, पुलिस महानिदेशक समेत आला अफसरों की बैठक ली।",0025,Hin,m
9,जयपुर-बयाना-धौलपुर की बसें भी बंद कर दी गई हैं।,0025,Hin,m
10,"रोहित ने मैच के बाद कहा, ‘निराश हैं कि लक्ष्य हासिल नहीं कर पाए, लेकिन इस सीरीज के दौरान कई सकारात्मक पहलू रहे।",0025,Hin,m
11,"हम छोटे-छोटे उद्योग धंधों से बड़े रोजगार खड़े कर सकते हैं, लेकिन उनके लिए लगन की आवश्यकता है।",0025,Hin,m
12,आंदोलन तेज करने की चेतावनी,0025,Hin,m
13,इंसान के अलावा पेड़-पौधों और जानवरों की कई प्रजातियां भी मौजूद थीं।,0025,Hin,m
14,झूठ बोलने वाले या झूठ का साथ देने वाले मनुष्य पाप का भागी माना जाता है और उसे नर्क में यातनाएं झेलनी पड़ती हैं।,0025,Hin,m
15,इसकी गणना देश की पांच बड़ी एवं सात पवित्र नदियों में होती है।,0025,Hin,m
16,वित्त मंत्रालय के की ओर से किसी बैंक को कोई डेडलाइन नहीं दी गई है।,0025,Hin,m
17,"इस बीच सरकार ने सरकार ने पर्यटन मंत्री विश्वेंद्र सिंह, स्वास्थ्य मंत्री रघु शर्मा और सामाजिक न्याय विभाग मंत्री भंवरलाल मेघवाल की कमेटी बनाई है।",0025,Hin,m
18,प्रभारी मंत्री पीसी शर्मा ने नर्मदा जयंती उत्सव समिति में जिले के पन्द्रह कांग्रेसियों के नाम लिए थे।,0025,Hin,m
19,टिकट की जांच के लिए वह मार्शलों की तैनाती करेगी।,0025,Hin,m
20,यात्रियों को उसी रूट पर जाने वाली दूसरी ट्रेनों में यात्रा करने का भी विकल्प दिया जाएगा।,0025,Hin,m
21,वर्चुअल आईसीएआई पोर्टल पर मिलेगी जानकारी : इन बदलावों के साथ ही स्टूडेंट्स की मदद के लिए एक वर्चुअल आईसीएआई पोर्टल भी तैयार किया गया है।,0025,Hin,m
22,"इस्पात मंत्रालय ने दी मंजूरी, पहली बार तैंतीस हजार ज्यादा मौजूदा व रिटायर कर्मियों को लाभ",0025,Hin,m
23,'दिल्ली चलो|,0025,Hin,m
24,"' यह समाचार जिसने सुना, वह चल पड़ा था|",0025,Hin,m
25,पंजाब राज्य ने पूछा- आप कौन? तमिलनाडु ने जवाब दिया- मुझे तमिलनाडु कहते हैं|,0025,Hin,m
26,भरतनाट्यम मेरे यहां फलता-फूलता है|,0025,Hin,m
27,पंजाब ने बताया- मैं पंजाब हूं|  गुरुनानक की जन्मभूमि|,0025,Hin,m
28,दोनों चलने लगे|,0025,Hin,m
29,"किसी ने पुकारा- इधर आओ, मैं केरल हूं|",0025,Hin,m
30,"चाय, कॉफी, जूट, रबर और काजू की फसलें लहलहाता हूं|",0025,Hin,m
31,सब आगे बढ़ गए|,0025,Hin,m
32,उन्हें उत्तरप्रदेश मिला|  कहने लगा- मैं राम और कृष्ण की जन्मभूमि हूं|,0025,Hin,m
33,ताजमहल भी मेरे यहां है|,0025,Hin,m
34,तभी बर्फीली हवा चलने लगी|,0025,Hin,m
35,उत्तराखंड सामने खड़ा था|  कहने लगा- चौंक गए न! मैं हिमालय की गोद में बसा हूं|,0025,Hin,m
36,बर्फ से ढंकी चोटियां मुझ पर ही टिकी हैं|,0025,Hin,m
37,"मुझे उत्तराखंड कहते हैं|  जो भी मिलता, वह अपनी शान में कुछ न कुछ कहता|",0025,Hin,m
38,खुद को बड़ा और दूसरों को छोटा बताने की होड़ मचने लगी|,0025,Hin,m
39,कई राज्य एक-दूसरे से मिल रहे थे|,0025,Hin,m
40,अचानक महाराष्ट्र बोल पड़ा- मेरे जैसा कोई नहीं|,0025,Hin,m
41,मेरी शान के क्या कहने|  मुंबई मेरी राजधानी है|,0025,Hin,m
42,उत्तरप्रदेश ने ललकारा- सबसे अधिक आबादी का भार मैं उठाता हूं|  मैं सबसे खास हूं|,0025,Hin,m
1,अपने जीवन का लक्ष्य निर्धारित करो | और सभी दूसरे विचार  को  अपने दिमाग से निकाल दो यही सफलता की पूंजी है |,0026,Hin,m
2,सफलता पाने के लिए हमें पहले विश्वास करना होगा की हम कर सकते हैं,0026,Hin,m
3,इस विधेयक के जरिए एक  हज़ार पचपन  के कानून को संशोधित किया जाएगा।,0026,Hin,m
4,श्रीकृष्ण ने ऐसे चार काम बताए हैं जिनसे भगवान भी खुश होते हैं।,0026,Hin,m
5,माघ मास के शुक्ल पक्ष की अष्टमी को भीष्म अष्टमी कहते हैं।,0026,Hin,m
6,अब मंगलवार को इस संबंध में निर्देश जारी होंगे।,0026,Hin,m
7,यदि पूरे देश में सरकार मंडी टैक्स को हटाकर इसे जीएसटी में ले आए और दर एक   प्रतिशत एक समान कर दे तो इससे दाल व्यापार को काफी फायदा होगा।,0026,Hin,m
8,गौरतलब है कि इस मामले में खंडपीठ ने तेईस अक्टूबर दो  हज़ार अठारह के आदेश से एकलपीठ के फैसले के आधार पर नियुक्तियां देने पर रोक लगा दी थी।,0026,Hin,m
9,वे अपने बल और बुद्धि के लिए जाने जाते हैं।,0026,Hin,m
10,"एसटीएफ ने एक ऐसा केमिकल भी पकड़ा है, जिसकी दस बूंद डालने से  तीस  लीटर देशी घी बनकर तैयार हो जाता था।",0026,Hin,m
11,इसमें उन्होंने  एक  सौ अड़तालीस रन बनाए।,0026,Hin,m
12,"इधर, आरडीडीई अशोक कुमार शर्मा ने रांची के दर्जनभर से अधिक केंद्रों का औचक निरीक्षक किया।",0026,Hin,m
13,महर्षि वेदव्यास ने कहा कि ऐसा ही होगा।,0026,Hin,m
14,रविवार को शराब कांड पर यूपी के आबकारी मंत्री जय प्रताप सिंह ने कहा कि सहारनपुर और कुशीनगर में हुई घटनाओं के पीछे कारण अलग-अलग हैं।,0026,Hin,m
15,"टीम अंदर गई, दाल चैक की तो अधिकांश कट्टाें और बोरियों में पुरानी दाल ही मिली।",0026,Hin,m
16,रात का तापमान सभी जगह चार से छह डिग्री तक अधिक रहा।,0026,Hin,m
17,"मैदानी इलाकों में न्यूनतम पारा ग्यारह  फरवरी से बढ़ेगा, अधिकतम पारा में उसी दिन से गिरावट आएगी।",0026,Hin,m
18,"रिसर्च रिपोर्ट के अनुसार, पृथ्वी सूर्य के चारों ओर घूमती है।",0026,Hin,m
19,ओएमआर शीट और प्रश्न संख्या में सीरियल नंबर में एकरूपता नहीं थी।,0026,Hin,m
20,"इसके कारण जयपुर से सवाई माधोपुर, टोंक, आगरा समेत कई इलाकों के लिए रोडवेज बसें नहीं चलीं।",0026,Hin,m
21,हाईकोर्ट द्वारा आरक्षण पर रोक के बाद यह मामला अब सुप्रीम कोर्ट में है।,0026,Hin,m
22,मेले में बीएसएफ और सीआरपीएफ के अधिकारियों ने हिस्सा लेकर युवाओं को बताया कि वे किस तरह तैयारी कर सेना का हिस्सा बन सकते हैं।,0026,Hin,m
23,राजस्थान ने टोका- चुप रहो|  सबसे अधिक भूमि मेरे पास है|,0026,Hin,m
24,मीरा और राणा प्रताप जैसे कई वीर मेरी पहचान हैं|,0026,Hin,m
25,"मेरा एक-एक कण साहस, बलिदान और वीरता से भरा है|",0026,Hin,m
26,तभी केरल हंसने लगा- मेरी भूमि का आम जन पढ़ा-लिखा है| सौ फीसदी|  कोई है मेरे जैसा?,0026,Hin,m
27,शोर बढ़ने लगा|,0026,Hin,m
28,तभी एक नन्हा-सा राज्य बीच में आ गया|,0026,Hin,m
29,किसी ने पूछा तो वह बोला- मैं दिल्ली हूं|,0026,Hin,m
30,तुम सबकी राजधानी|,0026,Hin,m
31,कोई चिल्लाया- हमारी तो अपनी राजधानी है|,0026,Hin,m
32,तुम हमारी राजधानी कैसे हो सकती हो? नन्हा राज्य बोला- पहले पास तो आओ|,0026,Hin,m
33,पूरब से आए राज्य एक ओर इकट्ठा होने लगे|,0026,Hin,m
34,पश्चिम से आए राज्यों ने भी ऐसा ही किया|,0026,Hin,m
35,उत्तर और दक्षिण के राज्य भी नजदीक आने लगे|,0026,Hin,m
36,मध्यप्रदेश खुशी से चिल्ला उठा|,0026,Hin,m
37,बोला- मेरे चारों ओर आओ|,0026,Hin,m
38,सब मध्यप्रदेश की ओर बढ़ने लगे|,0026,Hin,m
39,सबने एक नया आकार बना लिया|,0026,Hin,m
40,सब खुश हो गए|,0026,Hin,m
41,दिल्ली ने कहा- यह हुई न बात|  आप सबने मिलकर 'भारत' बना लिया|,0026,Hin,m
42,जम्मू-कश्मीर ने कहा- और तुम हमारी राजधानी बन गई हो|,0026,Hin,m
43,"चलो, आओ गाएं|  खुशियां मनाएं|  हर कोई एक से बढ़कर एक संगीत सुनाने के लिए तैयार हो चुका था|",0026,Hin,m
1,अपने जीवन का लक्ष्य निर्धारित करो | और सभी दूसरे विचार  को  अपने दिमाग से निकाल दो यही सफलता की पूंजी है |,0027,Hin,m
2,सफलता पाने के लिए हमें पहले विश्वास करना होगा की हम कर सकते हैं,0027,Hin,m
3,"एनपीए, रिटर्न ऑफ असेट्स, और कैपिटल टू रिस्क वेटेड असेट्स रेश्यो के मापदंड़ों का उल्लंघन करने पर किसी बैंक को पीसीए लिस्ट में डाल दिया जाता है।",0027,Hin,m
4,"ईसा मसीह ने करीब  दो  हज़ार  साल पहले जो उपदेश दिए, उसका सार भी ऐसा ही है।",0027,Hin,m
5,मांझी ने कहा कि हमारे बीच कोई टकराव नहीं है।,0027,Hin,m
6,मैसाच्यूसेट्स इंस्टीट्यूट ऑफ टेक्नोलॉजी (एमआईटी) की रिसर्च में शोधकर्ताओं ने कहा कि मरुस्थल का काफी हिस्सा (तीन  मिलियन स्क्वैयर) उत्तरी अफ्रीका में है जो हमेशा से सूखा नहीं था।,0027,Hin,m
7,महर्षि वेदव्यास के कहने पर सभी गंगा तट पर एकत्रित हो गए और रात होने का इंतजार करने लगे।,0027,Hin,m
8,अधिकारियों के मुताबिक सांसद पर कूटरचित दस्तावेज बनवाने का मामला भी दर्ज किया जा सकता है।,0027,Hin,m
9,"बैठक के बाद मंत्री अशोक चांदना ने कहा- बैठक में जो फैसला हुआ, उससे गुर्जर समाज को बड़ा फायदा होगा।",0027,Hin,m
10,"दिल्ली में फरवरी की सबसे ठंडी रात, दस  साल में तीन  साल गिरा फरवरी में इतना नीचे पारा :",0027,Hin,m
11,ये पूरी घटना इस प्रकार है-,0027,Hin,m
12,भगवान शिव ने माघ शुक्ल सप्तमी पर नर्मदा को लोक कल्याणार्थ पृथ्वी पर जल स्वरूप होकर प्रवाहित रहने का आदेश दिया।,0027,Hin,m
13,मन मे हारने जैसा भाव बनेगा इसलिए इच्छाशक्ति मजबूत रखें।,0027,Hin,m
14,इस दौरान उन्होंने तय किया कि सोमवार से वे सीधे उपभोक्ताओं को ही दालें बेचना शुरू कर देंगे।,0027,Hin,m
15,हवा में नमी की मात्रा पचास -सौ  प्रतिशत  के बीच रही।,0027,Hin,m
16,इससे दिन का तापमान गिर गया है।,0027,Hin,m
17,लेकिन सर्द हवाएं चलती रहेंगी।,0027,Hin,m
18,"आने वाले कल की कोई चिंता मत करो, कल का दिन अपनी चिंता खुद कर लेगा।",0027,Hin,m
19,इसके बाद अलग-अलग ब्रांडेड के डिब्बो में भर कर आस-पास के जनपदों में सप्लाई किया था।,0027,Hin,m
20,पूरा महागठबंधन एक है।,0027,Hin,m
21,समुद्र का पानी नीला होने का मतलब है फायटोप्लैंक्टन की संख्या में कमी।,0027,Hin,m
22,मौसम आगे कैसा रहेगा,0027,Hin,m
23,देवेंन्द्र सोनी बात रमेश के अस्तित्व पर आकर अटक गई थी|,0027,Hin,m
24,"रह-रह कर उसका मन अपनी जिंदगी को यूं ही खत्म करने के लिए उकसाता था, पर वह इन विचारों को नकारने की पूरी कोशिश करता|",0027,Hin,m
25,"उसके जेहन में मृत्यु शैय्या पर लेटी अपनी मां के वे शब्द गूंज जाते, जो उन्होंने अपने अंतिम समय में कहे थे|",0027,Hin,m
26,जाते-जाते अपने इकलौते पुत्र रमेश से यही कहा था उन्होंने - बेटा मेरे बाद तू अकेला हो जाएगा|,0027,Hin,m
27,अभी बेरोजगारी से जूझ रहा है|,0027,Hin,m
28,हिम्मत मत हारना और हर स्थिति में मेरा कामयाब राजा बेटा बनकर मेरे संस्कारों का मान रखना|,0027,Hin,m
29,घर की आर्थिक स्थिति तू समझता है|,0027,Hin,m
30,तुझे ही अब अपनी और अपने पिता की जिम्मेदारी उठाना है|,0027,Hin,m
31,जो कुछ थोड़ा बहुत है घर में उसी से कुछ काम-धंधा कर लेना|,0027,Hin,m
32,...पर यह क्या ! मां की मृत्यु के कुछ समय बाद ही पिताजी नई मां ले आए|,0027,Hin,m
33,युवा रमेश का मन इसे स्वीकार नहीं पा रहा था|,0027,Hin,m
34,जैसे-तैसे कुछ दिन तो ठीक ठाक निकले|,0027,Hin,m
35,फिर पिताजी ही उसे लेकर रोज-रोज उलाहने देने लगे|,0027,Hin,m
36,रमेश रोज सुबह नौकरी की तलाश में निकलता और देर रात घर लौटता|,0027,Hin,m
37,तंगहाली और निराशा उसे अवसाद का शिकार बनाती जा रही थी|,0027,Hin,m
38,घर में उसका अस्तित्व शून्य होते जा रहा था|,0027,Hin,m
39,"जब भी घर छोड़कर जाने का मन करता, अपनी मां के अंतिम शब्द उसकी राह रोक लेते और वह अपने अस्तित्व को निरंतर नकारे जाने के बाद भी मन मारकर रात को घर लौट आता|",0027,Hin,m
1,अपने जीवन का लक्ष्य निर्धारित करो | और सभी दूसरे विचार  को  अपने दिमाग से निकाल दो यही सफलता की पूंजी है |,0028,Hin,f
2,सफलता पाने के लिए हमें पहले विश्वास करना होगा की हम कर सकते हैं,0028,Hin,f
3,भारत में चार नदियों को चार वेदों के रूप में माना गया है।,0028,Hin,f
4,इसके बाद से ही अधिकारी कोर्ट के आदेश की प्रति मिलने के बाद नियुक्ति आदेश जारी करने की बात कह रहे थे।,0028,Hin,f
5,जो बहेगा वो लहू भी केसरी और मेरा जवाब ही केसरी'।,0028,Hin,f
6,"लेकिन आप तो त्याग नहीं करते तब शिव ने उनसे कहा कि मुझे अमरकथा का ज्ञान है, इसलिए मुझे बार-बार शरीर का त्याग नहीं करना पड़ता है।",0028,Hin,f
7,एनपीए कम होने पर बैंक पीसीए से बाहर आएंगे,0028,Hin,f
8,अखिलेश को प्रयागराज जाने की अनुमति न मिलने पर संसद में हंगामा ।,0028,Hin,f
9,इसके तहत पन्द्रह  सौ  करोड़ का घोटाला होने की आशंका है।,0028,Hin,f
10,ग्यारह  फरवरी के आदेश में मंत्रालय ने स्पष्ट कर दिया है कि पेंशन स्कीम निर्धारित शर्तों के अनुसार एवं डीपीई दिशानिर्देश के अनुसार लागू की ज ाएगी।,0028,Hin,f
11,"घटना की सूचना मिलते ही एसपी कार्तिकेयन डॉग स्क्वॉड, एसडीओपी शाहपुर समेत चिचोली थाना स्टाफ मौके पर पहुंच कर पेट्रोल पम्प में लगे सीसीटीवी फुटेज खंगाले हैं।",0028,Hin,f
12,"गंगा को ऋग्वेद, यमुना को यजुर्वेद, सरस्वती को अथर्ववेद और नर्मदा को सामदेव।",0028,Hin,f
13,इनकी ग्रोथ में कमी होने पर समुद्री जीवों के लिए भोजन का संकट पैदा होगा।,0028,Hin,f
14,मोटी पर्तों का अध्ययन करने पर पता चलता है कि यहां सूखा था और जहां पर धूल कम है वो जगह इस बात का प्रमाण है कि क्षेत्र में कभी पानी मौजूद था।,0028,Hin,f
15,"नर्मदा महाराष्ट्र से होती हुई, भडूच शहर की पश्चिमी दिशा में खम्भात की खाड़ी में गिरकर अरब सागर में विलीन हो जाती है।",0028,Hin,f
16,उन्होंने कहा है कि उनका देश प्रशांत क्षेत्र में देश के पहले परिचालन मिशन के तहत अपना सबसे बड़ा और शक्तिशाली विमान वाहक पोत भेजेगा।,0028,Hin,f
17,"टेक्निकल सेल से मूल्यांकन को लेकर बात हुई, तो बताया गया कि कंप्यूटर में कॉपी की जांच में किसी प्रकार की परेशानी नहीं आएगी।",0028,Hin,f
18,"इसकी इकतालीस  सहायक नदियाँ हैं जिसमें तवा, हिरण, शक्कर, दूधी, करजन, शेर, बनास, मान प्रमुख है।",0028,Hin,f
19,हालांकि दाल उद्यमियों के इस निर्णय से उपभोक्ताओं को दाल पन्द्रह  रुपए प्रति किलो तक सस्ती मिलेगी।,0028,Hin,f
20,बुधवार आपके लिए कुछ विपरीत परिस्थितियों को लेकर आ सकता है।,0028,Hin,f
21,इस जगह को आज दुनिया भर में देहोत्सर्ग तीर्थ के नाम से मशहूर है।,0028,Hin,f
22,"अफसरों के लिए दो  हज़ार सात  और कर्मियों के लिए दो  हज़ार बारह से पेंशन स्कीम लागू होगा। यानि जो अफसर दो  हज़ार सात  और जो कर्मी दो  हज़ार बारह और उसके बाद रिटायर हुए या होंगे, उन्हें पेंशन मिलना तय हो गया है।",0028,Hin,f
23,"नई मां रमेश की इस मनोदशा को समझ रही थी, पर रमेश को समझाने से हिचकती थीं|",0028,Hin,f
24,लेकिन आखिर कब तक अनदेखा करती - अब थी तो वह आखिर रमेश की मां ही|,0028,Hin,f
25,भले ही नई हो या समाज की नजर में सौतेली|,0028,Hin,f
26,अंततः एक दिन उन्होंने रमेश से खुलकर बात करने की ठानी और अपने पतिदेव को भी इसके लिए सहमत कर लिया|,0028,Hin,f
27,देर रात जब रमेश घर लौटा तो बेहद उदास था|,0028,Hin,f
28,नई मां ने बात शुरू करते हुए रमेश से कहा - देखो बेटा तुम स्वीकारो या न स्वीकारो पर अब मैं ही तुम्हारी मां हूं |,0028,Hin,f
29,"जानती हूं, तुम्हारे लिए यह स्वीकारना आसान नहीं है पर वर्तमान में रहना सीखो|",0028,Hin,f
30,मैं तुम्हारी जन्म देने वाली मां नहीं तो क्या - आखिर हूं तो मां ही|,0028,Hin,f
31,"मत कहो मुझे मां, पर अपनी दशा सुधारो और नौकरी की तलाश में यहां-वहां भटकना छोड़ अपना ही कोई काम- काज शुरू कर लो |",0028,Hin,f
32,"तुमने कम्प्यूटर का कोर्स किया है, इसी को आधार बनाकर अपना काम प्रारंभ कर लो|",0028,Hin,f
33,"ईश्वर और तुम्हारी मां का आशीष तम्हें सफलता देगा और हां ये मेरे पास पचास हजार की नगदी रकम यूं ही पड़ी है ,कल ही इससे जरूरी सामान खरीद लेना|",0028,Hin,f
34,पड़ोस के शर्मा जी की दुकान मैंने किराए पर ले ली है|,0028,Hin,f
35,अच्छा सा मुहूर्त देखकर अपना खुद का काम शुरू करो|,0028,Hin,f
36,अब यहां-वहां भटकने की जरूरत नहीं|,0028,Hin,f
1,अपने जीवन का लक्ष्य निर्धारित करो | और सभी दूसरे विचार  को  अपने दिमाग से निकाल दो यही सफलता की पूंजी है |,0029,Hin,m
2,सफलता पाने के लिए हमें पहले विश्वास करना होगा की हम कर सकते हैं,0029,Hin,m
3,अंग्रेजी के कवि जॉन लीनन की कविता ‘इमेजिन’ की तर्ज पर आईसीसी ने धोनी के लिए कविता भी लिखी।,0029,Hin,m
4,यह रिसर्च साइंस एडवांसेस मैगजीन में प्रकाशित हुई है।,0029,Hin,m
5,"किसी भी कार्य को करने से पहले उसे समझें, उसके प्रति समर्पित रहें।",0029,Hin,m
6,एकलपीठ के इस आदेश को खंडपीठ में चुनौती देते हुए एकलपीठ के आदेश पर जारी हुए परिणाम के आधार पर नियुक्तियां देने पर रोक लगाने का आग्रह किया गया।,0029,Hin,m
7,यहां आने वाले लोग इस पेड़ की भी पूजा करते हैं।,0029,Hin,m
8,दुःखी मन और दुःख लाता है इसलिए भावों पर काबू रखें।,0029,Hin,m
9,"किसी स्थापना में सेवाओं और पदों की सभी नियुक्तियों में जो सीधी भर्ती से भरी जाने वाली होगी, उसमें दस  फीसदी आरक्षण आर्थिक रूप से कमजोर वर्गों के लिए आरक्षित रहेंगी।",0029,Hin,m
10,करियर में ऊंचाइयों को छूने के योग है।,0029,Hin,m
11,"यदि हम यह सीरीज जीतकर घर लौटते तो अच्छा होता, लेकिन ऐसा नहीं हो पाया।",0029,Hin,m
12,मेले की शुरुआत कॉलेज प्राचार्य डॉ. एसके मिश्रा ने फीता काटकर की।,0029,Hin,m
13,"नर्मदा नदी द्वारा कपिल धारा एवं दुग्ध धारा जलप्रपात (अनूपपूर ),धुआंधार जलप्रपात ( भेड़ाघाट, जबलपुर ), सहस्रधारा जलप्रपात ( महेश्वर, खरगोन ), दर्धी जलप्रपात, मानधाता जलप्रपात बनाए जाते हैं।",0029,Hin,m
14,मौसम विज्ञानियों का कहना है कि चक्रवात का असर शनिवार को दोपहर तक खत्म हो जाएगा।,0029,Hin,m
15,राज्य सरकार ने सोलह  अक्टूबर दो  हज़ार पन्द्रह  को नोटिफिकेशन जारी करते हुए इसे लागू किया।,0029,Hin,m
16,"उसने लिखा, ‘सोचो अगर अंपायर ना होते तो क्या होता!",0029,Hin,m
17,बारह  ज्योर्तिर्लिंगों में से एक ओंकारेश्वर इसके तट पर ही स्थित है।,0029,Hin,m
18,अस्पताल व दुकानों में इसकी दवा एंटीवायरल ड्रग ओसेल्टामिविर (टैमीफ्लू) और जानामिविर (रेलेएंजा) का स्टॉक है।,0029,Hin,m
19,वे एक दिन सबसे महान बल्लेबाज बन जाएंगे।,0029,Hin,m
20,गुड़गांव में भी रात का पारा छह डिग्री रहा।,0029,Hin,m
21,"सोमवार शाम को जब एसटीएफ, फूड डिपार्टमेंट और वाणिज्य कर के अधिकारियों ने एक साथ छापेमारी की तो भंडाफोड़ हो गया।",0029,Hin,m
22,प्रयागराज शहर ना सिर्फ तहजीब और सभ्यता के लिए जाना जाता है बल्कि यहां मौजूद बहुत सारे छोटे-बड़े मंदिरों के लिए भी जाना जाता है।,0029,Hin,m
23,यह कहकर नई मां ने रमेश को पैसे दिए|,0029,Hin,m
24,रमेश कुछ कह पाता इससे पहले ही उन्होंने अपनी आंखों में आते आंसुओं को रोका और पलट कर वापस अपने कमरे में जाने का उपक्रम कर दरवाजे की ओट में खड़ी हो गई|,0029,Hin,m
25,उन्हें रमेश की प्रतिक्रिया का इंतजार जो था|,0029,Hin,m
26,इधर रमेश स्तब्ध हो गया|,0029,Hin,m
27,"सोच रहा था जो नई मां कल तक उसे अनदेखा करती थी, आज उनमें अचानक यह बदलाव कैसे ?",0029,Hin,m
28,"जिसे वह कभी मां नहीं कह पाया, आज वही उसके अस्तित्व को बचाने के लिए अपनी जमा-पूंजी दे गई|",0029,Hin,m
29,इसी उहापोह में बरबस ही उसकी नजर अपनी मां की तस्वीर पर गई|,0029,Hin,m
30,उसे लगा जैसे वह मंद-मंद मुस्कुरा कर कह रही है - मां तो मां ही होती है|,0029,Hin,m
31,अब रमेश भी मुस्कुरा रहा था|,0029,Hin,m
32,अनायास ही उसके मुंह से निकली मां की ध्वनि से पर्दे की ओट में खड़ी नई मां भी मुस्कुरा उठी|,0029,Hin,m
33,उसे लगा जैसे उसने अपने अस्तित्व के साथ ही रमेश का अस्तित्व भी बचा लिया|,0029,Hin,m
1,अपने जीवन का लक्ष्य निर्धारित करो | और सभी दूसरे विचार  को  अपने दिमाग से निकाल दो यही सफलता की पूंजी है |,0030,Hin,m
2,सफलता पाने के लिए हमें पहले विश्वास करना होगा की हम कर सकते हैं,0030,Hin,m
3,दस  मिनट के अंदर राज्य के सभी सेंटर को यह सूचना मिल गई।,0030,Hin,m
4,सौ   प्रश्न पांच भाग (खंड) में पूछे गए थे।,0030,Hin,m
5,राज्य सरकार इस संबंध में कोई अभिलेख मंगवा सकती है।,0030,Hin,m
6,"बुधवार, तेरह  फरवरी को टैरो कार्ड राशिफल के मुताबिक बारह  में से आठ  राशियों के लिए दिन अच्छा रहेगा लेकिन चार राशि वालों को थोड़ा संघर्ष करना पड़ सकता है।",0030,Hin,m
7,"नर्मदा नदी पर इंदिरा सरोवर ( खंडवा ), सरदार सरोवर ( नवेगाव, गुजरात), महेश्वर परियोजना ( महेश्वर) बरगी परियोजना ( बरगी,जबलपुर), ओमकरेश्वर परियोजना बांध निर्मित हैं।",0030,Hin,m
8,सरकार रेल और सड़क मार्ग खुलवाने के लिए उचित कार्रवाई करे।,0030,Hin,m
9,इसकी कई सहायक नदियां भी हैं।,0030,Hin,m
10,इसके बाद यह विवाद नर्मदा जयंती उत्सव शुरू हाेने के ठीक एक दिन पहले दस फरवरी तक चलता रहा।,0030,Hin,m
11,इसे उन्नीस  जुलाई दो  हज़ार अठारह के परिपत्र में दिया गया था।,0030,Hin,m
12,"प्रशासन ने भरतपुर, करौली, सवाई माधोपुर, दौसा और टोंक में सुरक्षा बढ़ा दी है।",0030,Hin,m
13,हिरण नदी सोमनाथ से महज डेढ़ किलोमीटर की दूरी पर है।,0030,Hin,m
14,न्यायाधीश मोहम्मद रफीक व गोवर्धन बाढ़दार की खंडपीठ ने शुक्रवार को सुनवाई करते हुए इस मामले में दायर अपील खारिज कर दी।,0030,Hin,m
15,"इसलिए, हर किसी को इन चार कामों को जरूर करना चाहिए।",0030,Hin,m
16,"जिसे उसने मृग की आंख समझा था, वह कृष्ण के बाएं पैर का पदम था, जो चमक रहा था।",0030,Hin,m
17,बिलासपुर में भी दिन में करीब तीन मिमी पानी गिरा।,0030,Hin,m
18,"जो लोग तुम्‍हारे प्रति द्वेष की भावना रखते हैं, तुम उनसे भी प्रेम करो।",0030,Hin,m
19,मान्यताओं के अनुसार इस मंदिर में श्री कृष्ण नें अपनी का देह त्याग किया था।,0030,Hin,m
20,यह समुद्र तल से  तीन  हज़ार पाँच सौ  फुट की ऊंचाई पर स्थित है।,0030,Hin,m
21,"सवाई माधोपुर के मलारना डूंगर में चार दिन पहले आरक्षण की मांग को लेकर रेल ट्रैक से शुरू हुआ गुर्जरों का आंदोलन अब सीकर, दौसा, झुंझुनूं, बूंदी और टोंक तक फैल गया है।",0030,Hin,m
22,बढ़ते तापमान के कारण शार्क अपना रास्ता भटक रही हैं।,0030,Hin,m
23,प्राचीन समय में एक विचित्र पक्षी रहता था|,0030,Hin,m
24,"उसका धड़ एक ही था, परंतु सिर दो थे|",0030,Hin,m
25,नाम था उसका भारुंड|,0030,Hin,m
26,एक शरीर होने के बावजूद उसके सिरों में एकता नहीं थी और न ही था तालमेल|,0030,Hin,m
27,वे एक-दूसरे से बैर रखते थे|,0030,Hin,m
28,हर जीव सोचने-समझने का काम दिमाग से करता है और दिमाग होता है सिर में|,0030,Hin,m
29,"दो सिर होने के कारण भारुंड के दिमाग भी दो थे, जिनमें से एक पूरब जाने की सोचता, तो दूसरा पश्चिम|",0030,Hin,m
30,"फल यह होता था कि टांगें एक कदम पूरब की ओर चलतीं, तो अगला कदम पश्चिम की ओर|",0030,Hin,m
31,और भारुंड स्वयं को वहीं खड़ा पाता था|,0030,Hin,m
32,भारुंड का जीवन बस दो सिरों के बीच रस्साकसी बनकर रह गया था|,0030,Hin,m
33,एक दिन भारुंड भोजन की तलाश में नदी तट पर घूम रहा था कि एक सिर को नीचे गिरा एक फल नजर आया|,0030,Hin,m
34,उसने चोंच मारकर उसे चखकर देखा तो जीभ चटकाने लगा- 'वाह! ऐसा स्वादिष्ट फल तो मैंने आज तक कभी नहीं खाया|,0030,Hin,m
35,भगवान ने दुनिया में क्या-क्या चीजें बनाई हैं|,0030,Hin,m
36,'अच्छा! जरा मैं भी चखकर देखूं|,0030,Hin,m
37,"' कहकर दूसरे ने अपनी चोंच उस फल की ओर बढ़ाई ही थी कि पहले सिर ने झटककर दूसरे सिर को दूर फेंका और बोला, 'अपनी गंदी चोंच इस फल से दूर ही रख|",0030,Hin,m
38,यह फल मैंने पाया है और इसे मैं ही खाऊंगा|,0030,Hin,m
39,'अरे! हम दोनों एक ही शरीर के भाग हैं|,0030,Hin,m
40,खाने-पीने की चीजें तो हमें बांटकर ही खानी चाहिए|,0030,Hin,m
41,' दूसरे सिर ने दलील दी|,0030,Hin,m
42,"पहला सिर कहने लगा, 'ठीक! हम एक शरीर के भाग हैं|",0030,Hin,m
43,पेट हमारे एक ही हैं|,0030,Hin,m
1,अपने जीवन का लक्ष्य निर्धारित करो | और सभी दूसरे विचार  को  अपने दिमाग से निकाल दो यही सफलता की पूंजी है |,0031,Hin,m
2,सफलता पाने के लिए हमें पहले विश्वास करना होगा की हम कर सकते हैं,0031,Hin,m
3,सती ने भी शिव से अमरकथा सुनने की इच्छा प्रकट की।,0031,Hin,m
4,उत्तरी छत्तीसगढ़ में खासतौर पर सरगुजा संभाग में कहीं-कहीं पर ओले पड़ सकते हैं।,0031,Hin,m
5,यहां महर्षि वेदव्यास से वनवास की दीक्षा लेकर ये सभी महर्षि शतयूप के आश्रम में रहने लगे।,0031,Hin,m
6,दान करना हिंदू धर्म में बहुत ही पुण्य का काम माना जाता है।,0031,Hin,m
7,रव करने के कारण इसका एक नाम रेवा भी प्रसिद्ध हुआ।,0031,Hin,m
8,रेलवे अफसरों ने बताया कि आगे अन्य स्टेशनों खासकर ए और ए वन  श्रेणी के तहत आने वाले स्टेशनों को भी इसी योजना के तहत लाया जाएगा।,0031,Hin,m
9,"इसमें मुख्य रूप से ऑल इंडिया दाल मिल एसोसिएशन के अध्यक्ष सुरेश अग्रवाल, अकोला से रोहित अग्रवाल, अनिल सुरेका, जबलुपर से अनुग्रह जैन, गुलबर्गा कर्नाटक से देवानंद बिरादार और शिवकुमार मदणुनकी, दिल्ली के अनूप कुमार और एमएसएमई के निदेशक नीलेश त्रिवेदी मौजूद थे।",0031,Hin,m
10,रविवार सुबह एकाएक छाए बादलों के चलते मौसम ने एक बार फिर करवट ली।,0031,Hin,m
11,एक अधिकारी ने कहा कि नया बाजार इलाके में सर्वे में अठारह  हजार करोड़ रुपए के फर्जी बिल मिले।,0031,Hin,m
12,अपील में हाईकोर्ट के आठ  अक्टूबर दो  हज़ार अठारह के उस फैसले को चुनौती दी गई थी जिसमें रीट के अंकों के आधार पर यह भर्ती आयोजित करने वाली प्रार्थी की याचिका खारिज कर दी थी।,0031,Hin,m
13,इस तरीके से लॉन्ग टर्म कैपिटल गेन्स का फर्जी दावा कर रहे थे।,0031,Hin,m
14,"हमें जिम्मेदार मूल्य निर्धारण की ओर बढ़ने की जरूरत है, जो उत्पादक और उपभोक्ता दोनों के हितों को संतुलित करता है।",0031,Hin,m
15,"मंदिर के पुजारियों के अनुसार, बहुत साल पहले एक बूढ़ी औरत रोजाना गंगा में स्नान करने आती थी।",0031,Hin,m
16,ऐसा ही प्रदर्शन करते रहे तो कुछ साल में टॉप पर होंगे : संगकारा,0031,Hin,m
17,कुछ का हम अभी सामना कर रहे हैं।,0031,Hin,m
18,दाल उद्योग पर मंडी टैक्स के बजाय लगे जीएसटी  : एसोसिएशन के अध्यक्ष सुरेश अग्रवाल ने बताया कि दाल उद्योगों को मंडी टैक्स के कारण काफी परेशानी होती है।,0031,Hin,m
19,"इसका वर्णन रामायण, महाभारत आदि अनेक धर्म ग्रंथों में भी मिलता है।",0031,Hin,m
20,इसके लिए पिछले महीने केंद्रीय यूनियनों के प्रतिनिधियों के साथ प्रबंधन ने कोलकाता में बैठक की थी।,0031,Hin,m
21,हमारे बीच टकराव नहीं,0031,Hin,m
22,"जीवन मे आपको बैलेंस करना होगा, अपने काम और पारिवारिक जीवन मे बेहतर सामंजस्य के लिए प्राथमिकता को तय कीजिए।",0031,Hin,m
23,मैं इस फल को खाऊंगा तो वह पेट में ही तो जाएगा और पेट तेरा भी है|,0031,Hin,m
24,"दूसरा सिर बोला, 'खाने का मतलब केवल पेट भरना ही नहीं होता भाई|",0031,Hin,m
25,जीभ का स्वाद भी तो कोई चीज है|,0031,Hin,m
26,तबीयत को संतुष्टि तो जीभ से ही मिलती है|,0031,Hin,m
27,खाने का असली मजा तो मुंह में ही है|,0031,Hin,m
28,"पहला सिर तुनककर चिढ़ाने वाले स्वर में बोला, 'मैंने तेरी जीभ और खाने के मजे का ठेका थोड़े ही ले रखा है|",0031,Hin,m
29,फल खाने के बाद पेट से डकार आएगी|,0031,Hin,m
30,वह डकार तेरे मुंह से भी निकलेगी|,0031,Hin,m
31,उसी से गुजारा चला लेना|,0031,Hin,m
32,अब ज्यादा बकवास न कर और मुझे शांति से फल खाने दे|,0031,Hin,m
33,' ऐसा कहकर पहला सिर चटकारे ले-लेकर फल खाने लगा|,0031,Hin,m
34,इस घटना के बाद दूसरे सिर ने बदला लेने की ठान ली और मौके की तलाश में रहने लगा|,0031,Hin,m
35,कुछ दिन बाद फिर भारुंड भोजन की तलाश में घूम रहा था कि दूसरे सिर की नजर एक फल पर पड़ी|,0031,Hin,m
36,"उसे जिस चीज की तलाश थी, उसे वह मिल गई थी|",0031,Hin,m
37,"दूसरा सिर उस फल पर चोंच मारने ही जा रहा था कि पहले सिर ने चीखकर चेतावनी दी, 'अरे, अरे! इस फल को मत खाना|",0031,Hin,m
38,क्या तुझे पता नहीं कि यह विषैला फल है? इसे खाने पर मॄत्यु भी हो सकती है|,0031,Hin,m
39,"दूसरा सिर हंसा, 'हे हे हे! तू चुपचाप अपना काम देख|",0031,Hin,m
40,तुझे क्या लेना-देना है कि मैं क्या खा रहा हूं? भूल गया उस दिन की बात?',0031,Hin,m
41,"पहले सिर ने समझाने की कोशिश की, 'तूने यह फल खा लिया तो हम दोनों मर जाएंगे|",0031,Hin,m
42,दूसरा सिर तो बदला लेने पर उतारू था|,0031,Hin,m
43,"बोला, 'मैंने तेरे मरने-जीने का ठेका थोड़े ही ले रखा है? मैं जो खाना चाहता हूं, वह खाऊंगा चाहे उसका नतीजा कुछ भी हो|",0031,Hin,m
44,अब मुझे शांति से विषैला फल खाने दे|,0031,Hin,m
45,दूसरे सिर ने सारा विषैला फल खा लिया और भारुंड तड़प-तड़पकर मर गया|,0031,Hin,m
46,सीख : आपस की फूट सदा ले डूबती है|,0031,Hin,m
1,अपने जीवन का लक्ष्य निर्धारित करो | और सभी दूसरे विचार  को  अपने दिमाग से निकाल दो यही सफलता की पूंजी है |,0032,Hin,f
2,सफलता पाने के लिए हमें पहले विश्वास करना होगा की हम कर सकते हैं,0032,Hin,f
3,फर्जी जातिप्रमाण पत्र के मामले में सांसद का पद छिन सकता है।,0032,Hin,f
4,हमारे देश में ऐसे कई धार्मिक स्थल हैं जो हिंदू धर्म की द्रष्टि से बहुत महत्व रखते हैं।,0032,Hin,f
5,मौसम विभाग के अनुसार चौदह -पन्द्रह  फरवरी को एक वेस्टर्न डिस्टरबेंस एक्टिव होने के आसार बन रहे हैं।,0032,Hin,f
6,हांलाकि इस मूर्ति का पुजारियों द्वारा पूजन नहीं किया जाता है।,0032,Hin,f
7,जिले के चिचौली थाना क्षेत्र में बैतूल-इंदौर नेशनल हाइवे पर नकाबपोश बदमाशों ने बंदूक की नोंक पर एक पेट्रोल पंप को लूट लिया।,0032,Hin,f
8,पोकरण में वायुसेना का सबसे बड़ा युद्धाभ्यास ऑपरेशन वायुशक्ति चल रहा है।,0032,Hin,f
9,इससे पहले पिछले साल सितंबर में भी जोधुपर में एक मिग-सत्ताईस  विमान दुर्घटनाग्रस्त हो गया था।,0032,Hin,f
10,पानी गिरने के कारण इन सभी जगहों पर दिन का तापमान सामान्य से तीन से छह डिग्री तक कम रहा।,0032,Hin,f
11,वहीं प्रार्थियों का कहना था कि रीट-दो  हज़ार पन्द्रह  में चौदह  अंक बोनस के लिए गए और परीक्षा परिणाम अड़तालीस  फीसदी रहा।,0032,Hin,f
12,दिल्ली में फरवरी के महीने में छह डिग्री से नीचे पिछले दस साल में सिर्फ तीन साल न्यूनतम पारा गिरा है।,0032,Hin,f
13,कल बजट सत्र का आखिरी दिन है।,0032,Hin,f
14,तप के अलावा तीन  काम और हैं जो हर इंसान को करने चाहिए।,0032,Hin,f
15,उनका कहना था कि पूर्व प्रधानमंत्री डॉ. मनमोहन सिंह ने भी बतौर नेता विपक्ष राज्यसभा में कहा था कि भाजपा सरकार बांग्लादेश में रह रहे गैर मुस्लिमों के मामले में उदार रवैया अपनाए।,0032,Hin,f
16,इसमें सीए इंटरमीडिएट और सीए फाइनल में शामिल होने वाले स्टूडेंट्स को आईसीएआई ने जानकारी दी है कि इस परीक्षा में पेपर का सिलेबस पहले जैसा ही रहेगा।,0032,Hin,f
17,कहा- बगल में घर होने के कारण चाय पीने चला आया था।,0032,Hin,f
18,"उन्होंने कहा कि पोत अपने साथ अत्याधुनिक एफ-पैंतीस  खुफिया लड़ाकू विमान और अमेरिकी समुद्री कॉर्प्स एफ-पैंतीस  एस विमान लेकर उस क्षेत्र में पहुंचेगा, जहां 'चीन अपनी आधुनिक सैन्य क्षमता और व्यवसायिक ताकत बढ़ा रहा है।",0032,Hin,f
19,ऐसा पहली बार हुआ है जबकि देशभर से आए दाल व्यापारियों ने सीधे उपभोक्ताओं के बारे में सोचते हुए उन्हें लाभ पहुंचाने के लिए कोई निर्णय लिया हो।,0032,Hin,f
20,अंतरिम बजट से गरीबों और मिडल क्लास लोगों को मदद मिलेगी।,0032,Hin,f
21,"महर्षि मार्कण्डेय के अनुसार इसके दोनों तटों पर साठ  लाख, साठ  हजार तीर्थ हैं एवं इसका हर कण भगवान शंकर का रूप है।",0032,Hin,f
22,ऐसे में अब गुर्जर समाज को अपना आंदोलन तेज करना होगा।,0032,Hin,f
23,"जैसे ही टीना ने आवाज सुनी, वह बस्ता जस का तस छोड़कर बाहर की तरफ भागी|",0032,Hin,f
24,"अम्मा चिल्लाईं, 'अरे कहां भाग रही है, पढ़ाई तो पूरी कर ले?' परंतु टीना को तो भागना ही था दरीवाले की आवाज पर|",0032,Hin,f
25,'पता नहीं क्या हो गया है इस टीना को? दरीवाले की आवाज आती है तो सब काम छोड़कर भाग जाती है|,0032,Hin,f
26,' अम्मा मन ही मन बुदबुदातीं|,0032,Hin,f
27,उन्होंने टीना के बापू से शाम को इस बाबत चर्चा की|,0032,Hin,f
28,"परंतु बाबू जमनालालजी ने हंसकर कहा, 'तुम भी कहां की बातें ले बैठती हो, अरे बच्ची है, दरीवाले की आवाज सुनकर दरी देखने दौड़ जाती है तो इसमें क्या बुराई है?",0032,Hin,f
29,मैं भी तो बचपन में ठेले वालों की आवाज सुनकर खाने की थाली छोड़कर भाग जाता था|,0032,Hin,f
30,बात तो सच थी|  वह भी तो जब छोटी थी तो आसमान में हवाई जहाज की आवाज सुनकर बाथरूम में से आधी नहाई ही बाहर दौड़ पड़ती थी|,0032,Hin,f
31,"खैर, बात आई-गई हो गई|",0032,Hin,f
32,दूसरे दिन मोहल्ले में हल्ला मचा कि रतनलालजी के घर में चोरी हो गई|,0032,Hin,f
33,पुलिस की गाड़ी हूटर बजाती हुई आई और चोरी वाले घर के सामने भीड़ लग गई|,0032,Hin,f
34,रतनलालजी एक दिन पहले ही से नागपुर गए थे और सुबह ही वापस आए थे|,0032,Hin,f
35,घर का सारा सामान उन्होंने बिखरा पाया और अलमारी का ताला टूटा पड़ा था|,0032,Hin,f
36,चोरों ने अलमारी की नकदी और सोने-चांदी के जेवरों पर हाथ साफ कर दिया था|,0032,Hin,f
37,पुलिस अपनी कागजी खानापूर्ति करके चली गई थी|,0032,Hin,f
38,"'मैं जानती थी आज कहीं-न-कहीं चोरी होगी', टीना धीरे-धीरे बड़बड़ा रही थी|",0032,Hin,f
1,अपने जीवन का लक्ष्य निर्धारित करो | और सभी दूसरे विचार  को  अपने दिमाग से निकाल दो यही सफलता की पूंजी है |,0033,Hin,f
2,सफलता पाने के लिए हमें पहले विश्वास करना होगा की हम कर सकते हैं,0033,Hin,f
3,आरक्षण प्रावधान का पालन न करने और इस संबंध में किसी तरह की शिकायत आने पर राज्य सरकार संबंधित रिकार्ड मंगवा सकती है।,0033,Hin,f
4,रात का तापमान बाईस  डिग्री पहुंच गया।,0033,Hin,f
5,"इधर, प्रदेश में सबसे कम अधिकतम तापमान बीस  डिग्री पेंड्रारोड में रहा।",0033,Hin,f
6,"हालांकि, यह घोटाले का बहुत छोटा सा हिस्सा हो सकता है, क्योंकि इस तरह का कारोबार कई सालों से जारी है।",0033,Hin,f
7,तीनों फॉर्मेट में विराट की सफलता से चकित हैं संगकारा,0033,Hin,f
8,"उसने अपने आधिकारिक ट्विटर हैंडल पर लिखा, ‘सोचो अगर धोनी ना होते तो क्या होता!",0033,Hin,f
9,"रोहित ने कहा, ‘हमने वनडे सीरीज में अच्छी शुरुआत की थी।",0033,Hin,f
10,कार्य स्थल पर सफलता मिलेगी।,0033,Hin,f
11,"अमेरिकी यूनिवर्सिटी मैसाच्यूसेट्स इंस्टीट्यूट ऑफ टेक्नोलाजी के अध्ययन के मुताबिक, पचास  फीसदी से अधिक समुद्रों के रंग में होगा बदलाव",0033,Hin,f
12,"शिवपुराण के अनुसार भगवान शिव जो कुछ भी अपने शरीर पर धारण करते हैं, उसके पीछे कोई न कोई रहस्य छिपा है।",0033,Hin,f
13,"उधर, राजस्थान बेरोजगार एकीकृत महासंघ के अध्यक्ष उपेन यादव का कहना है कि सरकार को अब जल्दी से जल्दी नियुक्ति आदेश कर चयनितों को राहत देनी चाहिए।",0033,Hin,f
14,अनुमान के अनुसार ये फर्जी निर्यात पन्द्रह  सौ  करोड़ रुपए से अधिक के हैं।,0033,Hin,f
15,आमंत्रण में नाम दर्ज कराए जाने काे लेकर कांग्रसियों में भी जमकर घमासान हुआ है।,0033,Hin,f
16,"रिपोर्ट में खुलासा- डेयरी बेस्ट, मिल्क फूड और महान डेयरी के नाम से देसी घी में वनस्पति-एसेंस की मिलावट",0033,Hin,f
17,तब मुश्किल कैच या स्टम्प ना होते।,0033,Hin,f
18,"जब गर्मियों में पृथ्वी तक पहुंचने वाली सूर्य की किरणों की मात्रा में कमी आती है तो मानसून की गतिविधि धीमी हो जाती है और सूखे की स्थिति बनती है, जैसी आज है।",0033,Hin,f
19,"आईसीसी ने लिखा, ‘हम स्टम्प के पीछे उनका जादू देख चुके हैं।",0033,Hin,f
20,यह दावा ऑस्टेलियाई वैज्ञानिकों ने किया है।,0033,Hin,f
21,कमजोर वर्ग को दस  फीसदी आरक्षण,0033,Hin,f
22,"लेकिन, सांसद के मामले में राष्ट्रपति और निर्वाचन आयोग ही फैसला लेंगे।",0033,Hin,f
23,"'क्या कह रही है बिटिया, क्या बुदबुदा रही है?' अम्मा नीलू ने प्रश्न किया तो वह बोली, 'कुछ नहीं अम्मा, बाद में बताऊंगी|",0033,Hin,f
24,नीलू सोच रही थी कि टीना को जाने क्या हो गया है? कुछ तो बड़बड़ाती रहती है|,0033,Hin,f
25,उस दिन रविवार था|,0033,Hin,f
26,जमनालालजी का आज अवकाश था|,0033,Hin,f
27,कभी-कभी वे अवकाश के दिन भी कार्यालय चले जाते थे|,0033,Hin,f
28,काम ही इतना ज्यादा था कि छुट्टी के दिन भी कार्यालय में बैठना पड़ता था किंतु आज उनका मूड था कि घर पर ही पत्नी और बच्चों के साथ रहकर वे थोड़ा मनोरंजन करें|,0033,Hin,f
29,खाना खाया और टीना के साथ लूडो खेलने बैठ गए|,0033,Hin,f
30,अचानक दरीवाले की आवाज सुनाई पड़ी|,0033,Hin,f
31,"टीना कुछ चौंकी और उठकर बाहर भागने लगी, परंतु कुछ सोचती हुई वापस पलटी और जमनालालजी से बोली, 'बापू आज आप भी चलिए न दरीवाले को देखने|",0033,Hin,f
32,"'क्या, मैं चलूं, क्यों, क्या मैं बच्चा हूं?' वे ठहाका मारकर हंसने लगे|",0033,Hin,f
33,"'जा, तू ही जा, उस दरीवाले को देखने|",0033,Hin,f
34,' इतने सारे प्रश्न सुनकर पहले तो वह कुछ नर्वस हुई किंतु तुरंत संभल गई|,0033,Hin,f
35,"'नहीं बापू कुछ खास बात है, मैं आपको... कुछ बताना चाहती हूं|",0033,Hin,f
36,' वह थोड़ा झिझकी और उनका हाथ पकड़कर बाहर खींचने लगी|,0033,Hin,f
37,"आखिर जमनालालजी थे तो एक बेटी के बाप ही, उठकर खड़े हो गए|",0033,Hin,f
38,"'कहां ले चलती है चल, ये लड़की भी...' यह कहते हुए उसके पीछे चल दिए|",0033,Hin,f
1,अपने जीवन का लक्ष्य निर्धारित करो | और सभी दूसरे विचार  को  अपने दिमाग से निकाल दो यही सफलता की पूंजी है |,0034,Hin,f
2,सफलता पाने के लिए हमें पहले विश्वास करना होगा की हम कर सकते हैं,0034,Hin,f
3,गांधारी ने भी धृतराष्ट्र के साथ वन जाने में सहमति दे दी।,0034,Hin,f
4,हजारों साल पुरानी चट्टानों की आयु का पता लगाने के लिए यूरेनियम-थाेरियम डेटिंग तकनीक का प्रयोग किया जाता है।,0034,Hin,f
5,गुर्जर आंदोलन के तहत तेरह  साल में सात सौ छप्पन  केस दर्ज किए गए।,0034,Hin,f
6,"पीसीए लिस्ट से निकलने पर बैंक लोन दे सकेंगे, नई भर्तियां हो सकेंगी",0034,Hin,f
7,"सहारनपुर में लोग एक कार्यक्रम में हिस्‍सा लेने के लिए उत्‍तराखंड गए थे, जहां उन्‍होंने जहरीली शराब का सेवन किया।",0034,Hin,f
8,"महर्षि वेदव्यास ने धृतराष्ट्र, गांधारी और कुंती से कहा कि आज मैं तुम्हें अपनी तपस्या का प्रभाव दिखाऊंगा।",0034,Hin,f
9,"राज्य भर से प्राप्त रिपोर्ट के अनुसार, परीक्षा में किसी प्रकार की गड़बड़ी की सूचना नहीं है।",0034,Hin,f
10,इन्हीं मंदिरों में से एक है ये भीष्म पितामह का मंदिर।,0034,Hin,f
11,राजधानी इंफाल के कई इलाकों में कर्फ्यू लगा।,0034,Hin,f
12,यहां से शुरू होता है नर्मदा का सफर,0034,Hin,f
13,राजनाथ का कहना था कि अगर हम इन लोगों को शरण नहीं देंगे तो ये लोग कहां जाएंगे।,0034,Hin,f
14,ऐसे में करीब एक लाख यात्रियों को परेशानी हुई।,0034,Hin,f
15,अखिलेश को रोके जाने के मुद्दे पर संसद में जोरदार हंगामा हुआ।,0034,Hin,f
16,मानवाधिकार आयोग भी आगे आया,0034,Hin,f
17,निजी कंपनी को प्लेटफॉर्म टिकट और पार्किंग की दर तय करने का अधिकार होगा।,0034,Hin,f
18,भारतीय कप्तान के नाम उनतालीस   वनडे और पच्चीस  टेस्ट शतक,0034,Hin,f
19,निराशा मिल सकती है।,0034,Hin,f
20,उनके अंदर परिस्थितियों को समझकर उसके अनुसार अपने खेल को ढालने की गजब की क्षमता है।,0034,Hin,f
21,अन्य सभी एयर बेस से इसे विदा किया जा चुका है।,0034,Hin,f
22,सेल बीएसपी में बारह  साल के लंबे संघर्ष बाद पेंशन स्कीम को इस्पात मंत्रालय ने मंजूरी दे दी।,0034,Hin,f
23,बाहर उन्हें वह दरीवाला दिखाई दिया|,0034,Hin,f
24,दूसरी गली की ओर वह मुड़ रहा था|,0034,Hin,f
25,टीना उन्हें घसीटकर दूसरी गली के किनारे तक ले गई|,0034,Hin,f
26,"धीरे से बोली, 'बापू यह गली तो आगे बंद है, इसमें से ही किसी घर में आज चोरी होगी|",0034,Hin,f
27,'क्या पागलों-सी बातें करती है? क्या तू सीआईडी है? तुझे कैसे पता?',0034,Hin,f
28,"'बापू, मैं सच्ची कह रही हूं|",0034,Hin,f
29,इस गली का कोई घर मालिक जरूर ताला लगाकर बाहर गया होगा|,0034,Hin,f
30,उसके यहां चोरी होगी|,0034,Hin,f
31,जमनालालजी को याद आया कि इस गली में रहने वाले उसके एक मित्र रतनलालजी सुबह ही नागपुर एक विवाह समारोह में गए हैं|,0034,Hin,f
32,"उन्होंने पूछा, 'तुमने यह कैसे अंदाज लगाया कि आज यहां चोरी होगी?'",0034,Hin,f
33,"'बापू, मैं तीन माह से इस दरी वाले को देख रही हूं|",0034,Hin,f
34,"जब भी यह आता है और जिस गली में जाता है, वहां चोरी होती है|",0034,Hin,f
35,'मगर तुम गारंटी से कैसे कह सकती हो? अंदाज गलत भी हो सकता है|,0034,Hin,f
36,"किसी पर शक करना...?' वे वाक्य पूरा कर पाते, इसके पहले ही टीना चहक उठी|",0034,Hin,f
37,"'बापू, अपने घर के सामने पुलिस अंकल रहते हैं, तो उन्हें बताने में क्या हर्ज है', टीना ने अपनी छोटी-सी बुद्धि का गोला दागा|",0034,Hin,f
1,अपने जीवन का लक्ष्य निर्धारित करो | और सभी दूसरे विचार  को  अपने दिमाग से निकाल दो यही सफलता की पूंजी है |,0035,Hin,f
2,सफलता पाने के लिए हमें पहले विश्वास करना होगा की हम कर सकते हैं,0035,Hin,f
3,वित्त विधेयक-दो  हज़ार उन्नीस   लोकसभा में पास हुआ,0035,Hin,f
4,पहाड़ों पर एक बार फिर हो सकती है बर्फबारी,0035,Hin,f
5,जलवायु में यह परिवर्तन पृथ्वी की धूरी में बदलाव के कारण होता है।,0035,Hin,f
6,आदेश में खास बात यह है कि घाटे वाले साल में कंपनी का अंशदान अफसरों के लिए तीन  और कर्मियों के लिए दो   प्रतिशत रहेगा।,0035,Hin,f
7,पर्वतराज मैखल की पुत्री नर्मदा को रेवा के नाम से भी जाना जाता है।,0035,Hin,f
8,रेलवे /टिकट चेक करेंगे निजी मार्शल; पार्किंग-खानपान का ठेका भी निजी कंपनियों को मिलेगा,0035,Hin,f
9,दिल्ली-एनसीआर समेत उत्तर-पश्चिम भारत में तेरह  से पन्द्रह  फरवरी के बीच फिर मौसम बिगड़ने वाला है।,0035,Hin,f
10,इसके अलावा यात्री आईआरसीटीसी की वेबसाइट पर जाकर टीडीआर फाइल करके भी रिफंड पा सकते हैं।,0035,Hin,f
11,"वहीं धनबाद के सबसे बड़े सरकारी अस्पताल पीएमसीएच व निजी अस्पतालों में न तो इसकी जांच की व्यवस्था है, न ही वैक्सीन।",0035,Hin,f
12,"दो  हज़ार चार   में संप्रग सरकार के समय जो आर्थिक सर्वेक्षण आया था, उसमें साफ कहा गया था कि वाजपेयी सरकार ठोस अर्थव्यवस्था छोड़कर गई है।",0035,Hin,f
13,इस तरह पन्द्रह  साल गुजर गए।,0035,Hin,f
14,बाकी बचे बैंकों के एनपीए में भी जल्द सुधार की उम्मीद,0035,Hin,f
15,पायलट ने इसकी दिशा फायरिंग रेंज की तरफ करने के बाद इजेक्ट कर लिया।,0035,Hin,f
16,यहां करीब तेरह  देशों ने अपने पंडाल बनाए हैं।,0035,Hin,f
17,पाँच फरवरी को निजी कंपनियों को दिया गया केएसआर बेंगलुरु,0035,Hin,f
18,लोगों के लिए विदेश यात्राओं और विदेशी मुद्रा का प्रबंध कराए जाने के भी सबूत मिले हैं।,0035,Hin,f
19,कांग्रेस समेत सात  दल विधेयक के विरोध में बिल को पहली बार दो  हज़ार सोलह में संसद में पेश किया गया था।,0035,Hin,f
20,काम को पूरे योजनाबद्ध तरीके से करने की कोशिश करें।,0035,Hin,f
21,ये चौदह  महीने चला और नौ   दिसंबर दो  हज़ार सोलह  को हाईकोर्ट ने खत्म किया।,0035,Hin,f
22,भारत ने गैर मुस्लिमों को सुरक्षित माहौल उपलब्ध कराने के लिए पाकिस्तान और बांग्लादेश से समझौता किया है पर इसका पालन नहीं हो रहा।,0035,Hin,f
23,शाम को जमनालालजी ने अपने पड़ोसी पुलिस इंस्पेक्टर शुक्लजी को टीना की बातों से अवगत कराया|,0035,Hin,f
24,उन्होंने सादी वर्दी में एक पुलिस वाले को उस गली के आसपास तैनात कर दिया|,0035,Hin,f
25,रात को तो कमाल ही हो गया|,0035,Hin,f
26,दो चोर रंगेहाथों घर के फाटक के भीतर घुसते हुए पकड़े गए|,0035,Hin,f
27,दूसरे दिन उस दरीवाले को भी पकड़ लिया गया|,0035,Hin,f
28,"थाने में ले जाकर जब उसकी पिटाई हुई तो उसने दो दर्जन चोरियों का खुलासा किया, जो पिछले तीन साल से शहर में हो रही थीं और पुलिस पकड़ने में नाकाम रही थी|",0035,Hin,f
29,"पुलिस इंस्पेक्टर शुक्ल ने टीना से पूछा, 'बेटी, तुमने कैसे जाना कि इस दरीवाले का चोरियों से कुछ सबंध है?'",0035,Hin,f
30,"'अंकल, अपने मुहल्ले में जब लगातार दो चोरियां हुईं तो मैंने अनुभव किया कि चोरी उसी दिन होती है, जब यह दरीवाला आता है|",0035,Hin,f
31,फिर अगली बार जब यह दरीवाला आया तो मैंने उसका चोरी से पीछा किया|,0035,Hin,f
32,"उसी दिन उस गली में चोरी हुई, जिस गली में वह फेरा लगाने भीतर तक गया था|",0035,Hin,f
33,फिर तो यह निश्चित हो गया कि चोरी और इस दरीवाले के बीच कुछ तो संबंध है और मैं अपने बापू को साथ ले गई|,0035,Hin,f
34,टीना की सूझबूझ से चोरियों का भंडाफोड़ हो गया|,0035,Hin,f
35,अब दरीवाला नहीं आता|,0035,Hin,f
36,आएगा कहां से? वह तो हवालात में है|,0035,Hin,f
37,टीना की अम्मा को भी अब टीना के बाहर भागने की चिंता नहीं सताती|,0035,Hin,f
1,अपने जीवन का लक्ष्य निर्धारित करो | और सभी दूसरे विचार  को  अपने दिमाग से निकाल दो यही सफलता की पूंजी है |,0036,Hin,m
2,सफलता पाने के लिए हमें पहले विश्वास करना होगा की हम कर सकते हैं,0036,Hin,m
3,इसमें केमिकल मिलाकर नकली देशी घी बनाने के बाद दो  सौ अस्सी  रुपए में बाजारों में बेचा जाता है।,0036,Hin,m
4,चालू सत्र में इस पर विचार होगा और इसे पारित किया जाएगा।,0036,Hin,m
5,कोहली   दो  सौ बाईस  वनडे में उनतालीस   और सतहत्तर  टेस्ट में पच्चीस शतक लगा चुके हैं।,0036,Hin,m
6,यह बीमारी संक्रमित मुर्गियों और अन्य पक्षियों के काफी निकट रहने से फैलती है।,0036,Hin,m
7,उन्होंने भगवान शिव की तपस्या की तथा उनसे वरदान स्वरूप नर्मदा को पृथ्वी पर अवतरित करवाया।,0036,Hin,m
8,"श्रीकृष्ण बताते हैं कि जो मनुष्य अपनी इंद्रियों पर नियंत्रण रखता है और हमेशा धर्म के रास्ते पर चलता है, ऐसे लोगों से भगवान भी खुश रहते हैं।",0036,Hin,m
9,यहां इंटरनेट सेवा पर भी रोक लगा दी गई।,0036,Hin,m
10,"पशुपालन विभाग की टीम ने इनके सैंपल को जांच के लिए भोपाल भेजा था, जहां से बर्ड फ्लू की पुष्टि की रिपोर्ट आई।",0036,Hin,m
11,"शिव त्रिशूल, जटा, नाग, चंद्रमा, मुंडमाला आदि धारण करते हैं।",0036,Hin,m
12,जो आपको और क्षमतावान बनाएगी।,0036,Hin,m
13,आपको अपने अधिकारों को ठीक से समझते हुए उनका उपयोग करना होगा।,0036,Hin,m
14,इन चार कामों में एक है तपस्या।,0036,Hin,m
15,तप और भगवान का ध्यान करना हर किसी के लिए जरूरी माना जाता है।,0036,Hin,m
16,आज आप खुद को भावनात्मक रूप से बेहद मजबूत महसूस करेंगे।,0036,Hin,m
17,बदमाशों के हाथ में हथियार थे।,0036,Hin,m
18,स्वीकृति ग्यारह  फरवरी के आदेश में मंत्रालय द्वारा की गई है।,0036,Hin,m
19,यह एक पे चेक है जो कि प्रस्तावित पारिश्रमिक (फिल्म को निर्देशित करने) से अधिक है।,0036,Hin,m
20,साहस व धीरज से कार्य करें।,0036,Hin,m
21,दिन का अधिकतम तापमान उन्नीस  और न्यूनतम तापमान आठ  डिग्री दर्ज रहने के आसार हैं।,0036,Hin,m
22,हालांकि इस वेस्टर्न डिस्टरबेंस का मैदानों में ज्यादा असर देखने को नहीं मिलेगा।,0036,Hin,m
23,एक बड़ा जलाशय था। जलाशय में पानी गहरा होता है इसलिए उसमें काई तथा मछलियों का प्रिय भोजन जलीय सूक्ष्म पौधे उगते हैं|,0036,Hin,m
24,ऐसे स्थान मछलियों को बहुत रास आते हैं|,0036,Hin,m
25,उस जलाशय में भी बहुत-सी मछलियां आकर रहती थीं|,0036,Hin,m
26,अंडे देने के लिए तो सभी मछलियां उस जलाशय में आती थीं|,0036,Hin,m
27,वह जलाशय आसानी से नजर नहीं आता था।,0036,Hin,m
28,उसी में तीन मछलियों का झुंड रहता था। उनके स्वभाव भिन्न थे|,0036,Hin,m
29,पिया नामक मछली संकट आने के लक्षण मिलते ही संकट टालने का उपाय करने में विश्वास रखती थी|,0036,Hin,m
30,रिया कहती थी कि संकट आने पर ही उससे बचने का यत्न करो|,0036,Hin,m
31,चिया का सोचना था कि संकट को टालने या उससे बचने की बात बेकार है|,0036,Hin,m
32,"करने-कराने से कुछ नहीं होता, जो किस्मत में लिखा है, वह होकर रहेगा।",0036,Hin,m
33,एक दिन शाम को मछुआरे नदी में मछलियां पकड़कर घर जा रहे थे|,0036,Hin,m
34,बहुत कम मछलियां उनके जालों में फंसी थीं|,0036,Hin,m
35,अत: उनके चेहरे उदास थे। तभी उन्हें झाड़ियों के ऊपर मछलीखोर पक्षियों का झुंड जाता दिखाई दिया।,0036,Hin,m
1,अपने जीवन का लक्ष्य निर्धारित करो | और सभी दूसरे विचार  को  अपने दिमाग से निकाल दो यही सफलता की पूंजी है |,0037,Hin,m
2,सफलता पाने के लिए हमें पहले विश्वास करना होगा की हम कर सकते हैं,0037,Hin,m
3,साथ ही वह ऑनलाइन स्टेटस भी चैक कर सकते हैं।,0037,Hin,m
4,समाजवादी पार्टी के राष्ट्रीय अध्यक्ष और उत्तर प्रदेश के पूर्व मुख्मयंत्री अखिलेश यादव को मंगलवार को लखनऊ एयरपोर्ट पर प्रयागराज जाने से रोक दिया गया।,0037,Hin,m
5,नारद मुनि के उकसाने पर सती माता ने शिवजी से हठ करके माला का रहस्य जानना चाहा।,0037,Hin,m
6,ग्रेन एक्स इंडिया में देशभर से शामिल होने अाए दाल के व्यापारियों ने रविवार को प्रदर्शनी के समापन अवसर पर एक बड़ा निर्णय लिया।,0037,Hin,m
7,छब्बीस  ट्रेनें रद्द करनी पड़ीं।,0037,Hin,m
8,"इसके अलावा भृगुक्षेत्र, शंखोद्वार, धूतताप, कोटीश्वर, ब्रह्मतीर्थ, भास्करतीर्थ, गौतमेश्वर।",0037,Hin,m
9,भूमध्य और मध्य पूर्व से भी होकर गुजरेगा पोत,0037,Hin,m
10,उत्तर अफ्रीका में ऐसा होता है।,0037,Hin,m
11,कोर्ट ने इस पर फैसला सुरक्षित रख लिया था।,0037,Hin,m
12,यह निर्णय स्टूडेंट्स की कॉन्सेप्चुअल क्लियरिटी और एनालिटिकल स्किल्स को बढ़ाने के लिए लिया गया है।,0037,Hin,m
13,इस दौरान पचास  लाख का माल जब्त किया गया है।,0037,Hin,m
14,"नर्मदा जयंती / मां नर्मदा जन्मोत्सव शुरू, जलमंच से अभिषेक और महाआरती आज",0037,Hin,m
15,राजस्थान हाईकोर्ट ने तृतीय श्रेणी शिक्षक भर्ती-दो  हज़ार अठारह (लेवल-वन) मामले में अपील खारिज कर दी है।,0037,Hin,m
16,दिल्ली में न्यूनतम तापमान फरवरी महीने के सबसे निचले स्तर पर सामान्य से चार डिग्री नीचे छह डिग्री रहा।,0037,Hin,m
17,यह खुलासा हुआ है देसी घी के लिए गए सैंपल रिपोर्ट में।,0037,Hin,m
18,उनकी इस प्रतिज्ञा पर ही उन्हें अपने पिता द्वारा 'इच्छामृत्यु' का वरदान मिला था।,0037,Hin,m
19,मुझे लगता है कि यदि वे इसी तरह से अपना प्रदर्शन जारी रखते हैं तो अगले कुछ साल में यदि वे महानतम क्रिकेटर नहीं बन पाए तो भी महान क्रिकेटर्स की सूची में दर्ज करा लेंगे।,0037,Hin,m
20,"ये बात तो सभी जानते हैं कि महाभारत के युद्ध में पांडवों ने भीष्म, द्रोणाचार्य, दुर्योधन, कर्ण आदि योद्धाओं का वध कर दिया था, लेकिन ये बात बहुत कम लोग जानते हैं कि महाभारत युद्ध में मारे गए सभी वीर एक रात के लिए पुनर्जीवित हुए थे।",0037,Hin,m
21,"चट्टानों पर बनी पेंटिंग और जीवाश्म बताते हैं कि कभी यहां इंसानों, पेड़-पौधों का अस्तित्व था",0037,Hin,m
22,शिव के आदेशानुसार वह एक नदी के रूप में देश के एक बड़े भूभाग में रव (आवाज) करती हुई प्रवाहित होने लगी।,0037,Hin,m
23,सबकी चोंच में मछलियां दबी थी|  वे चौंके।,0037,Hin,m
24,"एक ने अनुमान लगाया, 'दोस्तों! लगता है झाड़ियों के पीछे नदी से जुड़ा जलाशय है, जहां इतनी सारी मछलियां पल रही हैं।'",0037,Hin,m
25,मछुआरे पुलकित होकर झाड़ियों में से होकर जलाशय के तट पर आ निकले और ललचाई नजर से मछलियों को देखने लगे।,0037,Hin,m
26,"एक मछुआरा बोला, 'अहा! इस जलाशय में तो मछलियां भरी पड़ी हैं। आज तक हमें इसका पता ही नहीं लगा।'",0037,Hin,m
27,'यहां हमें ढेर सारी मछलियां मिलेंगी।' दूसरा बोला।,0037,Hin,m
28,"तीसरे ने कहा, 'आज तो शाम घिरने वाली है, कल सुबह ही आकर यहां जाल डालेंगे।'",0037,Hin,m
29,इस प्रकार मछुआरे दूसरे दिन का कार्यक्रम तय करके चले गए|,0037,Hin,m
30,तीनों मछलियों ने मछुआरे की बात सुन ली थी।,0037,Hin,m
31,"पिया मछली ने कहा, 'साथियो! तुमने मछुआरे की बात सुन ली|",0037,Hin,m
32,अब हमारा यहां रहना खतरे से खाली नहीं हैं|,0037,Hin,m
33,खतरे की सूचना हमें मिल गई है। समय रहते अपनी जान बचाने का उपाय करना चाहिए|,0037,Hin,m
34,मैं तो अभी ही इस जलाशय को छोड़कर नहर के रास्ते नदी में जा रही हूं|,0037,Hin,m
35,"उसके बाद मछुआरे सुबह आएं, जाल फेंके, मेरी बला से। तब तक मैं तो बहुत दूर अठखेलियां कर रही होऊंगी।'",0037,Hin,m
36,"रिया मछली बोली, 'तुम्हें जाना है तो जाओ, मैं तो नहीं आ रही|",0037,Hin,m
1,अपने जीवन का लक्ष्य निर्धारित करो | और सभी दूसरे विचार  को  अपने दिमाग से निकाल दो यही सफलता की पूंजी है |,0038,Hin,f
2,सफलता पाने के लिए हमें पहले विश्वास करना होगा की हम कर सकते हैं,0038,Hin,f
3,पेंशन मद में कंपनी अंशदान कंपनी द्वारा अर्जित लाभ/हानि के अनुसार निर्धारित किया जाएगा व इसे प्रत्येक वित्त वर्ष के बाद पेंशन ट्रस्ट को पेंशन के वित्तीय प्रबंधन के लिए दिया जाएगा।,0038,Hin,f
4,ऐसे मनुष्य पर देवी-देवता हमेशा रूठे रहते हैं।,0038,Hin,f
5,"समापन समारोह में राष्ट्रपति, रक्षा मंत्री सहित कई देशों के प्रतिनिधि उपस्थित रहेंगे।",0038,Hin,f
6,एक वेस्टर्न डिस्टरबेंस एक्टिव होने के आसार,0038,Hin,f
7,यह सोलहवीं लोकसभा का आखिरी सत्र है।,0038,Hin,f
8,वैज्ञानिकों का कहना है कि समुद्र की अम्लता का सीधा असर फायटोप्लैंक्टन पर पड़ेगा।,0038,Hin,f
9,"इसमें स्नान, आचमन करने से पुण्य तो मिलता ही है केवल इसके दर्शन से भी पुण्य लाभ होता है।",0038,Hin,f
10,पुलिस ने शराब कांड में अब तक  दो सौ पचास  मामले दर्ज किए हैं।,0038,Hin,f
11,"अफसरों के मुताबिक, बेंगलुरु के बाद अब पुणे, सिकंदराबाद, चंडीगढ़ और आनंद विहार स्टेशनों पर गैर परिचालन कार्यों और सुविधाओं को निजी कंपनियों में दिया जा रहा है।",0038,Hin,f
12,उन्हें आईसीसी की टेस्ट और वनडे टीम का कप्तान भी चुना गया है।,0038,Hin,f
13,"इसलिए, हर किसी को सच बोलने और हर परिस्थिति में सच का ही साथ देने का गुण अपनाना चाहिए।",0038,Hin,f
14,मौसम खुलेगा तो बढ़ेगी ठंड  :,0038,Hin,f
15,ट्विटर इंडिया ने इसे अखिलेश की चौपाल नाम दिया था।,0038,Hin,f
16,"मंत्री ने कहा, ""ब्रिटेन वास्तव में वैश्विक हित वाली एक विश्व शक्ति है।",0038,Hin,f
17,तब धृतराष्ट्र व गांधारी ने युद्ध में मृत पुत्रों तथा कुंती ने कर्ण को देखने की इच्छा प्रकट की।,0038,Hin,f
18,"माना एयरपोर्ट, अंबिकापुर, दुर्ग में भी हल्की बारिश हुई।",0038,Hin,f
19,पेट्रोलपंप कर्मियों ने बताया कि बदमाश रात तीन  बजे पहुंचे।,0038,Hin,f
20,यह सामान्य से सात डिग्री कम है। सुबह हवा में नमी उनहत्तर फीसदी थी।,0038,Hin,f
21,बी.बार रीडिंग ज्यादा थी।,0038,Hin,f
22,बाण लगने से घायल भगवान कृष्ण भालका से थोड़ी दूर पर स्थित हिरण नदी के किनारे पहुंचे।,0038,Hin,f
23,"अभी खतरा आया कहां है, जो इतना घबराने की जरूरत है। हो सकता है संकट आए ही न|",0038,Hin,f
24,"उन मछुआरों का यहां आने का कार्यक्रम रद्द हो सकता है, हो सकता है रात को उनके जाल चूहे कुतर जाएं|",0038,Hin,f
25,"हो सकता है, उनकी बस्ती में आग लग जाए। भूचाल आकर उनके गांव को नष्ट कर सकता है या रात को मूसलधार वर्षा आ सकती है और बाढ़ में उनका गांव बह सकता है इसलिए उनका आना निश्चित नहीं है|",0038,Hin,f
26,"जब वे आएंगे, तब की तब सोचेंगे। हो सकता है मैं उनके जाल में ही न फंसूं।'",0038,Hin,f
27,"चिया ने भाग्यवादी बात कही, 'भागने से कुछ नहीं होने का|",0038,Hin,f
28,मछुआरों को आना है तो वे आएंगे|,0038,Hin,f
29,हमें जाल में फंसना है तो हम फंसेंगे|,0038,Hin,f
30,किस्मत में मरना ही लिखा है तो क्या किया जा सकता है?',0038,Hin,f
31,इस प्रकार पिया तो उसी समय वहां से चली गई|,0038,Hin,f
32,रिया और चिया जलाशय में ही रही|,0038,Hin,f
33,भोर हुई तो मछुआरे अपने जाल को लेकर आए और लगे जलाशय में जाल फेंकने और मछलियां पकड़ने|,0038,Hin,f
34,रिया ने संकट को आए देखा तो लगी जान बचाने के उपाय सोचने|,0038,Hin,f
35,उसका दिमाग तेजी से काम करने लगा|,0038,Hin,f
36,आस-पास छिपने के लिए कोई खोखली जगह भी नहीं थी|,0038,Hin,f
1,अपने जीवन का लक्ष्य निर्धारित करो | और सभी दूसरे विचार  को  अपने दिमाग से निकाल दो यही सफलता की पूंजी है |,0039,Hin,f
2,सफलता पाने के लिए हमें पहले विश्वास करना होगा की हम कर सकते हैं,0039,Hin,f
3,कुछ कट्टों में सफेद रंग का चिकना पदार्थ मिला।,0039,Hin,f
4,पशुपालन विभाग ने इसके लिए टीम गठित कर दी है।,0039,Hin,f
5,शिवजी ने कहा कि यह आपका एक  सौ  आठ   वां जन्म है।,0039,Hin,f
6,सेठानी घाट पवित्र स्थान है यदि नर्मदा जयंती के दिन होशंगाबाद में ही रहा तो सेठानी घाट पर भी पूजन करने जा सकता हूं।,0039,Hin,f
7,नई नौकरी या नए काम के योग हैं।,0039,Hin,f
8,नर्मदा जयंती महोत्सव के आमंत्रण कार्ड से नाम हटने का कारण सांसद राव उदयप्रताप सिंह ने अफसरशाही को बतया है।,0039,Hin,f
9,फिर भी मिलावटियों पर एक्शन नहीं लिया।,0039,Hin,f
10,"इनमें से  दो  सौ तैंतीस  सरकार ने वापस ले लिए, जबकि सोलह दो   में पुलिस ने एफआर लगा दी।",0039,Hin,f
11,सांसद ने नर्मदा जयंती उत्सव में महत्व नहीं देने पर पर भी आपत्ति जताई है।,0039,Hin,f
12,अगर यूजर ने रिजर्वेशन विंडो से टिकट खरीदा है तो ऐसे टिकट को कैंसल कराने के लिए उसे किसी भी नजदीकी रेलवे स्टेशन तक जाना होगा।,0039,Hin,f
13,बैठक रात एक बजे तक चली।,0039,Hin,f
14,शिव के गले में पड़ी यह माला एक  सौ  आठ   सिरों की हैं।,0039,Hin,f
15,"इस विधेयक के माध्यम से वैसे लोगों को आरक्षण मिलेगा जो राज्य के अधीन सेवाओं में आर्थिक रूप से कमजोर वर्गों जो सरकारी सेवाओं व शैक्षणिक संस्थानों में अनुसूचित जाति, अनुसूचित जनजाति, पिछड़ा वर्ग व अत्यंत पिछड़ा वर्गों के लिए मौजूदा आरक्षण योजना में नहीं आते।",0039,Hin,f
16,"प्रतिस्पर्धा की भावना ना रखें, अपनों से झगड़े में ना उलझें।",0039,Hin,f
17,यहां नदी के किनारे आज भी भगवान के चरणों के निशान मौजूद हैं।,0039,Hin,f
18,"लेकिन पास ही कई खाली पीपे भी मिले, जिनसे पुष्टि हुई कि रिफाइंड काम में लिया जा रहा था।",0039,Hin,f
19,ट्रेन रद्द होने की स्थिति में आईआरसीटीसी खुद ही टिकट को कैंसल कर देगा और पूरा पैसा रिफंड कर देगा।,0039,Hin,f
20,इसके चलते राजधानी और दूरंतो एक्सप्रेस जैसी कई ट्रेनें नहीं चल रही हैं।,0039,Hin,f
21,अब हमें पुरानी बातों को भुलाकर ऑस्ट्रेलिया के खिलाफ होने वाली सीरीज पर ध्यान लगाना होगा।,0039,Hin,f
22,"हालांकि, इन बदलावों को नग्न आंखों से देखना बहुत मुश्किल होगा।",0039,Hin,f
23,तभी उसे याद आया कि उस जलाशय में काफी दिनों से एक मरे हुए ऊदबिलाव की लाश तैरती रही है|,0039,Hin,f
24,वह उसके बचाव के काम आ सकती है|,0039,Hin,f
25,जल्दी ही उसे वह लाश मिल गई|  लाश सड़ने लगी थी|,0039,Hin,f
26,रिया लाश के पेट में घुस गई और सड़ती लाश की सड़ाध अपने ऊपर लपेटकर बाहर निकली|,0039,Hin,f
27,कुछ ही देर में मछुआरे के जाल में रिया फंस गई|,0039,Hin,f
28,मछुआरे ने अपना जाल खींचा और मछलियों को किनारे पर जाल से उलट दिया|,0039,Hin,f
29,"बाकी मछलियां तो तड़पने लगीं, परंतु रिया दम साधकर मरी हुई मछली की तरह पड़ी रही|",0039,Hin,f
30,मछुआरे को सड़ांध का भभका लगा तो मछलियों को देखने लगा|,0039,Hin,f
31,"उसने निर्जीव पड़ी रिया को उठाया और सूंघा, 'आक! यह तो कई दिनों की मरी मछली हैं। सड़ चुकी है|",0039,Hin,f
32,' ऐसे बड़बड़ाकर बुरा-सा मुंह बनाकर उस मछुआरे ने रिया को जलाशय में फेंक दिया।,0039,Hin,f
33,रिया अपनी बुद्धि का प्रयोग कर संकट से बच निकलने में सफल हो गई थी|,0039,Hin,f
34,पानी में गिरते ही उसने गोता लगाया और सुरक्षित गहराई में पहुंचकर जान की खैर मनाई।,0039,Hin,f
35,चिया भी दूसरे मछुआरे के जाल में फंस गई थी और एक टोकरे में डाल दी गई थी|,0039,Hin,f
36,भाग्य के भरोसे बैठी रहने वाली चिया ने उसी टोकरी में अन्य मछलियों की तरह तड़प-तड़पकर प्राण त्याग दिए।,0039,Hin,f
37,सीख : भाग्य के भरोसे हाथ पर हाथ धरकर बैठे रहने वाले का विनाश निश्चित है|,0039,Hin,f
38,"पिया की तरह संकट का संकेत मिलते ही उपाय सोचना सबसे उत्तम है, रिया की तरह संकट आने पर दिमाग लगाना भी उचित हो सकता है लेकिन चिया की तरह भाग्य के भरोसे रहना सबसे खतरनाक है।",0039,Hin,f
1,अपने जीवन का लक्ष्य निर्धारित करो | और सभी दूसरे विचार  को  अपने दिमाग से निकाल दो यही सफलता की पूंजी है |,0040,Hin,m
2,सफलता पाने के लिए हमें पहले विश्वास करना होगा की हम कर सकते हैं,0040,Hin,m
3,हालांकि बारिश की संभावना कम है।,0040,Hin,m
4,यह क्रम लगातार जारी रहा है।,0040,Hin,m
5,तेजप्रताप यादव ने पूर्व मुख्यमंत्री जीतनराम मांझी के आवास पर जाकर मुलाकात की और पूछने पर सामान्य मुलाकात बताया।,0040,Hin,m
6,यदि रीट के अंकों के आधार पर भर्ती हुई तो वर्ष दो  हज़ार पन्द्रह  में हुई रीट के अभ्यर्थियों को इसका फायदा मिलेगा।,0040,Hin,m
7,वह भिन्न प्रकार की वस्तुओं को खुद पर धारण करते हैं।,0040,Hin,m
8,प्राचार्य डॉ. मिश्रा ने कहा कि किसी भी काम को करने के लिए उसकी पूर्व से तैयारी करना आवश्यक है।,0040,Hin,m
9,इसके साथ ही दो  सौ  बीस  लीटर सोयाबीन ऑयल में एक लीटर केमिकल मिलाकर दो सौ  बीस  लीटर तिल का तेल तैयार किया गया है।,0040,Hin,m
10,"बारह  सालों में महज तीन  वित्तीय वर्ष घाटे में रही कंपनी, ज्यादा प्रभाव नहीं",0040,Hin,m
11,तुम्हारी जो इच्छा हो वह मांग लो।,0040,Hin,m
12,"गंगा, यमुना, सरस्वती एवं नर्मदा को ऋग्वेद, सामवेद, यर्जुवेद एवं अथर्ववेद के सदृश्य समझा जाता है।",0040,Hin,m
13,कोर्ट ने शुक्रवार को छब्बीस  हजार शिक्षकों की नियुक्ति पर से रोक हटा ली थी।,0040,Hin,m
14,नर्मदा अपने उद्गम स्थल अमरकंटक से निकलकर लगभग आठ  किलोमीटर दूरी पर दुग्धधारा जलप्रपात तथा दस  किलोमीटर पर दूरी पर कपिलधारा जलप्रपात बनाती हैं।,0040,Hin,m
15,पीसीए लिस्ट में शामिल बैंकों के लिए रिकैपिटलाइजेशन के लिए दिसंबर और जनवरी में कदम उठाए जा चुके हैं।,0040,Hin,m
16,अब यही ताकत लोकसभा चुनावों में भी परचम फहराएगी।,0040,Hin,m
17,"हालांकि, उन्होंने आरोपियों की पहचान नहीं बताई।",0040,Hin,m
18,कुशीनगर के तमकुहीराज के सीओ और सहारनपुर में देवबंद के सीओ को सस्पेंड कर दिया गया है।,0040,Hin,m
19,रिम्स के डॉ. जेके मित्रा ने बताया कि बर्ड फ्लू (एच फाइव  एन वन ) के वायरस का संक्रमण इंसानों व पक्षियों को सबसे ज्यादा प्रभावित करता है।,0040,Hin,m
20,दिन का अधिकतम तापमान बीस  और न्यूनतम तापमान नौ   डिग्री रह सकता है।,0040,Hin,m
21,टीम ने इस घीया पत्थर को जब्त कर लिया है वहीं मौके पर मौजूद अरहर दाल में केसारी दाल की संभावना होने पर पन्द्रह  सौ  किलोग्राम दाल जब्त की गई है।,0040,Hin,m
22,"सूरज धर्म का पालन करने वाले और अधर्मी, दोनों ही तरह के लोगों को रोशनी देता है।",0040,Hin,m
23,एक चिड़िया मस्त गगन में गाती-गुनगुनाती घूमती रहती थी|,0040,Hin,m
24,सब उसकी बहुत तारीफ करते थे|,0040,Hin,m
25,सब उसकी आवाज पर मोहित थे|,0040,Hin,m
26,यह खबर कुछ गिद्धों तक पहुंची तो उन्हें यह बहुत नागवार गुजरा|,0040,Hin,m
27,आपस में उनकी बैठक हुई|,0040,Hin,m
28,सयाने गिद्ध ने कहा कि ये चिड़िया बहुत उड़ रही है और हमारे सम्मान को चोट पहुंचाती है|,0040,Hin,m
29,इसके पर कतरना जरूरी है|,0040,Hin,m
30,"सभी एकमत हो गए और करीब हरेक गिद्ध ने चिल्लाना शुरू कर दिया कि ये चिड़िया गलत है, इसे गाना नहीं गाना चाहिए, ये हमारे समाज को कलंकित कर रही है|",0040,Hin,m
31,"चिड़िया के माता-पिता पर दबाव डाला गया, चिड़िया को डराया गया, समाज से बहिष्कृत करने की धमकी दी गई लेकिन चिड़िया नहीं डरी और उसने स्पष्ट कर दिया कि उसकी आवाज किसी एक धर्म और समाज की नहीं है|",0040,Hin,m
32,उसकी आवाज मानवता की आवाज है और मौत का डर भी उसे संगीत से अलग नहीं कर सकता|,0040,Hin,m
33,गिद्ध सकते में थे कि इस नन्ही-सी चिड़िया में इतना मनोबल कैसे आ गया?,0040,Hin,m
34,और चिड़िया मौत के डर से आगे गाती हुई बढ़ रही थी जीत की ओर|,0040,Hin,m
35,इस बहादुर चिड़िया को हजारों सलाम|,0040,Hin,m
1,अपने जीवन का लक्ष्य निर्धारित करो | और सभी दूसरे विचार  को  अपने दिमाग से निकाल दो यही सफलता की पूंजी है |,0041,Hin,m
2,सफलता पाने के लिए हमें पहले विश्वास करना होगा की हम कर सकते हैं,0041,Hin,m
3,ऐसा कहकर महर्षि वेदव्यास ने सभी को गंगा तट पर चलने के लिए कहा।,0041,Hin,m
4,इस मामले में गत उन्नीस  जनवरी को बहस पूरी हो गई थी।,0041,Hin,m
5,शरीर के लिए यह चिंता न करना कि क्‍या पहनेंगे।,0041,Hin,m
6,ये सावधानियां जरूरी,0041,Hin,m
7,नर्मदा द्वारा वर मांगने पर भगवान शिव ने नर्मदा के हर पत्थर को शिवलिंग सदृश्य पूजने का आशीर्वाद दिया तथा यह वर भी दिया कि तुम्हारे दर्शन से ही मनुष्य पुण्य को प्राप्त करेगा।,0041,Hin,m
8,उत्तरप्रदेश व उत्तराखंड में जहरीली शराब से अब तक  एक  सौ बारह  लोगों की जान जा चुकी है।,0041,Hin,m
9,"अब बिंदायका में पकड़ी घटिया दाल को चमकाने की फैक्ट्री, पन्द्रह हज़ार  किलो दाल व  चार सौ पचास  किलो सोप स्टोन जब्त",0041,Hin,m
10,"इससे अफगानिस्तान, बांग्लादेश और पाकिस्तान के गैर मुस्लिमों (हिंदू, सिख, जैन, बौद्ध, पारसी और ईसाई) को भारत की नागरिकता देने में आसानी होगी।",0041,Hin,m
11,नर्मदा नदी को मध्यप्रदेश की जीवन-रेखा कहा जाता है।,0041,Hin,m
12,इसके बाद असली और नकली देशी घी में फर्क बताना मुश्किल हो जाता था।,0041,Hin,m
13,"ये बात पढ़ने में थोड़ी अजीब जरूर लग सकती है, लेकिन इस घटना का पूरा वर्णन महर्षि वेदव्यास द्वारा रचित महाभारत ग्रंथ के आश्रमवासिक पर्व में मिलता है।",0041,Hin,m
14,इसके लिए विधानसभा में विधेयक पेश होगा।,0041,Hin,m
15,तुम्‍हारे मांगने से पहले ही प्रभु को यह मालूम है कि तुम्‍हारी जरूरतें क्‍या-क्‍या हैं।,0041,Hin,m
16,शुक्रवार को राजधानी में दिनभर आसमान में बादल रहे। हल्की बारिश और बूंदाबांदी भी हुई।,0041,Hin,m
17,सेंटर सुपरिंटेंडेंट ने तत्काल इसकी जानकारी भी जिला शिक्षा पदाधिकारी समेत सभी लोगों को दी।,0041,Hin,m
18,इसलिए भर्ती लिखित परीक्षा या स्कैलिंग के जरिए हो और नॉर्मलाइजेशन किया जाए।,0041,Hin,m
19,हर बीस  हजार साल में पृथ्वी अधिक धूप से कम की ओर घूमती है।,0041,Hin,m
20,इसी के चलते राज्यसभा को बुधवार तक के लिए स्थगित कर दिया गया।,0041,Hin,m
21,"दिन शुभ है, आप आत्मविश्वास से भरे रहेंगे।",0041,Hin,m
22,कांग्रेसियों में भी हुआ घमासान,0041,Hin,m
23,ताजपुर जंगल में शाम का समय था। हल्की-हल्की सर्द हवा बह रही थी। आसमान में बादल थे।,0041,Hin,m
24,"ऐसा लग रहा था, जैसे बरसात होगी।",0041,Hin,m
25,सब जानवर अपना खाना खाकर तेजी से अपने-अपने घरों की तरफ जा रहे थे।,0041,Hin,m
26,बीनू बाज भी आसमान के रास्ते अपने घोंसले की तरफ जा रहा था।,0041,Hin,m
27,आज वह अपने घोंसले से बहुत दूर आ गया था इसलिए वह जल्दी से उड़कर अपने घर पहुंचना चाहता था।,0041,Hin,m
28,अचानक उसकी निगाह नीचे एक पहाड़ी की ओट में पड़ी।,0041,Hin,m
29,उसने देखा कि चार भेड़िये अपने मुंह पर कपड़ा बांधे और अपने आपको दूसरे जानवरों से बचाते व छुपाते हुए ताजपुर के जंगल की तरफ बढ़ रहे थे।,0041,Hin,m
30,बीनू बाज को उनकी इस हरकत पर कुछ शक हुआ।,0041,Hin,m
31,उसने एक बार तो सोचा कि मरने दो मुझे क्या?,0041,Hin,m
32,"लेकिन उसने सुन रखा था कि उसके जंगल पर आने वाले नए साल के मौके पर कुछ आतंकी हमला कर सकते हैं, तो उसने उन चारों भेड़ियों की हरकत के बारे में पता लगाने का निश्चय किया।",0041,Hin,m
33,वह धीरे से नीचे आया और एक पेड़ पर छुपकर बैठ गया।,0041,Hin,m
34,अब बीनू बाज तो उन चारों भेड़ियों को देख सकता था लेकिन वो चारों उसको नहीं देख सकते थे।,0041,Hin,m
35,वो चारों भेड़िये भी उसी पेड़ के नीचे आकर बैठ गए। काले बादलों की वजह से अंधेरा होने लगा था।,0041,Hin,m
36,"चारों भेड़ियों में से एक बोला- बस अब थोड़ी देर की बात है, जब ताजपुर जंगल के सब जानवर सो जाएंगे और फिर हम उन पर हमला कर देंगे।",0041,Hin,m
37,"दूसरा बोला- हां, सब अपने-अपने हथियार चेक कर लो।",0041,Hin,m
1,अपने जीवन का लक्ष्य निर्धारित करो | और सभी दूसरे विचार  को  अपने दिमाग से निकाल दो यही सफलता की पूंजी है |,0042,Hin,m
2,सफलता पाने के लिए हमें पहले विश्वास करना होगा की हम कर सकते हैं,0042,Hin,m
3,आप चाहें तो यहां सड़क मार्गों से भी पहुंच सकते हैं।,0042,Hin,m
4,लालपुर मौसम केंद्र के सहायक मौसम विज्ञानी पीएल देवांगन के अनुसार अभी नमी और बादलों की वजह से रात का तापमान सामान्य से छह-सात डिग्री ऊपर चला गया है।,0042,Hin,m
5,"धर्म शास्त्रों के अनुसार, इस दिन भीष्म पितामह ने सूर्य के उत्तरायण होने पर अपने प्राण त्यागे थे।",0042,Hin,m
6,हम आपको बताएंगे कि शिव के गले में पड़ी मुंडमाला का रहस्य।,0042,Hin,m
7,"क्‍या प्राण भोजन से और शरीर वस्‍त्र से बढ़कर नहीं है? अगर प्राण और शरीर की रक्षा प्रभु करते हैं, तो बाकी भी उनकी मर्जी पर छोड़ दो।",0042,Hin,m
8,यहां का नजदीकी रेलवे स्टेशन वेरावल है।,0042,Hin,m
9,शाम तक यह उनासी  फीसदी पहुंच गई।,0042,Hin,m
10,रेलवे ने बारह  फरवरी को चलने वाली चार सौ  चौंसठ ट्रेनों को रद्द कर दिया है।,0042,Hin,m
11,इसी तरह पन्द्रह  फरवरी को आनंद विहार स्टेशन को भी एक दूसरी निजी कंपनी को सौंपा जाएगा।,0042,Hin,m
12,इस मामले में समूह फर्जी बिलों के जरिए जीएसटी का दावा कर रहा था।,0042,Hin,m
13,कुछ चुटीली बातें भी सुनने को नहीं मिलतीं।,0042,Hin,m
14,कुल मिलाकर खिलाड़ियों ने पूरे दौरे पर अच्छा प्रदर्शन किया।,0042,Hin,m
15,इस्पात मंत्रालय ने पेंशन स्कीम को भले ही मंजूरी दे दी है लेकिन स्कीम को संचालित करने वाले ट्रस्ट का गठन होना अभी भी बाकी है।,0042,Hin,m
16,"एसटीएफ ने एक पार्टनर सूरज मेहता, सुपर वाईजर अरविन्द सिंह और गेट कीपर सुरेश मिश्रा को गिरफ्तार कर लिया।",0042,Hin,m
17,"नर्मदा जयंती आज / पर्वतराज मैखल की पुत्री है मां नर्मदा, भारत की हैं पांचवी बड़ी नदी",0042,Hin,m
18,तमाम अफसरों के निलंबन के बाद रविवार को चौंसठ  पुलिसकर्मियों को लाइन हाजिर किया गया।,0042,Hin,m
19,यह दक्षिणी ऑस्ट्रेलिया के तटीय क्षेत्रों में ज्यादा पाई जाती हैं।,0042,Hin,m
20,इस मामले में मुख्यमंत्री योगी आदित्यनाथ के कड़े रुख के बाद यूपी पुलिस ने  दो सौ पचास  से अधिक लोगों को गिरफ्तार किया है।,0042,Hin,m
21,सैंपल लिए गए हैं।,0042,Hin,m
22,आपकी चंचलता के चलते संबंध कमजोर हो सकते हैं।,0042,Hin,m
23,इतना कहने पर सबने अपने थैलों में छिपाई हुई आधुनिक बंदूक को निकालकर देखा और सबने एकसाथ कहा- सब ठीक है।,0042,Hin,m
24,अब बीनू बाज भी घबरा गया और उसका शक ठीक था।,0042,Hin,m
25,अब उसने सोचा कि सब जंगल वालों को इसके बारे में बताना चाहिए जिससे कि वो अपने बचाव में कुछ कर सकें।,0042,Hin,m
26,वह तुरंत धीरे से उस पेड़ से उड़ा और अपने ताजपुर जंगल के द्वार पर पंहुचा।,0042,Hin,m
27,डर और घबराहट से वह पसीने पसीने हो रहा था।,0042,Hin,m
28,उसको इस हालत में देखकर खेमू खरगोश बोला- अरे बीनू इतना घबराए और बदहवास से कहां भागे जा रहे हो?,0042,Hin,m
29,इतना सुनकर बीनू बाज रुका और नीचे आकर खेमू खरगोश के पास बैठ गया।,0042,Hin,m
30,उसने जल्दी से उन आतंकी भेड़ियों की बात उसे बताई।,0042,Hin,m
31,अब खेमू खरगोश भी परेशान हो गया और काफी घबरा गया।,0042,Hin,m
32,बीनू बाज जाने लगा और बोला- मुझे सारे जंगलवासियों को बताना पड़ेगा।,0042,Hin,m
33,इतना सुनकर खेमू खरगोश बोला- बीनू यदि तुम ये बात सारे जंगल को बताओगे तो सारे जंगलवासी घबरा जाएंगे तथा जंगल में ज्यादा हलचल और भगदड़ मच जाएगी।,0042,Hin,m
34,इसे देखकर हो सकता है कि वो भेड़िये आज हमला ना करके फिर कभी करें और हो सकता है कि अगली बार हमें ना पता लगे कि वो कब हमला करेंगे इसलिए उन्हें हमें आज ही पकड़ना पड़ेगा और अपने जंगल को भी बचाना पड़ेगा।,0042,Hin,m
35,बीनू बाज को खेमू खरगोश की बात में दम लग रहा था।,0042,Hin,m
36,वह थोड़ी देर चुप होकर बोला- फिर हम दोनों कैसे अकेले अपने जंगल को बचाएं?,0042,Hin,m
37,"खेमू खरगोश बोला- हम दोनों ये नहीं कर सकते इसलिए हमें और साथी लेने पड़ेंगे, हमारे पास समय है।",0042,Hin,m
1,अपने जीवन का लक्ष्य निर्धारित करो | और सभी दूसरे विचार  को  अपने दिमाग से निकाल दो यही सफलता की पूंजी है |,0043,Hin,m
2,सफलता पाने के लिए हमें पहले विश्वास करना होगा की हम कर सकते हैं,0043,Hin,m
3,राजस्थान में जारी गुर्जर आंदोलन की वजह से भी ट्रेनों के परिचालन में अवरोध उत्पन्न हो रहा है।,0043,Hin,m
4,"पिछले महीने बैंक ऑफ इंडिया, बैंक ऑफ महाराष्ट्र और ओरिएंटल बैंक ऑफ कॉमर्स पिछले महीने पीसीए लिस्ट से बाहर हो चुके हैं।",0043,Hin,m
5,सांसद ने कहा- नाम कटने के जिम्मेदार अफसर,0043,Hin,m
6,और वो अमर नहीं हो सकीं और उन्होने अपने पिता राजा दक्ष के यज्ञ में कूद कर आतम हत्या कर ली ।,0043,Hin,m
7,अब चिकित्सा विभाग इनके खिलाफ चालान पेश करेगा और जब्त घी को नष्ट करने की कार्रवाई करेगा।,0043,Hin,m
8,"हमने एसयूवी पर टैक्स नहीं घटाया है, जिसका इस्तेमाल आमतौर पर अमीर लोग ही करते हैं।",0043,Hin,m
9,बाइबल में संग्रह किए गए ईसा मसीह के उपदेशों को जीवन में अपनाकर हम न केवल अपना बल्कि मानव जाति का भी भला कर सकते हैं ।,0043,Hin,m
10,आठवीं बोर्ड की परीक्षा में क्रम संख्या की त्रुटि में परीक्षा शुरू होने के साथ सुधार कर लिया गया।,0043,Hin,m
11,मिग के सभी विमानों को वर्ष दो  हज़ार पन्द्रह  में रिटायर्ड करने की योजना थी।,0043,Hin,m
12,कैसे जीवित हुए थे महाभारत युद्ध में मारे गए योद्धा?,0043,Hin,m
13,पहले भी आप एक  सौ सात    बार जन्म लेकर शरीर त्याग चुकी हैं।,0043,Hin,m
14,"गुर्जर आंदोलन के कारण राजधानी जैसी कई ट्रेनें रद्द, इलाहाबाद से नहीं चलेंगी कई स्पेशल गाड़ियां",0043,Hin,m
15,"एमआईटी के प्रोफेसर स्टेफनी के मुताबिक, उपोष्णकटिबंधीय (सबट्रॉपिक्स) जैसे इलाकों में पड़ने वाले समुद्रों का रंग 'गहरा नीला' और ध्रुवीय समुद्रों का रंग 'गहरा हरा' हो जाएगा।",0043,Hin,m
16,सही मायनों में इन कारीगरों को माल उपलब्ध कराने वाले दोषी हैं।,0043,Hin,m
17,फूड डिपार्टमेंट की टीम ने नकली देशी घी और नकली तिल के तेल की सैंपलिंग की है।,0043,Hin,m
18,उनके पसीने की बूंदों से इस पर्वत पर एक कुंड का निर्माण हुआ।,0043,Hin,m
19,इसी दौरान यह त्रुटि पता चल गई थी।,0043,Hin,m
20,ध्यानमग्र मुद्दा में लेटे हुए थे तभी जरा नाम के भील को कुछ चमकता हुआ नजर आया।,0043,Hin,m
21,"रेलवे के मुताबिक, मार्शलों की तैनाती से बिना टिकट यात्रियाें के स्टेशन में प्रवेश पर अंकुश लगेगा",0043,Hin,m
22,इनके न रहने पर कार्बन वापस समुद्र से वातावरण में चला जाएगा और कई तरह की समस्याएं पैदा करेगा।,0043,Hin,m
23,वो लोग सबके सो जाने पर ही हमला करेंगे। अब हल्की बरसात शुरू हो चुकी थी।,0043,Hin,m
24,"इतने में खेमू खरगोश बोला- मुझे एक तरकीब सूझी है, तुम मेरे पीछे आओ।",0043,Hin,m
25,खेमू खरगोश और बीनू बाज जल्दी से ताजपुर जंगल के सेनापति चीनासिंह चीता के पास पहुंचे और उन्हें सारी बातें जल्दी-जल्दी बताईं।,0043,Hin,m
26,वो उनकी इस बात से सहमत थे कि उन्हें हमें आज ही और बिना किसी शोर-शराबे के पकड़ना पड़ेगा।,0043,Hin,m
27,तभी खेमू खरगोश ने उन भेड़ियों को पकड़ने की एक योजना बताई तो वो खुश हुए।,0043,Hin,m
28,"सेनापति बोला- हां, ये ठीक रहेगा। इससे हम उनको बिना किसी शोर-शराबे के पकड़ सकेंगे।",0043,Hin,m
29,वो तीनों मिलकर अजगर भाइयों के पास पहुंचे और उनको भी सारी बातें बताईं तो वो भी झट से उनके साथ चलने को तैयार हो गए।,0043,Hin,m
30,वो सब मिलकर जुगनू के मोहल्ले में पहुंचे और उनको भी बात बताकर अपने साथ ले लिया।,0043,Hin,m
31,वो सब भी सहायता को तैयार हो गए और उनके साथ चल दिए।,0043,Hin,m
32,अब सब मिलकर बीनू बाज के पीछे उन छुपे भेड़िये आतंकियों के ठिकाने की तरफ चल दिए।,0043,Hin,m
33,जब वो सब उन आतंकियों के पास पहुंच गए तो बीनू ने उन्हें रुकने का इशारा किया।,0043,Hin,m
1,अपने जीवन का लक्ष्य निर्धारित करो | और सभी दूसरे विचार  को  अपने दिमाग से निकाल दो यही सफलता की पूंजी है |,0044,Hin,f
2,सफलता पाने के लिए हमें पहले विश्वास करना होगा की हम कर सकते हैं,0044,Hin,f
3,इस योद्धा का भारत में एक ही मंदिर है जो कि उत्तर प्रदेश के प्रयागराज में स्थित है।,0044,Hin,f
4,आपकी समझ के दायरे भी बढ़ेंगे।,0044,Hin,f
5,हालांकि क्रम संख्या में गड़बड़ी से कंप्यूटर से कॉपी जांच में कोई बाधा नहीं आएगी।,0044,Hin,f
6,वित्त मंत्रालय ने उम्मीद जताई है कि इस साल जून के आखिर तक आरबीआई की प्रॉम्प्ट करेक्टिव एक्शन (पीसीए) लिस्ट से सभी बैंक बाहर हो जाएंगे।,0044,Hin,f
7,मंगलवार को गुर्जरों के आराध्य देवनारायण की जयंती है।,0044,Hin,f
8,इसी कुंड में एक बालिका उत्पन्न हुई।,0044,Hin,f
9,"यह बार यह व्रत तेरह  फरवरी, बुधवार को है।",0044,Hin,f
10,"जो तुम्‍हें सताते हैं, तुम उनके लिए भी प्रार्थना करो।",0044,Hin,f
11,आज हम आपको बताते हैं इस नही से जुड़ी विशेष बातें,0044,Hin,f
12,"बैतूल में बदमाशों ने की पेट्रोल पंप लूटा, तोड़फोड़ की, फायरिंग कर कर्मचारियों को डराया",0044,Hin,f
13,हर बीस  हजार साल में हरा-भरा हो जाता है दुनिया का सबसे बड़ा सहारा रेगि स्तान,0044,Hin,f
14,जो शांकरी व नर्मदा कहलाई।,0044,Hin,f
15,नौ   लाख की आय वाले टैक्स से बच सकते हैं- गोयल,0044,Hin,f
16,अपने प्रयास सही दिशा में जारी रखें।,0044,Hin,f
17,द्रौपदी आदि ने कहा कि वह भी अपने परिजनों को देखना चाहते हैं।,0044,Hin,f
18,उन्होंने कड़ी मेहनत की।,0044,Hin,f
19,महाभारत युद्ध के सोलह साल बाद एक रात के लिए फिर से जीवित हुए थे भीष्म सहित अन्य योद्धा,0044,Hin,f
20,"जो मनुष्य ये चार आसान काम करता है, भगवान हमेश ऐसे इंसान का साथ देते हैं।",0044,Hin,f
21,एमआईटी के शोधकर्ताओं ने मरुस्थल के पिछले दो   लाख चालीस  हजार सालों का इतिहास समझने के लिए पश्चिमी अफ्रीका के किनारों पर जमा धूल-मिट्टी का विश्लेषण किया।,0044,Hin,f
22,लोकसभा में वित्त विधेयक-दो  हज़ार उन्नीस   पर चर्चा के दौरान कांग्रेस ने कहा कि साढ़े चार साल में अच्छे दिन कही नहीं दिख रहे हैं।,0044,Hin,f
23,अंधेरा काफी हो गया था और अब बरसात भी तेज थी लेकिन उन सबको दिख रहा था कि वो आतंकी वहीं छिपे हुए हैं।,0044,Hin,f
24,अब सेनापति चीनासिंह चीता ने कहा- अब हमें अपनी योजना पर काम करना है।,0044,Hin,f
25,बीनू तुम अपनी चोंच में उठाकर इन अजगर भाइयों को पेड़ की डाल पर ठीक उन आतंकियों के सिर के ऊपर बैठाकर आओ।,0044,Hin,f
26,"सेनापति ने अजगर भाइयों को कहा कि जैसे ही ये सब जुगनू पेड़ से एकसाथ तेज रोशनी करें, तो तुम उन चारों भेड़ियों पर पेड़ पर से हमला करके दबोच लेना और उसके बाद मैं और खेमू उनको जाल डालकर कैद कर लेंगे।",0044,Hin,f
27,उन चारों ने सहमति से सिर हिलाया।,0044,Hin,f
28,बीनू ने वैसा ही किया और एक-एक करके उन चारों अजगर भाइयों को डाल पर अपनी चोंच से ले जाकर बैठा दिया था और उन आतंकियों को अहसास भी नहीं हुआ।,0044,Hin,f
29,उसके बाद खेमू खरगोश ने जुगनू के दल की तरफ इशारा किया तो वो लोग पेड़ के ऊपर झुंड में खड़े हो गए।,0044,Hin,f
30,जैसे ही खेमू खरगोश ने मुंह से आवाज निकाली तो तुरंत जुगनू चमकाने लगे और इतनी रोशनी हो गई‍ कि वो आतंकी साफ दिखने लगे।,0044,Hin,f
31,तुरंत ही चारों अजगर पेड़ से एक-एक करके उन पर झपटे।,0044,Hin,f
32,"इससे पहले कि वो कुछ समझ पाते, खेमू खरगोश और सेनापति चीनासिंह चीता ने उन्हें जाल में पकड़कर कैद कर लिया और झटपट बीनू बाज ने उनके हथियार छीन लिए।",0044,Hin,f
33,वो अब पूरी तरह से कैद में थे।,0044,Hin,f
34,उनको पकड़कर उसी समय जंगल के राजा शेरसिंह के सामने पेश किया गया।,0044,Hin,f
35,सेनापति ने सारी बात विस्तार से राजा को बताई और ये भी बताई कि इसके बारे में पहले आपको क्यों नहीं बताया गया था ताकि ज्यादा शोर-शराबा न हो और ये आतंकी भेड़िये सतर्क होकर भाग ना जाएं।,0044,Hin,f
36,"राजा ने खेमू खरगोश, बीनू बाज, अजगर भाइयों और जुगनू भाइयों को उनकी बहादुरी का इनाम दिया और उन आतंकियों को कैद में डाल दिया।",0044,Hin,f
1,अपने जीवन का लक्ष्य निर्धारित करो | और सभी दूसरे विचार  को  अपने दिमाग से निकाल दो यही सफलता की पूंजी है |,0045,Hin,m
2,सफलता पाने के लिए हमें पहले विश्वास करना होगा की हम कर सकते हैं,0045,Hin,m
3,इस पोर्टल के साथ स्टूडेंट्स डिजिटल रूप में यानी ऑनलाइन सीए का फॉर्म भर सकेंगे।,0045,Hin,m
4,उनमें क्रिकेट के प्रति जुनून है।,0045,Hin,m
5,"अगर तुझ केवल उन्‍हीं से प्रेम करोगे, जो तुम्‍हें प्रेम करते हैं, तो इससे तुम्‍हें क्‍या फल मिलेगा?",0045,Hin,m
6,विंध्य की पहाड़‍ियों में बसा अमरकंटक एक वन प्रदेश है।,0045,Hin,m
7,"पीएम मोदी ने अंत में कहा कि बहुत लंबे समय तक, दुनिया ने कच्चे तेल की कीमतों को एक रोलर-कोस्टर पर देखा है।",0045,Hin,m
8,मंगलवार को रद्द हुई ट्रेनों में एक  सौ  इकतीस गाड़ियां मेल/एक्सप्रेस/स्पेशल कैटेगरी की हैं।,0045,Hin,m
9,"यह घर की बात है, कल हमारी पार्टी की बैठक होगी उसमें हम इस पूरे मामले पर चर्चा करेंगे।",0045,Hin,m
10,उत्तर-पश्चिम भारत में तेरह  से पन्द्रह  फरवरी के बीच बिगड़ने वाला है म ौसम,0045,Hin,m
11,विकास का नाम क्रेडिट रोल से पूरी तरह से हटाने के लिए यह कदम उठाया गया है।,0045,Hin,m
12,"अगर तुम दूसरों को माफ नहीं करोगे, तो प्रभु के दरबार में तुम्‍हें भी माफी नहीं मिलेगी।",0045,Hin,m
13,जर्नल सिमेट्री में यह शोध प्रकाशित किया गया है।,0045,Hin,m
14,अब हम भी गठबंधन कर अपनी ताकत बढ़ा रहे हैं।,0045,Hin,m
15,मैसाच्यूसेट्स इंस्टीट्यूट ऑफ टेक्नोलॉजी के शोधकर्ताओं ने रिसर्च में किया दावा,0045,Hin,m
16,घटिया वनस्पति में एसेंस और अन्य मिलावट कर कंपनियों के ब्रांडेड देसी बाजार में बेचा जा रहा था।,0045,Hin,m
17,तीसरे गिरोह के पास अघोषित विदेशी बैंक खाता पाया गया।,0045,Hin,m
18,पहाड़ों पर हुई भारी बर्फबारी की वजह से दिनभर शीतलहर चलती रही।,0045,Hin,m
19,"अमेरिकी यूनिवर्सिटी एमआईटी के अध्ययन के मुताबिक, ग्लोबल वॉर्मिंग के कारण इक्कीस वीं सदी के अंत तक दुनिया के पचास  फीसदी से अधिक समुद्रों का रंग बदल जाएगा।",0045,Hin,m
20,गोड्डा व बोकारो में बर्ड फ्लू (एच फाइव  एन वन  ) की पुष्टि हुई है।,0045,Hin,m
21,"बदमाशों ने पहले फायरिंग की, इसके बाद बंदूक के बट से पेट्रोल पंप ऑफिस के शीशे तोड़ दिए।",0045,Hin,m
22,उत्तरप्रदेश और मध्यप्रदेश से अतिरिक्त सुरक्षा बल मंगवाया गया है।,0045,Hin,m
23,एक बार एक जंगल के निकट दो राजाओं के बीच घोर युद्ध हुआ। एक जीता दूसरा हारा।,0045,Hin,m
24,"सेनाएं अपने नगरों को लौट गईं। बस, सेना का एक ढोल पीछे रह गया।",0045,Hin,m
25,उस ढोल को बजा-बजाकर सेना के साथ गए भाट व चारण रात को वीरता की कहानियां सुनाते थे।,0045,Hin,m
26,युद्ध के बाद एक दिन आंधी आई।,0045,Hin,m
27,आंधी के जोर में वह ढोल लुढ़कता-पुढ़कता एक सूखे पेड़ के पास जाकर टिक गया।,0045,Hin,m
28,उस पेड़ की सूखी टहनियां ढोल से इस तरह से सट गई थीं कि तेज हवा चलते ही ढोल पर टकरा जाती थीं और ढमाढम-ढमाढम की गुंजायमान आवाज होती।,0045,Hin,m
29,एक सियार उस क्षेत्र में घूमता था। उसने ढोल की आवाज सुनी।,0045,Hin,m
30,"वह बड़ा भयभीत हुआ। ऐसी अजीब आवाज बोलते पहले उसने किसी जानवर को नहीं सुना था। वह सोचने लगा कि यह कैसा जानवर है, जो ऐसी जोरदार बोली बोलता है 'ढमाढम'।",0045,Hin,m
31,"सियार छिपकर ढोल को देखता रहता, यह जानने के लिए कि यह जीव उड़ने वाला है या चार टांगों पर दौड़ने वाला।",0045,Hin,m
32,एक दिन सियार झाड़ी के पीछे छुपकर ढोल पर नजर रखे था।,0045,Hin,m
33,तभी पेड़ से नीचे उतरती हुई एक गिलहरी कूदकर ढोल पर उतरी।,0045,Hin,m
34,हलकी-सी ढम की आवाज भी हुई। गिलहरी ढोल पर बैठी दाना कुतरती रही।,0045,Hin,m
35,"सियार बड़बड़ाया, 'ओह! तो यह कोई हिंसक जीव नहीं है। मुझे भी डरना नहीं चाहिए।'",0045,Hin,m
36,सियार फूंक-फूंककर कदम रखता ढोल के निकट गया। उसे सूंघा।,0045,Hin,m
37,ढोल का उसे न कहीं सिर नजर आया और न पैर।,0045,Hin,m
38,तभी हवा के झोंके से टहनियां ढोल से टकराईं। ढम की आवाज हुई और सियार उछलकर पीछे जा गिरा।,0045,Hin,m
39,"'अब समझ आया', सियार उठने की कोशिश करता हुआ बोला, 'यह तो बाहर का खोल है।",0045,Hin,m
40,जीव इस खोल के अंदर है।,0045,Hin,m
1,अपने जीवन का लक्ष्य निर्धारित करो | और सभी दूसरे विचार  को  अपने दिमाग से निकाल दो यही सफलता की पूंजी है |,0046,Hin,m
2,सफलता पाने के लिए हमें पहले विश्वास करना होगा की हम कर सकते हैं,0046,Hin,m
3,यह जाति अनुसूचित जनजाति में लिस्टेड नहीं है।,0046,Hin,m
4,राजधानी में दोपहर का तापमान सत्ताईस  डिग्री दर्ज किया गया।,0046,Hin,m
5,"अधिकारी के मुताबिक, तीसरे समूह के सर्वे में अघोषित विदेशी खातों का पता चला है।",0046,Hin,m
6,"शोध के मुताबिक, जब पानी का रंग हरा होता है तो उसका कारण सतह पर उगे फायटोप्लैंक्टन होते हैं।",0046,Hin,m
7,तीनों ब्रांडेड कंपनियों के लिए नकली घी एक ही जगह बनाया जा रहा था।,0046,Hin,m
8,आज संभलकर और शांति से काम करने का दिन है।,0046,Hin,m
9,"रेलवे के मुताबिक, जिन ट्रेनों को रद्द किया गया है, पहले से उनमें रिजर्वेशन करा चुके यात्रियों को पूरा किराया रिफंड किया जाएगा।",0046,Hin,m
10,एकलपीठ ने याचिका को यह कहते हुए खारिज कर दिया कि एक्सपर्ट कमेटी ने रीट- दो  हज़ार सत्रह  के प्रश्नों के विवादका निपटारा कर दिया था और ऐसे में अब इस मामले में दखल देने की जरूरत नहीं है।,0046,Hin,m
11,धूल-मिट्टी की ये मोटी पर्तें उत्तरी अफ्रीका के लिए भौगोलिक प्रमाणों की तरह काम करती हैं।,0046,Hin,m
12,इन प्रकरणों में आठ हज़ार  नौ सौ चौंतीस लोगों को आरोपी बनाया गया।,0046,Hin,m
13,इन शिक्षकों के नियुक्ति आदेश जिला परिषदों के जरिए जारी होने हैं।,0046,Hin,m
14,इससे पहले राज्य के कुछ-कुछ हिस्सों में हल्की बारिश या गरज-चमक पड़ने की संभावना है।,0046,Hin,m
15,हम सब पहले ही तय कर चुके हैं कि भाजपा को हराने के लिए जरूरत पड़ने पर एक सीट पर भी चुनाव नहीं लड़ेंगे।,0046,Hin,m
16,इंटरनेशनल क्रिकेट काउंसिल (आईसीसी) ने  तीन  सौ   टी-ट्वेंटी  मैच खेलने पर महेंद्र सिंह धोनी को शायराना अंदाज में बधाई दी।,0046,Hin,m
17,"प्रभु के आगे भेंट चढ़ाने या प्रार्थना करने से पहले तुम अपने भाई से मेल-मिलाप करो. अपने प्र‍ियजनों के प्रति अगर मन में बैर-भाव हो, तो उसे त्‍यागकर ही प्रार्थना करने के सच्‍चे हकदार बन सकते हो।",0046,Hin,m
18,"राजद, एआईएमआईएम, बीजद, माकपा, एआईयूडीएफ और आईयूएमएल भी विधेयक के विरोध में हैं।",0046,Hin,m
19,फाइटर जेट के पायलट ने समय रहते इजेक्ट कर लिया और वह पूरी तरह से सुरक्षित है।,0046,Hin,m
20,अमरकंटक को ही नर्मदा का उद्गम स्थल माना गया है।,0046,Hin,m
21,यह बड़े स्तर पर खतरों की जानकारी के बारे में आगाह करती है,0046,Hin,m
22,बिंदायका इंडस्ट्रीयल एरिया में महादेव कृष्णा एग्रो पर टीम ने छापा मारा।,0046,Hin,m
23,"आवाज बता रही है कि जो कोई जीव इस खोल के भीतर रहता है, वह मोटा-ताजा होना चाहिए।",0046,Hin,m
24,चर्बी से भरा शरीर। तभी ये ढम-ढम की जोरदार बोली बोलता है।',0046,Hin,m
25,"अपनी मांद में घुसते ही सियार बोला, 'ओ सियारी! दावत खाने के लिए तैयार हो जा।",0046,Hin,m
26,एक मोटे-ताजे शिकार का पता लगाकर आया हूं।',0046,Hin,m
27,"सियारी पूछने लगी, 'तुम उसे मारकर क्यों नहीं लाए?'",0046,Hin,m
28,"सियार ने उसे झिड़की दी, 'क्योंकि मैं तेरी तरह मूर्ख नहीं हूं।",0046,Hin,m
29,वह एक खोल के भीतर छिपा बैठा है।,0046,Hin,m
30,खोल ऐसा है कि उसमें दो तरफ सूखी चमड़ी के दरवाजे हैं।,0046,Hin,m
31,मैं एक तरफ से हाथ डाल उसे पकड़ने की कोशिश करता तो वह दूसरे दरवाजे से न भाग जाता?',0046,Hin,m
32,चांद निकलने पर दोनों ढोल की ओर गए।,0046,Hin,m
33,जब वे निकट पहुंच ही रहे थे कि फिर हवा से टहनियां ढोल पर टकराईं और ढम-ढम की आवाज निकली।,0046,Hin,m
34,"सियार सियारी के कान में बोला, 'सुनी उसकी आवाज?",0046,Hin,m
35,"जरा सोच जिसकी आवाज ऐसी गहरी है, वह खुद कितना मोटा ताजा होगा।'",0046,Hin,m
36,दोनों ढोल को सीधा कर उसके दोनों ओर बैठे और लगे दांतों से ढोल के दोनों चमड़ी वाले भाग के किनारे फाड़ने।,0046,Hin,m
37,"जैसे ही चमड़ियां कटने लगी, सियार बोला, 'होशियार रहना।",0046,Hin,m
38,एक साथ हाथ अंदर डाल शिकार को दबोचना है।',0046,Hin,m
39,दोनों ने 'हूं' की आवाज के साथ हाथ ढोल के भीतर डाले और अंदर टटोलने लगे।,0046,Hin,m
40,अंदर कुछ नहीं था। एक-दूसरे के हाथ ही पकड़ में आए।,0046,Hin,m
41,"दोनों चिल्लाए, 'हें! यहां तो कुछ नहीं है।' और वे माथा पीटकर रह गए।",0046,Hin,m
42,सीख : बड़ी-बड़ी शेखी मारने वाले लोग भी ढोल की तरह ही अंदर से खोखले होते हैं।,0046,Hin,m
1,अपने जीवन का लक्ष्य निर्धारित करो | और सभी दूसरे विचार  को  अपने दिमाग से निकाल दो यही सफलता की पूंजी है |,0047,Hin,f
2,सफलता पाने के लिए हमें पहले विश्वास करना होगा की हम कर सकते हैं,0047,Hin,f
3,"वहीं, तत्काल टिकट चाहे ऑनलाइन लिया हो या विंडो से, उसके लिए टीडीआर ही फाइल करना होगा।",0047,Hin,f
4,असम के अनुसूचित जनजाति के लोगों के हितों की रक्षा के लिए सरकार कदम उठ ाएगी।,0047,Hin,f
5,इस संबंध में मंत्रालय ने सोमवार को सेल के साथ आरआईएनएल में भी स्कीम को लागू करने का आदेश जारी किया।,0047,Hin,f
6,"जिस तरह अच्‍छा पेड़ अच्‍छा फल लाता है और बुरा पेड़ बुरा फल लाता है, उसी तरह अच्‍छे कर्मों का नतीजा अच्‍छा होता है और बुरे कर्मों का नतीजा बुरा होता है।",0047,Hin,f
7,अपील में एकलपीठ के उस आदेश को चुनौती दी थी जिसमें तृतीय श्रेणी शिक्षक भर्ती-दो हज़ार अठारह (लेवल-वन) की भर्ती केवल रीट के अंकों के जरिए करने को चुनौती देने वाली प्रार्थी की याचिका को खारिज कर दिया था।,0047,Hin,f
8,"जो भी दान से संबंधी इन बातों का ध्यान रखता है, उसके सभी पाप कर्म मिट जाते है और उसे स्वर्ग की प्राप्ति होती है।",0047,Hin,f
9,"मामले के अनुसार, माध्यमिक शिक्षा बोर्ड ने एक्सपर्ट कमेटी की ओर से तय किए उत्तरों के अनुसार ही परिणाम जारी किया था।",0047,Hin,f
10,"दान गुप्त तरीके से करना चाहिए, उसका दिखावा नहीं करना चाहिए।",0047,Hin,f
11,राज कंवर के असिस्टेट रह चुके अनुराग सिंह निर्देशित ये फिल्म भारतीय जांबाजों के वीरता और साहस की कहानी है।,0047,Hin,f
12,"अभी चार दिन हैं, अगर कोई बड़ा बदलाव आ जाए तो अलग बात है।",0047,Hin,f
13,"कॅरियर अवसर मेले में जिला रोजगार कार्यालय, एसबीआई जीवन बीमा, प्रधानमंत्री कौशल केंद्र, कृषि विज्ञान केंद्र, मछली पालन विभाग, सीआरपीएफ, बीएसएफ टेकनपुर, शास. पॉलिटेक्निक कॉलेज सहित अन्य कंपनियों के प्रतिनिधि उपस्थित रहे।",0047,Hin,f
14,जब इसकी सूचना हमें मिली तो हमने इसकी जानकारी को इकठ्ठा किया गया।,0047,Hin,f
15,न्यूजीलैंड जीत की हकदार थी,0047,Hin,f
16,यह कहा गया था याचिका में,0047,Hin,f
17,देवी गंगा और शांतनु के पुत्र ने अपनों के भले के लिए कभी विवाह न करने की प्रतिज्ञा ली थी।,0047,Hin,f
18,"मामले में एफआईआर भी दर्ज कराई गई, लेकिन एक महीना बीत जाने के बाद भी पुलिस मौके पर नहीं गई।",0047,Hin,f
19,इस मामले में खंडपीठ ने तेईस अक्टूबर दो  हज़ार अठारह के आदेश से एकलपीठ के फैसले के आधार पर नियुक्तियां देने पर रोक लगा दी थी।,0047,Hin,f
20,आरोपियों को जेल भेज दिया गया है।,0047,Hin,f
21,एनसीटीई की ग्यारह  फरवरी  दो  हज़ार ग्यारह की अधिसूचना के अनुसार रीट के अंकों को केवल भर्ती में वरीयता दी जा सकती है।,0047,Hin,f
22,हर साल उत्तर-पूर्व की ओर से चलने वाली हवाओं के कारण लाखों टन रेत अटलांटिक महासागर के पास दक्षिण अफ्रीका के किनारों पर पर्तों के रूप में जमा हो जाती हैं।,0047,Hin,f
23,एक समय की बात है। एक पंडित जी कई वर्षों तक काशी में शास्त्रों का अध्ययन करने के बाद गांव लौटे।,0047,Hin,f
24,पूरे गांव में शोहरत हुई कि काशी से शिक्षित होकर आए हैं और धर्म से जुड़े किसी भी पहेली को सुलझा सकते हैं।,0047,Hin,f
25,शोहरत सुनकर एक किसान उनके पास आया और उसने पूछ लिया- पंडित जी आप हमें यह बताइए कि पाप का गुरु कौन है?,0047,Hin,f
26,"प्रश्न सुन कर पंडित जी चकरा गए, उन्होंने धर्म व आध्यात्मिक गुरु तो सुने थे, लेकिन पाप का भी गुरु होता है, यह उनकी समझ और ज्ञान के बाहर था।",0047,Hin,f
27,पंडित जी को लगा कि उनका अध्ययन अभी अधूरा रह गया है। वह फिर काशी लौटे।,0047,Hin,f
28,अनेक गुरुओं से मिले लेकिन उन्हें किसान के सवाल का जवाब नहीं मिला।,0047,Hin,f
29,अचानक एक दिन उनकी मुलाकात एक गणिका (वेश्या) से हो गई।,0047,Hin,f
30,"उसने पंडित जी से परेशानी का कारण पूछा, तो उन्होंने अपनी समस्या बता दी।",0047,Hin,f
31,"गणिका बोली- पंडित जी ! इसका उत्तर है तो बहुत सरल है, लेकिन उत्तर पाने के लिए आपको कुछ दिन मेरे पड़ोस में रहना होगा।",0047,Hin,f
32,पंडित जी इस ज्ञान के लिए ही तो भटक रहे थे।,0047,Hin,f
33,वह तुरंत तैयार हो गए। गणिका ने अपने पास ही उनके रहने की अलग से व्यवस्था कर दी।,0047,Hin,f
34,पंडित जी किसी के हाथ का बना खाना नहीं खाते थे।,0047,Hin,f
35,अपने नियम-आचार और धर्म परंपरा के कट्टर अनुयायी थे।,0047,Hin,f
1,अपने जीवन का लक्ष्य निर्धारित करो | और सभी दूसरे विचार  को  अपने दिमाग से निकाल दो यही सफलता की पूंजी है |,0048,Hin,m
2,सफलता पाने के लिए हमें पहले विश्वास करना होगा की हम कर सकते हैं,0048,Hin,m
3,बच्चों ने रंगोली से बेटी बचाओ-बेटी पढ़ाओ का संदेश दिया तो नर्मदा प्रदूषण के दुष्परिणाम बताए।,0048,Hin,m
4,न्यूज एजेंसी ने सूत्रों के हवाले से बताया है कि बचे हुए छह  बैंक भी जून तक एनपीए को कम कर पीसीए से निकल जाएंगे।,0048,Hin,m
5,नर्मदा भारत की पांचवी बड़ी नदी मानी जाती है।,0048,Hin,m
6,उत्तरप्रदेश-मध्यप्रदेश से अतरिक्त सुरक्षा बल मंगाया,0048,Hin,m
7,अब ट्रस्ट के सदस्यों के नाम तय होना बाकी,0048,Hin,m
8,पकड़े गए अभियुक्तों ने बताया कि  तीस  रिफाइंड पॉमोलिन ऑयल में दस बूंद केमिकल मिलकर  तीस  लीटर नकली घी तैयार किया जाता है।,0048,Hin,m
9,इस हार के बाद भारतीय टीम ने एक  -दो   से सीरीज गंवा दी।,0048,Hin,m
10,फैक्ट्री के दूसरे पार्टनर संजय डरावनी की तलाश की जा रही है।,0048,Hin,m
11,"धरती के इस जीवन के लिए कभी धन-दौलत जमा न करो, जहां चोर उसे चुरा ले जाते हैं।",0048,Hin,m
12,पचास  से ज्यादा मिग विमान हो चुके क्रैश,0048,Hin,m
13,आपस में  लड़ने लगे।,0048,Hin,m
14,इस युद्धाभ्यास की फुल ड्रेस रिहर्सल चौदह  फरवरी को होगी।,0048,Hin,m
15,ऐसा ही एक स्थान सोमनाथ मंदिर से करीब पाँच  किलोमीटर दूर गुजरात के वेरावल में स्थित है जिसका नाम भालका तीर्थ स्थल है।,0048,Hin,m
16,हमारे बीच सीट बंटवारा भी हो जाएगा।,0048,Hin,m
17,वहीं मार्च दो  हज़ार उन्नीस   तक रिटायर होने वालों के लिए अगले वित्तीय दो  हज़ार उन्नीस  -बीस  में करीब पाँच सौ  करोड़ रुपए का प्रावधान करने की योजना है।,0048,Hin,m
18,"एक समाचार चैनल से बातचीत में संगकारा ने कहा, ‘विराट के खेल में सब कुछ परफेक्ट है।",0048,Hin,m
19,राजनाथ ने कहा था- समझौते के बावजूद सहयोग नहीं कर रहे पड़ोसी देश,0048,Hin,m
20,जबकि प्रॉफिट वाले साल में अफसरों को नौ   और कर्मियों को छह प्रतिशत अंशदान का प्रावधान रखा गया है।,0048,Hin,m
21,"जलमंच पर कांग्रेस नेताओं का कब्जा रहेगा, यह साफ हो गया है।",0048,Hin,m
22,भालका गुजरात के बड़े शहरों से अच्छी तरह जुड़ा हुआ है।,0048,Hin,m
23,"गणिका के घर में रहकर अपने हाथ से खाना बनाते खाते कुछ दिन तो बड़े आराम से बीते, लेकिन सवाल का जवाब अभी नहीं मिला।",0048,Hin,m
24,वह उत्तर की प्रतीक्षा में रहे। एक दिन गणिका बोली- पंडित जी ! आपको भोजन पकाने में बड़ी तकलीफ होती है।,0048,Hin,m
25,यहां देखने वाला तो और कोई है नहीं।,0048,Hin,m
26,आप कहें तो नहा-धोकर मैं आपके लिए भोजन तैयार कर दिया करूं।,0048,Hin,m
27,"पंडित जी को राजी करने के लिए उसने लालच दिया- यदि आप मुझे इस सेवा का मौका दें, तो मैं दक्षिणा में पांच स्वर्ण मुद्राएं भी प्रतिदिन आपको दूंगी।",0048,Hin,m
28,स्वर्ण मुद्रा का नाम सुनकर पंडित जी विचारने लगे।,0048,Hin,m
29,पका-पकाया भोजन और साथ में सोने के सिक्के भी ! अर्थात दोनों हाथों में लड्डू हैं।,0048,Hin,m
30,"पंडित जी ने अपना नियम-व्रत, आचार-विचार धर्म सब कुछ भूल गए।",0048,Hin,m
31,"उन्होंने कहा- तुम्हारी जैसी इच्छा, बस विशेष ध्यान रखना कि मेरे कमरे में आते-जाते तुम्हें कोई नहीं देखे।",0048,Hin,m
32,पहले ही दिन कई प्रकार के पकवान बनाकर उसने पंडित जी के सामने परोस दिया।,0048,Hin,m
33,"पर ज्यों ही पंडित जी ने खाना चाहा, उसने सामने से परोसी हुई थाली खींच ली।",0048,Hin,m
34,"इस पर पंडित जी क्रुद्ध हो गए और बोले, यह क्या मजाक है ?",0048,Hin,m
35,"गणिका ने कहा, यह मजाक नहीं है पंडित जी, यह तो आपके प्रश्न का उत्तर है।",0048,Hin,m
36,"यहां आने से पहले आप भोजन तो दूर, किसी के हाथ का पानी भी नहीं पीते थे, मगर स्वर्ण मुद्राओं के लोभ में आपने मेरे हाथ का बना खाना भी स्वीकार कर लिया। यह लोभ ही पाप का गुरु है।",0048,Hin,m
37,शिक्षा : हमें किसी भी तरह के लोभ-लालच को जीवन में अपनाएं बिना जीवन जीने का प्रयास करना चाहिए।,0048,Hin,m
1,अपने जीवन का लक्ष्य निर्धारित करो | और सभी दूसरे विचार  को  अपने दिमाग से निकाल दो यही सफलता की पूंजी है |,0049,Hin,m
2,सफलता पाने के लिए हमें पहले विश्वास करना होगा की हम कर सकते हैं,0049,Hin,m
3,शिव के ऐसे स्वरूप के खास मायने भी हैं।,0049,Hin,m
4,इसमें करीब सात  सौ पचास प्रदर्शक शामिल होंगे।,0049,Hin,m
5,क्या अब हम उनके बल्ले का जलवा देखेंगे?,0049,Hin,m
6,बड़ी कंपनियों के शेयर पुराने बताकर बेच रहे थे,0049,Hin,m
7,सामने आया कि ये तो कई महीनों से रखे हैं और काम में नहीं लिए जाते।,0049,Hin,m
8,यह आरक्षण के मौजूदा कोटि के अतिरिक्त और पहले से लागू आरक्षण की प्रतिशत के अलावा होगा।,0049,Hin,m
9,"जिस पैमाने से तुम दूसरों को मापते हो, तुम्‍हें भी उसी से मापा जाएगा।",0049,Hin,m
10,"डुबकी लगाने के बाद उसने एकदिन जे आर भट्ट से कहा की वह गंगा के पुत्र की भी पूजा करना चाहती है, बस इस बात को सुनकर भट्ट ने मंदिर का निर्माण प्रारंभ कर दिया।",0049,Hin,m
11,मुंडमाला पहनने का रहस्य जानकर सती माता ने शिव से कहा कि मैं तो बार-बार शरीर का त्याग करती हूं,0049,Hin,m
12,उनका कुंभ जाने का भी कार्यक्रम था।,0049,Hin,m
13,दो  हज़ार अठारह में पाँच डिग्री के अलावा दो  हज़ार चौदह में चार डिग्री और दो  हज़ार बारह में न्यूनतम पारा चार डिग्री तक दर्ज किया गया था।,0049,Hin,m
14,"दफ्तर और घर में कोई भी कमिटमेंट करने के पहले सोचें, कमिटमेंट ना करना बेहतर हो सकता है।",0049,Hin,m
15,पिछले एक दशक में पचास से ज्यादा मिग विमान क्रैश हो चुके हैं।,0049,Hin,m
16,इस पर श्रीकृष्ण ने जवाब भी दिए हैं।,0049,Hin,m
17,"आज हम आपको बाइबल के ऐसे उपदेशों के बारे में बता रहे हैं, जिन्‍हें अपने जीवन में उतारकर कोई भी व्‍यक्‍त‍ि एक सच्‍चा इंसान बन सकता है",0049,Hin,m
18,"इस तथ्य को पुष्ट करते हुए कि अमेरिका, ब्रिटेन का सबसे करीबी साझेदार है, विलियम्सन ने कहा कि इस पोत पर मौजूद यूएस-यूके एयर विंग हमारे बलों की पहुंच और आक्रामकता में सुधार करेंगे।",0049,Hin,m
19,यदि रीट के अंकों के आधार पर भर्ती हुई तो वर्ष दो  हज़ार पन्द्रह  में हुई रीट के अभ्यर्थियों को इसका फायदा मिलेगा।,0049,Hin,m
20,आज का दिन आपके लिए जीत लेकर आया है।,0049,Hin,m
21,त्येक सार्वजनिक क्षेत्र की इकाई को यह स्वतंत्रता प्रदान की गई है कि वे अपने स्तर पर फंड मैनेजर नियुक्त कर सकेगा।,0049,Hin,m
22,उन्होंने पेट्रोल पंप कर्मचारियों को डराने के लिए फायरिंग भी की।,0049,Hin,m
23,एक बार एक राजा और मंत्री जंगल में शिकार के लिए निकले|,0049,Hin,m
24,"रास्ते में कुछ झाड़ियों को हटाने में, नुकीले काटो में फस कर राजा के हाथ कि एक उंगली कट गई|",0049,Hin,m
25,"राजा को दर्द हुआ इस पर मंत्री ने राजा को कहा, महाराज चिंता न करें|",0049,Hin,m
26,जो होता है अच्छे के लिए ही होता है|,0049,Hin,m
27,दर्द में यह बात सुनकर राजा को गुस्सा आगया|,0049,Hin,m
28,उन्होंने तुरंत अपनी सेना के आदमी बुलवाए और मंत्री को महल के जेल में भिजवा दिया|,0049,Hin,m
29,और उसे कारावास में रहने की सज़ा सुना दी|,0049,Hin,m
30,राजा के आदमी मंत्री को ले गए और इधर राजा जंगल में आगे बढ़ा|,0049,Hin,m
31,"आगे जाने पर, कुछ कबीले वालो ने राजा कि बली देने के लिए राजा को घेर लिया|",0049,Hin,m
32,तब कबीले वालो ने देखा की राजा की तो एक उंगली कटी हुई है|,0049,Hin,m
33,"राजा का एक अंग भंग था, और ऐसी कटी उंगली वाले की वो बाली नहीं दे सकतें थे, इसलिए उन्होंने राजा को छोड़ दिया|",0049,Hin,m
34,उंगली कटी हुई होने से राजा कि जान बच गई तब राजा को मंत्री की बात समझ आई|,0049,Hin,m
35,वो महल गया और तुरंत मंत्री को जेल से प्रेमपूर्वक बाहर निकला और उसे सारी बात बताई|,0049,Hin,m
36,"राजा ने मंत्री को कहा भगवान ने मेरी तो जान बचाई लकिन मैंने तुम्हें अपमानीत किया, जेल भेजा इसमें क्या अच्छा हुआ?",0049,Hin,m
37,"तब मंत्री मुस्कुराया और कहा कि अगर में जेल में नहीं होता और आपके साथ होता तो, कबीले वाले आपको तो छोड़ देते लकिन मेरी बली दे देते|",0049,Hin,m
38,"तो दोस्तों, इस घटना से यह समझ लेना चाहिए की कई बार हमारी लाइफ में ऐसी बातें हो जाती है जो उस वक़्त तो हमें बुरी लगती, दुखी करती है, लकिन आगे जाकर हमें मालूम पड़गा की वो हमारे अच्छे के लिए ही हुई थी|",0049,Hin,m
1,अपने जीवन का लक्ष्य निर्धारित करो | और सभी दूसरे विचार  को  अपने दिमाग से निकाल दो यही सफलता की पूंजी है |,0050,Hin,m
2,सफलता पाने के लिए हमें पहले विश्वास करना होगा की हम कर सकते हैं,0050,Hin,m
3,प्रदर्शनी के दौरान होने वाले सेमिनार में विभिन्न देशों के करीब छियासी स्पीकर शामिल होंगे।,0050,Hin,m
4,"दुर्घटना के बाद विमान का आग का गोला बन गया था, जिसे पायलट ने खाली खेत में गिराया था।",0050,Hin,m
5,इनमें से कितनों पर दंडात्मक कार्रवाई हुई।,0050,Hin,m
6,वहीं रात का तापमान रायपुर समेत ज्यादातर शहरों में सामान्य से बहुत अधिक पहुंच गया है।,0050,Hin,m
7,सोमवार को गुर्जरों ने जयपुर से जुड़ने वाले पांच सड़क मार्गों पर जाम लगाया था।,0050,Hin,m
8,दिन का अधिकतम तापमान इक्कीस  और न्यूनतम तापमान दस  डिग्री रह सकता है।,0050,Hin,m
9,गठबंधन में सभी की अहमियत है।,0050,Hin,m
10,"श्रीलंका के पूर्व कप्तान ने कहा, ‘वे अपनी इस असाधारण प्रतिभा से रन बनाते हैं।",0050,Hin,m
11,मछली पालन से भी रोजगार प्राप्त किया जा सकता है।,0050,Hin,m
12,परीक्षा शुरू होने के साथ जैक को सीरियल नंबर की त्रुटि का पता चल गया।,0050,Hin,m
13,"जुलाई में पेश होने वाले बजट में सबकुछ ठीक करने की बात कही जा रही है, लेकिन अब तक क्या किया गया।",0050,Hin,m
14,अधिकारियों के अनुसार ये मार्शल उसी प्रकार से स्टेशन परिसर के गेट पर तैनात रहेंगे जैसे हवाईअड्डों पर केन्द्रीय औद्योगिक सुरक्षा बल के जवान होते हैं।,0050,Hin,m
15,रद्द गाड़ियों में बड़ी संख्या इलाहाबाद से चलने वाली स्पेशल ट्रेनों की है।,0050,Hin,m
16,सिर्फ दूसरों को दिखाने के लिए धार्मिक काम मत करो।,0050,Hin,m
17,इससे इंसान और पक्षियों की मौत तक हो जाती है।,0050,Hin,m
18,यहां दिन में करीब ढाई मिमी बारिश हुई।,0050,Hin,m
19,दो क्विंटल या उससे ज्यादा दाल सीधे उद्योगों से खरीद सकेंगे,0050,Hin,m
20,खेती किसानी में नई नई तकनीक का उपयोग कर खेती से मुनाफा कमा रहे हैं।,0050,Hin,m
21,ये लोग बड़ी कंपनियों के शेयरों को धोखाधड़ी के जरिए वर्षों से रखे गए पुराने शेयर बताकर बेच रहे थे।,0050,Hin,m
22,"उन्होंने कांग्रसियों पर कटाक्ष करते हुए कहा उनकी सरकार है, वह किसी का भी नाम आमंत्रण पत्र से हटा सकते हैं।",0050,Hin,m
23,एक नदी किनारे एक नेवला रेहता था। यह नेवला बहुत शरारती था।,0050,Hin,m
24,"नदी के पार जा कर, दूसरे जानवरों को परेशान करने में उसे बहुत मज़ा आता था।",0050,Hin,m
25,"जब किसी जानवर को चोट लग जाती तो नेवला, बड़े ही प्यार से उनके पास जाता और बोलता कि ये लो, मरहम लगा लो।",0050,Hin,m
26,इससे आराम मिलेगा।चोटिल जानवर उसका धन्यवाद करते और मरहल लगा लेते।,0050,Hin,m
27,"लकिन जैसे ही वो मरहम लगाते, उनका दर्द बढ़ जाता और वे दर्द में चीखने लगते।",0050,Hin,m
28,"क्योंकि बदमाश नेवला अपने बनाए मरहम में नींबू, नमक और काली मिर्च डालता था।",0050,Hin,m
29,"और जब दूसरे जानवर मरहम लगाने पर चिल्लाते, दौड़ते, भागते तो उसे बड़ा मज़ा आता था।",0050,Hin,m
30,उसने एक दिन खरगोश के साथ भी ऐसा ही किया।,0050,Hin,m
31,खरगोश ने सोच लिया की इस नेवले को तो सबक सीखना ही पड़ेगा।,0050,Hin,m
32,"एक दिन खरगोश ने दो टोकरियां ली, एक छोटी और एक बड़ी।",0050,Hin,m
33,बड़ी टोकरी के निचे तारकोल लगा दी।,0050,Hin,m
34,"खरगोश दोनों टोकरियां ले कर नेवले के पास गया और बोला, चलो वहां पहाड़ पर चलते है।",0050,Hin,m
35,"वहां मीठे आम के पेड़ है। आम लेकर आते है। नेवले ने झट से, ज़ायदा आम लाने के लालच में बड़ी टोकरी उठा ली।",0050,Hin,m
36,पहाड़ पर जाकर दोनों ने आमों से अपनी टोकरियां भर ली।,0050,Hin,m
37,नेवले की टोकरी भारी हो गई। उनसे जैसे ही अपनी टोकरी निचे रखी।,0050,Hin,m
38,तारकोल लगा होने से उसकी टोकरी नीचे ही चिप्पक गई।,0050,Hin,m
39,"उसने पूरा ज़ोर लगाया अपनी टोकरी को वापस उठाने के लिए, इससे उसके पंजे छिल गए।",0050,Hin,m
40,"तब खरगोश ने नेवले को मरहम लगाने को दिया और कहा इसे लगा लो, आराम मिलेगा।",0050,Hin,m
41,नेवले ने जैसे ही मरहम लगाया तो वो दर्द में बेहाल हो गया।,0050,Hin,m
42,तब नेवले को खरगोश की चाल समझ आ गई।,0050,Hin,m
43,और उसने अब से दूसरों के साथ ऐसी बदमाशी नहीं करने की कसम खा ली।,0050,Hin,m
44,क्योंकि उसे समझ आ गया कि उसकी बदमाशी से दुसरो को भी कितना दर्द होता होगा।,0050,Hin,m
1,अपने जीवन का लक्ष्य निर्धारित करो | और सभी दूसरे विचार  को  अपने दिमाग से निकाल दो यही सफलता की पूंजी है |,0051,Hin,m
2,सफलता पाने के लिए हमें पहले विश्वास करना होगा की हम कर सकते हैं,0051,Hin,m
3,निर्माता बी.पी. सिंह कहते हैं कि हमें यह तथ्य स्वीकारना ही होगा कि अभी हमारी हॉलीवुड सीरीज से कोई तुलना नहीं है।,0051,Hin,m
4,पोस्ट पढ़ने के बाद लोगों में गुस्सा बढ़ गया ।,0051,Hin,m
5,तलाक के बाद बने नए रिश्ते : गौरतलब है कि अरबाज खान और मलाइका अरोड़ा की शादी उन्नीस  सौ अट्ठानवे   में हुई थी ।,0051,Hin,m
6,"बेंगलुरु में शिक्षिका, कश्मीरी छात्र और गुवाहाटी में प्रोफेसर गिरफ्तार ।",0051,Hin,m
7,हर स्कूल में पाँच  से छह  टीचर्स हैं।,0051,Hin,m
8,शाह ने कहा- जावेद अख्तर को अपने प्रधानमंत्री मोदी पर कश्मीर में किए जा रहे अत्याचारों का आराेप लगाने का साहस भी होना चाहिए।,0051,Hin,m
9,ब्रह्मवैवर्त पुराण के अनुसार इस दिन भगवान विष्णु गंगाजल में निवास करते हैं।,0051,Hin,m
10,नागिन-तीन  एक्ट्रेस मौनी रॉय लेती हैं एक   लाख रुपए,0051,Hin,m
11,रविवार को बाबूलाल गौर ने कहा कि दिग्विजय सिंह ने उन्हें लोकसभा चुनाव के लिए भोपाल संसदीय क्षेत्र से कांग्रेस की ओर से चुनाव लड़ने का ऑफर दिया था ।,0051,Hin,m
12,इसके बाद ही मिशेल को प्लास्टिक बोतल और कैनों के बदले किताबें देने का आइडिया आया।,0051,Hin,m
13,खगोलविदों के मुताबिक आज का चंद्रमा पहले से ज्यादा चमकीला दिखेगा।,0051,Hin,m
14,"संत रविदास ने कहा कि वहीं होगा, जहां आप रखकर गए थे ।",0051,Hin,m
15,हम मंदिर से करीब पाँच सौ  मीटर दूर ही थे कि तेज रफ्तार ट्रक लोगों को कुचलता हुआ निकल गया।,0051,Hin,m
16,करीना इस पर शॉक्ड हो जाती हैं और प्रियंका से कहती हैं कि क्या आपको सच में नहीं पता कि वरुण किसे डेट कर रहा है? प्रियंका इस पर नकारात्मक जवाब देती हैं ।,0051,Hin,m
17,एक अन्य संदर्भ ब्रह्मवैवर्त पुराण में देवी राधा और श्रीकृष्ण का मिलता है।,0051,Hin,m
18,लेकिन जैसे-जैसे समय निकलता गया उन्होंने अपनी शक्ति भगवान राम और कृष्ण की भक्ति में लगाई।,0051,Hin,m
19,ऐसे ही कुछ जूनियर और सीनियर खिलाड़ी ये हैं ।,0051,Hin,m
20,ये देखकर संत रविदास दुखी हो गए और उन्होंने वह पत्थर लेने से मना कर दिया ।,0051,Hin,m
21,इस मैच में युवराज ने रिवर्स स्विप से छक्का लगाया।,0051,Hin,m
22,विवादों में घिरने के बाद वह लखऊ एयरपोर्ट से ही वापस लौट गए।,0051,Hin,m
23,बहुत पुरानी बात है। एक बार एक राज-दरबार में एक साहूकार आया जो किसी भी वस्तु को देखकर उसका सही-सही दाम बता देता था।,0051,Hin,m
24,राजा ने उसकी परीक्षा लेने की सोची।,0051,Hin,m
25,उसने राजकुमार को दरबार में बुलाया और साहूकार से पूछा- क्या तुम हमारे राजकुमार का दाम बता सकते हो।,0051,Hin,m
26,इससे साहूकार सोच में पड़ गया। इससे पहले उसने किसी आदमी का दाम नहीं लगाया था।,0051,Hin,m
27,"उसने राजकुमार को ध्यान से देखा और बोला- महाराज, दाम तो मैं एकदम सही बता दूंगा, लेकिन वचन दें कि आप क्रोधित नहीं होंगे।",0051,Hin,m
28,राजा बोले - आप निश्चित होकर बताएं।,0051,Hin,m
29,"साहूकार- महाराज, राजकुमार के माथे के लिखे की तो मैं कह नहीं सकता।",0051,Hin,m
30,और वैसे राजकुमार का दाम दो आना रोज से अधिक नहीं है।,0051,Hin,m
31,राजा बुद्धिमान था। वह साहूकार के कहने का आशय समझ गया कि यदि राजकुमार को वर्तमान में एक साधारण व्यक्ति की तरह काम पर या मजदूरी पर भेजा जाए तो वह दो आना रोज से ज्यादा नहीं कमा पाएगा।,0051,Hin,m
32,राजा ने साहूकार की योग्यता की खूब प्रशंसा की और उसे ढेर सारे पुरस्कार दिए।,0051,Hin,m
33,"सीख : हमें अपनी योग्यता, क्षमता और सामर्थ्य के अनुसार निरंतर पुरुषार्थ, कर्म करते रहना चाहिए।",0051,Hin,m
1,अपने जीवन का लक्ष्य निर्धारित करो | और सभी दूसरे विचार  को  अपने दिमाग से निकाल दो यही सफलता की पूंजी है |,0052,Hin,m
2,सफलता पाने के लिए हमें पहले विश्वास करना होगा की हम कर सकते हैं,0052,Hin,m
3,माघ पूर्णिमा पर चंद्रमा अपनी सोलह कलाओं से पूर्ण होता है।,0052,Hin,m
4,उन्नीस  सौ नवासी  में नेहरू कप के उस मैच में उनकी कप्तानी में पाकिस्तानी टीम को जीत मिली थी।,0052,Hin,m
5,"पूर्व मंत्री ने कहा कि दिग्विजय सिंह सुर्खियों में रहना चाहते हैं, इसलिए इस तरह के अर्नगल आरोप लगाते रहते हैं ।",0052,Hin,m
6,"इनमें उपजिलाधिकारी, सिटी मजिस्ट्रेट, अपर जिलाधिकारी वित्त एवं राजस्व, अपर आयुक्त स्तर के अधिकारी शामिल थे।",0052,Hin,m
7,रोज़ाना श्रद्धालु यहां स्नान करने के लिए पहुंचते ही हैं लेकिन खास मौकों या फिर शाही स्नान पर यहां का नज़ारा देखने लायक होता है।,0052,Hin,m
8,सर्जिकल स्ट्राइक-दो ? लेकिन रक्षा मंत्रालय के अंदर अभी भी गपशप की ही स्थिति है।,0052,Hin,m
9,इमरान भारत के खिलाफ इस मैदान पर  उन्नीस  सौ सतासी   में दो प्रदर्शनी मैच खेल चुके हैं।,0052,Hin,m
10,सरकार ने लोकसभा चुनाव से पहले सूबे के तेरह  जिलों के कप्तान बदल दिए हैं।,0052,Hin,m
11,दिग्विजय सिंह ने अपनी ही सरकार की कार्यशैली पर उठाए सवाल ।,0052,Hin,m
12,उन्होंने जिलेखा के घर पर पत्थरबाजी भी की ।,0052,Hin,m
13,"युवराज ने कहा, मैं बहुत खुश हूं कि क्रिकेट को दोनों देशों की दोस्ती को मजबूत करने के लिए चुना गया।",0052,Hin,m
14,पूर्णिमा तिथि की शाम तुलसी के पास दीपक जलाएं।,0052,Hin,m
15,रोजाना एक टेबलेट लेना होगा।,0052,Hin,m
16,नासा के मुताबिक अगला सुपरमून सात  साल बाद यानी  दो सौ छब्बीस       में दिखाई देगा।,0052,Hin,m
17,"इस सुपरमून को स्नोमून भी कहा जा रहा है, क्योंकि उत्तरी भाग में यह समय बर्फबारी का है।",0052,Hin,m
18,राष्ट्रीय राजनीति पर चर्चा होती रही।,0052,Hin,m
19,बेटा लड़ेगा चुनाव!,0052,Hin,m
20,हाल में गौर ने कहा था कि भाजपा अब कुशाभाऊ ठाकरे वाली पार्टी नहीं है ।,0052,Hin,m
21,"हरीरा में इस्तेमाल होने वाली हल्दी, सौंठ, जीरा, गुड़ और बादाम जैसी चीजें काफी पौष्टिक होती हैं।",0052,Hin,m
22,ताकि लोकसभा का कार्यकाल पूरा होने के पहले उसकी स्मृतियों को संजोया जा सके।,0052,Hin,m
23,किसी गांव में एक व्यापारी रहता था तथा उसकी भगवान में बड़ी आस्था थी|,0052,Hin,m
24,एक बार व्यापारी किसी दूसरे शहर से अपने घर लौट रहा था|,0052,Hin,m
25,"बस से उतरकर वह पैदल अपने घर के रास्ते पर जा रहा था, तभी रास्ते में उसे एक बड़ा सा चमकीला पत्थर दिखा|",0052,Hin,m
26,उस पत्थर की ओर व्यापारी आकर्षित हो गया और उसने सोचा कि क्यों न इसे अपने साथ ले जाऊं? इस खूबसूरत पत्थर से अपने घर के लिए शानदार भगवान की मूर्ति बनवाऊंगा|,0052,Hin,m
27,व्यापारी ने पत्थर उठा लिया और रास्ते में ही एक प्रसिद्ध मूर्तिकार की दुकान पर रुका और उसे कहा- इस पत्थर की एक खूबसूरत-सी देवी मां की प्रतिमा बना दीजिए|,0052,Hin,m
28,"मूर्तिकार ने कहा- ठीक है बन जाएगी, आप कुछ दिन बाद आकर ले जाइएगा|",0052,Hin,m
29,अब मूर्तिकार ने उस पत्थर को तराशने का काम शुरू किया और अपने औजार लेकर पत्थर को काटने में जुट गया|,0052,Hin,m
30,जैसे ही मूर्तिकार ने पहला वार किया उसे पता चला कि पत्थर बहुत ही कठोर है|,0052,Hin,m
31,मूर्तिकार ने एक बार फिर से पूरे जोश के साथ प्रहार किया लेकिन पत्थर टस से मस भी नहीं हुआ|,0052,Hin,m
32,अब तो उसको पसीना छूट गया|,0052,Hin,m
33,वो लगातार हथौड़े से प्रहार करता रहा लेकिन पत्थर नहीं टूटा|,0052,Hin,m
34,उसने लगातार कई दिनों तक प्रयास किए और अपनी तरफ से 99% मेहनत की लेकिन पत्थर तोड़ने में नाकाम रहा|,0052,Hin,m
35,"कुछ दिन बाद जब व्यापारी मूर्तिकार से अपनी मूर्ति लेने आया, तब मूर्तिकार ने उसे सारी बात बताते हुए कहा कि इस पत्थर से तो आपकी मूर्ति नहीं बन पाएगी|",0052,Hin,m
36,व्यापारी यह सुनकर दु:खी हो गया और अपना पत्थर लेकर वह वहां से चला गया|,0052,Hin,m
37,आगे जाकर उसने किसी दूसरी दुकान के मूर्तिकार को वही पत्थर मूर्ति बनाने के लिए दे दिया|,0052,Hin,m
38,अब इस मूर्तिकार ने अपने औजार उठाए और पत्थर काटने में जुट गया|,0052,Hin,m
39,"जैसे ही उसने पहला हथौड़ा मारा पत्थर टूट गया, चूंकि पत्थर पहले मूर्तिकार की चोटों से काफी कमजोर हो गया था|",0052,Hin,m
40,व्यापारी यह देखकर बहुत खुश हुआ और देखते ही देखते मूर्तिकार ने देवी मां की सुंदर प्रतिमा बना दी|,0052,Hin,m
41,व्यापारी मन ही मन पहले मूर्तिकार की दशा सोचकर मुस्कुराया कि उस मूर्तिकार ने 99% मेहनत की लेकिन आखिर में थक गया|,0052,Hin,m
42,काश! उसने एक आखिरी प्रहार और भी किया होता तो वो सफल हो जाता|,0052,Hin,m
43,"दोस्तो, यही बात हम में से कई लोगों पर भी लागू होती है|",0052,Hin,m
44,"बहुत से लोग जिन्हें लगता है कि कठिन प्रयासों के बावजूद वे सफल नहीं हो पा रहे, लेकिन सच तो यह है कि वो आखिरी प्रयास से पहले ही थक जाते हैं|",0052,Hin,m
45,लगातार कोशिशें करते रहिए|,0052,Hin,m
46,"क्या पता आपका अगला प्रयास ही वो आखिरी प्रयास हो, जो आपका जीवन बदल दे|",0052,Hin,m
1,अपने जीवन का लक्ष्य निर्धारित करो | और सभी दूसरे विचार  को  अपने दिमाग से निकाल दो यही सफलता की पूंजी है |,0053,Hin,f
2,सफलता पाने के लिए हमें पहले विश्वास करना होगा की हम कर सकते हैं,0053,Hin,f
3,संसद सत्र के अंतिम दिन बहुत सारे सांसद अलग-अलग दलों के होने के बावजूद एक साथ सेल्फी और फोटोग्राफ ले रहे थे।,0053,Hin,f
4,इसके बाद चौबीस  फरवरी को गोरखपुर और सत्ताईस  फरवरी को कांग्रेस के गढ़ अमेठी जाएंगे।,0053,Hin,f
5,स्नान के बाद अमित शाह और सीएम योगी ने गंगा आरती की।,0053,Hin,f
6,"चाहे वह वंदेमातरम का मामला हो, प्रोटेम स्पीकर का चुनाव हो ।",0053,Hin,f
7,"महर्षि भृगु की पहली पत्नी का नाम ख्याति था, जो उनके भाई दक्ष की कन्या थी।",0053,Hin,f
8,कार्यक्रम में संतों का मार्गदर्शन प्राप्त होगा।,0053,Hin,f
9,उनकी माता का नाम श्रीमति कलसा देवी और पिता का नाम श्रीसंतोख दास जी था।,0053,Hin,f
10,"ट्रम्प ने कहा कि हम चाहते तो बात कर सकते थे, लेकिन हमारे पास कोई नहीं था।",0053,Hin,f
11,माघ माह की पूर्णिमा को बहुत पवित्र माना जाता है।,0053,Hin,f
12,दूसरे को सुरक्षित बाहर निकालकर उसे अस्पताल में भर्ती करवाया गया है।,0053,Hin,f
13,"हिंदू घर्म में ऐसे कई पुराण, शास्त्र और नीतियां हैं जिनमें सफल जीवन का रहस्य छिपा हुआ है।",0053,Hin,f
14,"उन्होंने कहा था भाजपा नेताओं द्वारा विधायकों को  एक  सौ   - एक  सौ    करोड़ के ऑफर दिए गए थे, मेरे पास उसके सबूत हैं ।",0053,Hin,f
15,अनारक्षित वर्गों के रोस्टर से यह दस  प्रतिशत आरक्षण सिस्टम लागू किया जाएगा।,0053,Hin,f
16,"वहीं दूसरे ट्वीट करते हुए लिखा, संगम नगरी प्रयागराज में आयोजित सनातन संस्कृति की प्राचीनता, भव्यता और एकता के प्रतीक कुम्भ मेले में विभिन्न संत महात्माओं के साथ कुंभ स्नान करने का सौभाग्य प्राप्त हुआ।",0053,Hin,f
17,लक्ष्मीकांत शर्मा का कद बढ़ने लगा तो उन्हें व्यापमं में फंसा दिया ।,0053,Hin,f
18,उन्होंने वहां के एकुवेनी स्पोर्ट्स ग्राउंड पर मालदीव क्रिकेट टीम के खिलाफ एक ऐसा छक्का लगाया जिसे प्रशंसकों ने सोशल मीडिया पर खूब शेयर किए।,0053,Hin,f
19,संत रविदास की एक कहावत बहुत प्रचलित है ।,0053,Hin,f
20,ब्रेबॉर्न में भारत से दो प्रदर्शनी मैच खेल चुके हैं इमरान ।,0053,Hin,f
21,कराची आर्ट काउंसिल ने जावेद अख्तर और शबाना आजमी को उनके पिता कैफी आजमी की कविताओं पर होने वाले शताब्दी समारोह लिट्रेचर कॉन्फ्रेंस में बुलाया था।,0053,Hin,f
22,भागकर अपने दो बच्चाें और भाई के पास गया और उनके साथ घर चला गया।,0053,Hin,f
23,एक नदी किनारे हरा-भरा विशाल पेड़ था। उस पर खूब स्वादिष्ट फल लगे थे।,0053,Hin,f
24,उसी पेड़ पर एक बदंर रहता था। बडा मस्त कलंदर।,0053,Hin,f
25,"जी भरकर फल खाता, डालियों पर झूलता और कूदता-फांदता रहता।",0053,Hin,f
26,उस बंदर के जीवन में एक ही कमी थी कि उसका अपना कोई नहीं था।,0053,Hin,f
27,"न उसके कोई भाई था और न कोई बहन, जिनके साथ वह खेलता।",0053,Hin,f
28,एक दिन वह एक डाल पर बैठा नदी का नजारा देख रहा था कि उसे एक लंबा विशाल जीव पेड़ की ओर तैरकर आता नजर आया।,0053,Hin,f
29,"बंदर ने ऐसा जीव पहले कभी नहीं देखा था। उसने उस विचित्र जीव से पूछा- 'अरे भाई, तुम क्या चीज हो?'",0053,Hin,f
30,विशाल जीव ने उत्तर दिया- 'मैं एक मगरमच्छ हूं।,0053,Hin,f
31,नदी में इस साल मछलियों का अकाल पड़ गया है।,0053,Hin,f
32,"बस, भोजन की तलाश में घूमता-घूमता इधर आ निकला हूं।'",0053,Hin,f
33,"बंदर दिल का अच्छा था। उसने सोचा कि पेड पर इतने फल हैं, इस बेचारे को भी उनका स्वाद चखना चाहिए।",0053,Hin,f
34,उसने एक फल तोड़कर मगर की ओर फेंका। मगर ने फल खाया।,0053,Hin,f
35,बहुत रसीला और स्वादिष्ट। वह फटाफट सारेफल खा गया और फिर बंदर की ओर देखने लगा।,0053,Hin,f
36,"बंदर ने मुस्कराकर और फल फेकें। मगर सारे फल खा गया और अंत में उसने डकार ली और पेट थपथपाकर बोला 'धन्यवाद, बंदर भाई।",0053,Hin,f
1,अपने जीवन का लक्ष्य निर्धारित करो | और सभी दूसरे विचार  को  अपने दिमाग से निकाल दो यही सफलता की पूंजी है |,0054,Hin,m
2,सफलता पाने के लिए हमें पहले विश्वास करना होगा की हम कर सकते हैं,0054,Hin,m
3,ये तस्वीरें ऐसी हैं कि आपका मन मोह लेंगी और आपसे नज़रे ही नहीं हटा पाएंगे।,0054,Hin,m
4,मलाइका ने तलाक से एक रात पहले की दास्तान बताई ।,0054,Hin,m
5,प्रदोष व्रत कथा व विधि ।,0054,Hin,m
6,ब्रह्मवैवर्त पुराण में इस संबंध में बताया गया है कि माघी पूर्णिमा पर भगवान विष्णु गंगाजल में निवास करते हैं।,0054,Hin,m
7,"मुबारक हो, आपका नन्हा शिशु आपकी गोद में आ चुका है।",0054,Hin,m
8,"हमने जो दस्तावेज बनाए गए हैं, उसमें लिखा गया है कि न्यायिक जांच की प्रक्रिया चल रही है और जो जांच रिपोर्ट आई है ।",0054,Hin,m
9,"यहां लगने वाली याचिकाएं, राजीनामे और जमानत आवेदन पर निकलने वाले आदेश में सख्त लहजे में विनम्र कार्य के निर्देश होते हैं।",0054,Hin,m
10,राजस्थान की पूर्व मुख्यमंत्री वसुंधरा राजे सिंधिया सोमवार की देर शाम संगम नगरी पहुंची।,0054,Hin,m
11,इस पूर्णिमा पर चंद्रमा और पृथ्वी के बीच की दूरी कम हो जाती है।,0054,Hin,m
12,दोनों देशों के बीच पाँच  क्षेत्रों में करार होने की संभावना ।,0054,Hin,m
13,"मुख्यमंत्री कमलनाथ को यह स्पष्ट करना चाहिए कि प्रदेश सरकार किसके एजेंडे पर चल रही है? कांग्रेस के एजेंडे पर या मुख्यमंत्री कमलनाथ के एजेंडे पर या फिर पूर्व मुख्यमंत्री दिग्विजय सिंह के एजेंडे पर चल रही है, जो इन दिनों सुपर सीएम की तरह हर मामले में दखलंदाजी कर रहे हैं ।",0054,Hin,m
14,"इसके लिए भाजपा ने पूरे देश में भारत के मन की बात, मोदी के साथ अभियान शुरू किया है ।",0054,Hin,m
15,शास्त्रों के ज्ञाता शुक्राचार्य ने अपनी शुक्र नीति में जीवन को सफल बनाने के कई तरीके बताए हैं वे कहते हैं कि संसार में भरोसा बहुत जरूरी है।,0054,Hin,m
16,"चुनाव पर अटकलें जारी हैं, लेकिन चुनाव आयोग ने कहा है और मीडिया से अनुरोध किया है कि घोषणा से पूर्व मीडिया चुनाव की तारीखें न दे, इससे भ्रम पैदा होगा।",0054,Hin,m
17,इससे देवी-देवता हमारे घर की ओर आकर्षित होते हैं।,0054,Hin,m
18,इससे किसी बच्चे की एक साल की किताबें खरीदी जा सकती हैं।,0054,Hin,m
19,"एक   सौ ग्यारह एक  पदों के लिए हो रही इस भर्ती में पहुंचे बिलाल अहमद ने कहा- हमें परिवार ओर देश की सेवा का मौका मिलेगा, कोई और क्या चाह सकता है?",0054,Hin,m
20,इनमें एक पुलवामा हमले का मास्टरमाइंड कामरान भी शामिल था।,0054,Hin,m
21,बची हुई सामग्री का दान कर देवी गंगा से फिर बुलाने का निवेदन कर अपने घर जाते हैं।,0054,Hin,m
22,शिखर सम्मेलन के दौरान मोहम्मद बिन सलमान अमेरिकी राष्ट्रपति डोनाल्ड ट्रम्प और उनकी बेटी इवांका ट्रम्प से भी मिले।,0054,Hin,m
23,"खूब छक कर खाया, अब चलता हूं।' बंदर ने उसे दूसरे दिन भी आने का न्यौता दे दिया।",0054,Hin,m
24,मगर दूसरे दिन आया। बंदर ने उसे फिर फल खिलाए। इस तरह बंदर और मगर में दोस्ती जमने लगी।,0054,Hin,m
25,"मगर रोज आता दोनों फल खाते-खिलाते, गपशप मारते। बंदर तो यूं भी अकेला रहता था।",0054,Hin,m
26,उसे मगर से दोस्ती कर बड़ा मजा आया। उसका अकेलापन दूर हुआ। एक साथी मिला।,0054,Hin,m
27,"एक दिन बातों-बातों में पता लगा कि मगर का घर नदी के दूसरे तट पर हैं, जहां उसकी पत्नी भी रहती हैं।",0054,Hin,m
28,"यह जानते ही बंदर ने उलाहना दिया 'मगर भाई, तुमने इतने दिन मुझे भाभीजी के बारे में नहीं बताया मैं अपनी भाभीजी के लिए रसीले फल देता।",0054,Hin,m
29,तुम भी अजीब हो अपना पेट भरते रहे और मेरी भाभी के लिए कभी फल लेकर नहीं गए।,0054,Hin,m
30,उस शाम बंदर ने मगर को जाते समय ढेर सारे फल चुन-चुनकर दिए।,0054,Hin,m
31,अपने घर पहुंचकर मगरमच्छ ने वह फल अपनी पत्नी को दिए।,0054,Hin,m
32,मादा मगरमच्छ ने वह स्वादिष्ट फल खाए और बहुत खुश हुई।,0054,Hin,m
33,मगर ने उसे अपने मित्र के बारे में बताया। पत्नी को विश्वास न हुआ।,0054,Hin,m
34,"वह बोली 'जाओ, मुझे बना रहे हो। बंदर की भी कभी किसी मगर से दोस्ती हुई है?'",0054,Hin,m
35,मगर ने यकीन दिलाया 'यकीन करो भाग्यवान! वर्ना सोचो यह फल मुझे कहां से मिलें? मैं तो पेड़ पर चढ़ने से रहा।',0054,Hin,m
36,मादा मगर को यकीन करना पड़ा। उस दिन के बाद उसे रोज बंदर के भेजे फल खाने को मिलने लगे।,0054,Hin,m
37,"वह स्वभाव से बुरी थी। एक दिन उसका दिल मचल उठा 'जो बंदर इतने रसीले फल खाता हैं,उसका कलेजा कितना स्वादिष्ट होगा?' अब वह अजीब-अजीब सोचने लगी।",0054,Hin,m
1,अपने जीवन का लक्ष्य निर्धारित करो | और सभी दूसरे विचार  को  अपने दिमाग से निकाल दो यही सफलता की पूंजी है |,0055,Hin,m
2,सफलता पाने के लिए हमें पहले विश्वास करना होगा की हम कर सकते हैं,0055,Hin,m
3,भाजपा अब कुशाभाऊ ठाकरे वाली पार्टी नहीं- गौर   ।,0055,Hin,m
4,उन्हें महज नौ सौ नौ वोट ही मिले थे ।,0055,Hin,m
5,"साथ में आंगनबाड़ी की भी व्यवस्था है, जहां छोटे बच्चों को तमाम तरह के गेम्स भी खिलाए जाते हैं।",0055,Hin,m
6,इसलिए चंद्रमा का दैविय प्रभाव बढ़ जाता है।,0055,Hin,m
7,माघ पूर्णिमा पर चंद्रमा के दर्शन और पूजा करने से रोग खत्म होते हैं।,0055,Hin,m
8,ये तो हम स्वीकार नहीं कर सकते हैं ।,0055,Hin,m
9,इस वर्ल्ड कप में सोलह  ओलिंपिक कोटा हैं।,0055,Hin,m
10,"चौदह  फरवरी को सभी प्रतिनिधि वासुदेवानंद सरस्वती महाराज, महामंडलेश्वर पूज्य स्वामी रघुनाथदास जी महाराज एवं महामंडलेश्वर पूज्य स्वामी यतिंद्रानंद गिरी महाराज के नेतृत्व में शोभायात्रा के साथ संगम पर स्नान करने जाऐंगे।",0055,Hin,m
11,दो बार की राष्ट्रीय पदक विजेता निखत का यह दूसरा अंतरराष्ट्रीय पदक है।,0055,Hin,m
12,इसीलिए पूर्णिमा तिथि की रात देवी-देवताओं के स्वागत के लिए घर के आसपास पाँच जगहों पर दीपक जलाना चाहिए।,0055,Hin,m
13,"खबर है कि विश्वजीत पश्चिम बंगाल की ऐसी किसी सीट से चुनाव लड़ सकते हैं, जहां भाजपा किसी लोकप्रिय चेहरे के रूप में उम्मीदवार के रूप में मैदान में उतरना चाहती है ।",0055,Hin,m
14,इसका सबसे बड़ा उदाहरण एकता कपूर के प्रोडक्शन हाउस का सीरियल नागिन है।,0055,Hin,m
15,परिषद के अध्यक्ष महंत नरेंद्र गिरि ने बताया था कि पूर्व सीएम दोपहर एक बजे मठ पहुंचने वाले थे।,0055,Hin,m
16,"मुख्य शोधकर्ता डॉ. एटीन सिबली के मुताबिक, वर्तमान में डिप्रेशन और मेंटल डिसऑर्डर के कारण कम हुई याददाश्त वापस लाने वाली कोई दवा नहीं है।",0055,Hin,m
17,शव को स्थानीय पुलिस को सुपुर्द कर दिया गया।,0055,Hin,m
18,खास बात यह है कि वीएफएक्स का प्रति एपिसोड होने वाला खर्च कई सीरियल्स के टॉप एक्टर्स की प्रतिदिन की फीस से ज्यादा है।,0055,Hin,m
19,अल्लाह आपकी शहादत कुबूल करे ।  मिसिंग यू भाई ।,0055,Hin,m
20,फिर उन्होंने हंसते हुए प्रियंका से कहा कि अपनी जड़ों को मत भूलो ।,0055,Hin,m
21,तहसीन ने लिखा था- अल्लाह आपको सलामत रखे ।,0055,Hin,m
22,उनके द्वारा दी जाने वाली सजा में प्रकृति भी समृद्ध होती है।,0055,Hin,m
23,एक दिन शाम को मगर घर आया तो उसने पत्नी को कराहते पाया।,0055,Hin,m
24,पूछने पर वह बोली 'मुझे एक खतरनाक बीमारी हो गई है।,0055,Hin,m
25,वैद्यजी ने कहा हैं कि यह केवल बंदर का कलेजा खाने से ही ठीक होगी। तुम अपने उस मित्र बंदर का कलेजा ला दो।',0055,Hin,m
26,मगर सन्न रह गया। वह अपने मित्र को कैसे मार सकता है?,0055,Hin,m
27,"न-न, यह नहीं हो सकता।",0055,Hin,m
28,मगर को इनकार में सिर हिलाते देखकर वह जोर से रोने,0055,Hin,m
29,लगी 'तो फिर मैं मर जाऊंगी। तुम्हारी बला से और मेरे पेट में तुम्हारे बच्चे हैं।,0055,Hin,m
30,"वे भी मरेंगे। हम सब मर जाएंगे। तुम अपने बंदर दोस्त के साथ खूब फल खाते रहना। हाय रे, मर गई… मैं मर गई।'",0055,Hin,m
31,पत्नी की बात सुनकर मगर सिहर उठा। बीवी-बच्चों के मोह ने उसकी अक्ल पर पर्दा डाल दिया।,0055,Hin,m
32,"वह अपने दोस्त से विश्वासघात करने, उसकी जान लेने चल पड़ा।",0055,Hin,m
33,मगरमच्छ को सुबह-सुबह आते देखकर बंदर चकित हुआ।,0055,Hin,m
34,"कारण पूछने पर मगर बोला 'बंदर भाई, तुम्हारी भाभी बहुत नाराज हैं।",0055,Hin,m
35,"कह रही हैं कि देवरजी रोज मेरे लिए रसीले फल भेजते हैं, पर कभी दर्शन नहीं दिए।",0055,Hin,m
36,सेवा का मौका नहीं दिया। आज तुम न आए तो देवर-भाभी का रिश्ता खत्म।,0055,Hin,m
1,अपने जीवन का लक्ष्य निर्धारित करो | और सभी दूसरे विचार  को  अपने दिमाग से निकाल दो यही सफलता की पूंजी है |,0056,Hin,m
2,सफलता पाने के लिए हमें पहले विश्वास करना होगा की हम कर सकते हैं,0056,Hin,m
3,इसके लिए पूरे देश को एकसाथ आने की जरुरत है ।,0056,Hin,m
4,उनके विधायकों में बगावत के सुर दिखाई दे रहे हैं ।,0056,Hin,m
5,सोनिया गांधी के साथ राहुल गांधी भी स्टेडियम में मौजूद थे।,0056,Hin,m
6,"लेकिन कांग्रेस इस आयोजन पर भी सिर्फ राजनीति करने के लिए सवाल उठाती रही, जबकि अभियान को अंतरराष्ट्रीय स्तर पर सराहा गया था ।",0056,Hin,m
7,ये दिन उनके अनुयाइयों के लिए वार्षिक उत्सव की तरह होता है।,0056,Hin,m
8,मई के मध्य तक नई लोकसभा का गठन करना ही है।,0056,Hin,m
9,सुपर लीग में प्रतिदिन चार मैच होंगे।,0056,Hin,m
10,फरवरी दो  हज़ार उन्नीस     : सऊदी अरब के क्राउन प्रिंस मोहम्मद बिन सलमान बिन सऊद की एयरपोर्ट पर अगवानी की।,0056,Hin,m
11,"जनवरी, दो  हज़ार पन्द्रह   : राष्ट्रपति ओबामा का दिल्ली एयरपोर्ट पर स्वागत किया।",0056,Hin,m
12,माना जाता है इनका जन्म लगभग सन एक हज़ार   तीन  सौ पचास  में हुआ था।,0056,Hin,m
13,टीचर सुषमा कुशवाहा बताती हैं कि जब स्कूल यहां खोले गए तो हमें बस टेंट और जमीन उपलब्ध कराई गई थी।,0056,Hin,m
14,"बुधवार के दिन प्रदोष व्रत हो तो, उपासक की सभी कामनाओं की पूर्ति होती है।",0056,Hin,m
15,दो दिन बाद सोलह  फरवरी को मेजर चित्रेश बिष्ट आईईडी डिफ्यूज करते वक्त शहीद हो गए।,0056,Hin,m
16,सभी का आधार कार्ड के जरिए एडमिशन किया गया है।,0056,Hin,m
17,विशेषज्ञों के अनुसार आमतौर पर गर्भधारण की सर्वोत्तम संभावनाओं के लिए महिलाओं की बीएमआई उन्नीस  से पच्चीस  के बीच होनी चाहिए।,0056,Hin,m
18,यह पहले दो हफ्ते के लिए जारी किया गया है।,0056,Hin,m
19,इसके बाद लोगों में काफी गुस्सा है।,0056,Hin,m
20,रतन टाटा आए।,0056,Hin,m
21,भारत होगा स्ट्रेटेजिक पार्टनर ।,0056,Hin,m
22,मध्यप्रदेश को ग्रुप सी में शामिल किया गया।,0056,Hin,m
23,तुम्हारी भाभी ने मुझे भी सुबह ही भगा दिया।,0056,Hin,m
24,अगर तुम्हें साथ न ले जा पाया तो वह मुझे भी घर में नहीं घुसने देगी।',0056,Hin,m
25,"बंदर खुश भी हुआ और चकराया भी 'मगर मैं आऊं कैसे? मित्र, तुम तो जानते हो कि मुझे तैरना नहीं आता।'",0056,Hin,m
26,"मगर बोला 'उसकी चिन्ता मत करो, मेरी पीठ पर बैठो। मैं ले चलूंगा न तुम्हें।'",0056,Hin,m
27,बंदर मगर की पीठ पर बैठ गया। कुछ दूर नदी में जाने पर ही मगर पानी के अंदर गोता लगाने लगा।,0056,Hin,m
28,बंदर चिल्लाया 'यह क्या कर रहे हो? मैं डूब जाऊंगा।',0056,Hin,m
29,मगर हंसा 'तुम्हें तो मरना ही है।',0056,Hin,m
30,"उसकी बात सुनकर बंदर का माथा ठनका, उसने पूछा 'क्या मतलब?'",0056,Hin,m
31,मगर ने बंदर को कलेजे वाली सारी बात बता दी।,0056,Hin,m
32,बंदर हक्का-बक्का रह गया। उसे अपने मित्र से ऐसी बेइमानी की आशा नहीं थी।,0056,Hin,m
33,"बंदर चतुर था। अपने आप को संभालकर बोला 'वाह, तुमने मुझे पहले क्यों नहीं बताया?",0056,Hin,m
34,मैं अपनी भाभी के लिए एक तो क्या सौ कलेजे दे दूं।,0056,Hin,m
35,पर बात यह हैं कि मैं अपना कलेजा पेड़ पर ही छोड़ आया हूं।,0056,Hin,m
36,तुमने पहले ही सारी बात मुझे न बताकर बहुत गलती कर दी हैं।,0056,Hin,m
37,अब जल्दी से वापिस चलो ताकि हम पेड़ पर से कलेजा लेते चलें।,0056,Hin,m
38,देर हो गई तो भाभी मर जाएगी। फिर मैं अपने आपको कभी माफ नहीं कर पाऊंगा।',0056,Hin,m
39,अक्ल का मोटा मगरमच्छ उसकी बात सच मानकर बंदर को लेकर वापस लौट चला।,0056,Hin,m
40,"जैसे ही वे पेड़ के पास पहुंचें, बंदर लपककर पेड़ पर चढ़ गया और बोला 'मूर्ख, कभी कोई अपना कलेजा बाहर छोड़ता है?",0056,Hin,m
41,दूसरे का कलेजा लेने के लिए अपनी खोपड़ी में भी भेजा होना चाहिए।,0056,Hin,m
42,अब जा और अपनी दुष्ट बीवी के साथ बैठकर खा अपने दोस्त का कलेजा।',0056,Hin,m
43,ऐसा कहकर बंदर तो पेड़ की टहनियों में गुम हो गया और अक्ल का दुश्मन मगरमच्छ अपना सिर पीटता हुआ लौट गया।,0056,Hin,m
1,अपने जीवन का लक्ष्य निर्धारित करो | और सभी दूसरे विचार  को  अपने दिमाग से निकाल दो यही सफलता की पूंजी है |,0057,Hin,m
2,सफलता पाने के लिए हमें पहले विश्वास करना होगा की हम कर सकते हैं,0057,Hin,m
3,हमने यहां बागवानी कराई ताकि स्कूल देखने में अच्छा लगे।,0057,Hin,m
4,जानिए ये जगह कौन-कौन सी हैं ।,0057,Hin,m
5,"श्री सिंह ने कहा कि इस सरकार में बाहर से भले ही एक मुख्यमंत्री दिखाई देता हो, लेकिन इसके अंदर सत्ता के कई केंद्र हैं, जिनमें से दिग्विजय सिंह भी एक हैं ।",0057,Hin,m
6,"अधिकारिक सूत्रों के मुताबिक, सऊदी अरब, कश्मीर और सीमा पार आतंकवाद के मामले पर पाकिस्तान की बात स्वीकार नहीं कर रहा है।",0057,Hin,m
7,इसके अलावा पूर्व मुख्यमंत्री अखिलेश यादव को भी मंगलवार को कुंभ आना था लेकिन उन्हें मंगलवार सुबह लखनऊ एयरपोर्ट पर ही रोक दिया गया।,0057,Hin,m
8,राइफल और पिस्टल का आईएसएसएफ वर्ल्ड कप बुधवार से शुरू हो रहा है।,0057,Hin,m
9,यहां से वे औढ़े गांव जनसभा स्थल पहुंचेंगे।,0057,Hin,m
10,पीछे देखा तो लाशें बिखरी पड़ी थीं।,0057,Hin,m
11,वे लोगों के लिए जूते-चप्पल बनाने का काम करते थे ।,0057,Hin,m
12,असली बात यह है कि बैठक में तृणमूल कांग्रेस के डेरेक ओ ब्रायन ने संकल्प के मसौदा प्रस्ताव पर आपत्ति जताई और इस पर लिखित असंतोष जताया।,0057,Hin,m
13,नहीं है मेरा समर्थन : न्यूज एजेंसी एएनआई के अनुसार रजनीकांत ने कहा- मेरी पार्टी का आगामी संसदीय चुनाव में किसी भी दल के लिए कोई समर्थन नहीं है।,0057,Hin,m
14,ये दुर्लभ तस्वीरें हैं और प्रयागराज कुम्भ मेला दो  हज़ार उन्नीस     की ऐसी शानदार तस्वीरें पहले नहीं देखी गई हैं।,0057,Hin,m
15,अप्रैल दो  हज़ार अठारह    के दौरान चीन के वुहान शहर में अनौपचारिक सम्मेलन के बाद दोनों दिग्गज नेता दो बार मुलाकात कर चुके हैं।,0057,Hin,m
16,मंदसौर गोलीकांड को लेकर गृहमंत्री द्वारा विधानसभा में रखी गई रिपोर्ट पर हंगामा शुरू हो गया है।,0057,Hin,m
17,शव को पोस्टमार्टम के लिए भेज दिया गया है।,0057,Hin,m
18,सीसीआई परिसर में दुनियाभर के कई पूर्व खिलाड़ियों की तस्वीरें लगी हैं।,0057,Hin,m
19,अप्रैल दो  हज़ार सत्रह   : भारत आए ऑस्ट्रेलिया के प्रधानमंत्री मैलकम टर्नबुल के साथ मोदी ने प्रोटोकॉल तोड़कर दिल्ली मेट्रो में यात्रा की थी।,0057,Hin,m
20,"असल में, सोमवार को गृहमंत्री बाला बच्चन ने स्वीकार किया था कि मंदसौर गोलीकांड के लिए सरकार या प्रशासन जिम्मेदार नहीं था, पुलिस ने आत्मरक्षा में गोली चलाई थी ।",0057,Hin,m
21,उन्होंने प्रयाग में संतों के साथ दोपहर में भोजन करना था।,0057,Hin,m
22,तब करीना कहती हैं कि तो अब आप हॉलीवुड एक्ट्रेस हो गई हैं ।,0057,Hin,m
23,मेरी खिड़की पर चिड़ियों एक घोंसला बना था। मैंने देखा कि उसमें से कुछ दिनों से आवाज नहीं आ रही थी।,0057,Hin,m
24,"मुझे लगा, अब इसे हटा देना चाहिए। घोंसला ऊंचा था।",0057,Hin,m
25,मैंने टेबल पर कुर्सी रखी और उस पर चढ़ने लगा।,0057,Hin,m
26,"मेरे पचहत्तर साल के पिताजी, जो आज भी शारीरिक रूप से मुझसे ज्यादा तंदुरुस्त हैं, चिल्लाए- 'रुक जा सुशील। तुझसे नहीं बनेगा।",0057,Hin,m
27,मुझे मालूम है तू हर काम थतर-मतर करता है।,0057,Hin,m
28,"हट, मैं निकालता हूं।' और वो उचककर उस कुर्सी पर चढ़ गए, जैसे कोई नौजवान चढ़ता है।",0057,Hin,m
29,मैं अवाक्-सा उनको देख रहा था। समझ भी रहा था कि उन्होंने मुझे क्यों चढ़ने नहीं दिया।,0057,Hin,m
30,"उन्हें डर था कि कहीं मैं उस ऊंचाई से गिर न जाऊं, क्योंकि उनकी नजर में मैं आज भी बच्चा हूं और कोई भी काम उनके स्तर से नहीं कर पाता हूं।",0057,Hin,m
31,वह बहुत बड़ा घोंसला था और इस तरह से बनाया गया था कि अंदर बहुत मुलायम तिनके थे और वो गद्देदार बिस्तर से भी ज्यादा मुलायम लग रहा था।,0057,Hin,m
32,"उसको देखकर पिताजी ने मेरी बेटी को आवाज लगाई- 'बिट्टो, देखो चूजों के मम्मी-पापा ने उनके लिए कितना आरामदायक घर बनाया है।'",0057,Hin,m
33,"बिट्टो दौड़ती हुई आई और खुशी से चीख पड़ी- 'हां दादाजी, ये तो बहुत मुलायम है।'",0057,Hin,m
34,"'दादाजी, वो सब कहां गए? चूजे और उनके मम्मी-पापा?' बिट्टो ने उत्सुकतापूर्वक प्रश्न किया।",0057,Hin,m
35,"'बेटा, चूजे बड़े हो गए, अपने पैरों पर खड़े हो गए और उड़ गए।' दादाजी ने गहरी सांस लेकर कहा।",0057,Hin,m
36,'और उनके मम्मी-पापा?' बिट्टो ने बड़ी मासूमियत से पूछा।,0057,Hin,m
37,"'बेटा, मम्मी-पापा अपने चूजों के बगैर नहीं रह पाए होंगे, इस कारण से उन्होंने भी घर छोड़ दिया।",0057,Hin,m
38,"जब तक बच्चे रहते हैं, तब तक ही घर है वरना वो तो वीरान जंगल जैसा लगता है।",0057,Hin,m
39,मां-बाप कितने अरमानों से अपने बच्चों को पाल-पोसकर बड़ा करते है और बच्चे उन्हें छोड़कर चले जाते हैं।,0057,Hin,m
40,पास बैठकर दो बात भी नहीं करते अच्छे से।,0057,Hin,m
41,' दादाजी कनखियों से मुझे देखते जा रहे थे और अपनी पोती को सीख दे रहे थे।,0057,Hin,m
42,मुझे मालूम है कि उनकी इस सीख में मेरे लिए भी एक संदेश था।,0057,Hin,m
1,अपने जीवन का लक्ष्य निर्धारित करो | और सभी दूसरे विचार  को  अपने दिमाग से निकाल दो यही सफलता की पूंजी है |,0058,Hin,m
2,सफलता पाने के लिए हमें पहले विश्वास करना होगा की हम कर सकते हैं,0058,Hin,m
3,"सचिन तेंदुलकर ने लिखा, कायरता, नीच और बेहूदा हरकत . मेरा दिल उन सभी परिवार वालों का दर्द महसूस कर सकता है, जिन्होंने अपने प्रियजनों को खो दिया।",0058,Hin,m
4,कैसे करते हैं किताबों का इंतजाम?,0058,Hin,m
5,शूटिंग का पहला इंटरनेशनल फेडरेशन  उन्नीस  सौ सात     में बना ।,0058,Hin,m
6,वहीं ऐसे शोज में काम करना एक्टर्स के लिए भी चुनौतीपूर्ण है।,0058,Hin,m
7,शुरुआती दो महीनों में ही नुकसान होता है।,0058,Hin,m
8,"मुझे जीवन में शांति चाहिए, ताकि मैं भक्ति कर सकूं ।",0058,Hin,m
9,"हरीरा जितना सेहत के लिये फायदेमंद है, उतना ही स्वादिष्ट भी होता है।",0058,Hin,m
10,फाइनल मुकाबला भी इंदौर में ही खेला जाएगा।,0058,Hin,m
11,वे पचास  मी राइफल तीन  पोजीशन में हिस्सा लेंगे।,0058,Hin,m
12,"इस लक्ष्य को हासिल करने के लिए लोग किस तरह का भारत देखना चाहते है, इस पर लोगों के सुझाव लिए जा रहे  ।",0058,Hin,m
13,हिन्दू कैलेंडर के अनुसार ये पर्व हर साल माघ मास की पूर्णिमा तिथि पर मनाया जाता है ।,0058,Hin,m
14,"शिक्षिका ने पाकिस्तान की तारीफ की, प्रोफेसर ने सुरक्षाबलों पर लगाए आरोप ।",0058,Hin,m
15,भारतीय शूटर को घरेलू माहौल का फायदा मिलेगा,0058,Hin,m
16,सोमवार के दिन त्रयोदशी पड़ने पर किया जाने वाला व्रत आरोग्य प्रदान करता है और इंसान की सभी इच्छाओं की पूर्ति होती है।,0058,Hin,m
17,"इस बीच पंजाब सरकार में मंत्री नवजोत सिंह सिद्धू ने कहा, मैं अपने कहे पर कायम हूूं।",0058,Hin,m
18,सुप्रीम कोर्ट के गलियारों में अब चर्चा है कि उनके खिलाफ पुलिस में ठगी का मामला दर्ज कराने की संभावनाओं को भी तलाशा जा रहा है।,0058,Hin,m
19,इस प्रकार संयमपूर्वक व्रत करने से व्रती को पुण्य फल प्राप्त होते हैं।,0058,Hin,m
20,कांग्रेस अपने विधायकों को संभाल नहीं पा रही है ।,0058,Hin,m
21,लेकिन उन्हें मंगलवार सुबह अमौसी एयरपोर्ट पर ही रोक दिया गया।,0058,Hin,m
22,तभी ट्रक ने उन्हें कुचल दिया।,0058,Hin,m
1,अपने जीवन का लक्ष्य निर्धारित करो | और सभी दूसरे विचार  को  अपने दिमाग से निकाल दो यही सफलता की पूंजी है |,0059,Hin,m
2,सफलता पाने के लिए हमें पहले विश्वास करना होगा की हम कर सकते हैं,0059,Hin,m
3,यूपी बॉर्डर पर सख्ती ।,0059,Hin,m
4,एक्टर से राजनेता बने सुपरस्टार रजनीकांत ने यह साफ कर दिया है कि उनकी पार्टी दो  हज़ार उन्नीस     में होने वाले लोकसभा चुनाव नहीं लड़ेगी।,0059,Hin,m
5,बीसीसीआई द्वारा होलकर स्टेडियम में खेले जाने वाली घरेलू मुश्ताक अली टी-ट्वेंटी ट्रॉफी के लीग मुकाबले इक्कीस  फरवरी से खेले जाएंगे।,0059,Hin,m
6,मोदी वाराणसी में एक जनसभा को भी संबोधित करेंगे।,0059,Hin,m
7,दो साल पहले ‘आरंभ: कहानी देवसेना की नाम के शो की घोषणा हुई थी और कहा गया था कि एकता कपूर के महाभारत के बाद यह टीवी इंडस्ट्री का सबसे महंगा शो होगा।,0059,Hin,m
8,वह बीटेक सेकंड ईयर का छात्र है और उसके पिता कश्मीर के हरमन गांव में के सरकारी स्कूल में शिक्षक हैं ।,0059,Hin,m
9,"यहां उन्हें ड्रेस, मोजे, जूते, बैग और किताबें दी गई हैं।",0059,Hin,m
10,"गाड़ियां आसानी से निकल सकें, इसलिए हम हाईवे पर एक तरफ ही चल रहे थे।",0059,Hin,m
11,अभी तक पाँच  टीमें आ चुकी हैं।,0059,Hin,m
12,मूल रूप से बारामूला के रहने वाले कश्मीर छात्र ने सोशल नेटवर्किंग साइट पर जैश के आतंकी आदिल अहमद डार की तारीफ की थी ।,0059,Hin,m
13,भाजपा के प्रदेश अध्यक्ष राकेश सिंह की चेतावनी के बाद पूर्व मुख्ममंत्री बाबूलाल गौर ने कांग्रेस नेता दिग्विजय सिंह के भोपाल संसदीय क्षेत्र से चुनाव लड़ने के प्रस्ताव को ठुकरा दिया ।,0059,Hin,m
14,इससे पहले यह जिला हिजबुल मुजाहिदीन का गढ़ कहा जाता था।,0059,Hin,m
15,"एसपी अनिल कुमार बेनिवाल के मुताबिक, हादसा थाना क्षेत्र छोटीसादड़ी से सात किलोमीटर दूर रामदेवजी के पास हुआ।",0059,Hin,m
16,मान्यता है कि माघी पूर्णिमा पर देवता भी रूप बदलकर गंगा स्नान के लिए प्रयाग आते हैं।,0059,Hin,m
17,चित्तौड़गढ़-प्रतापगढ़ नेशनल हाईवे  एक  सौ   तेरह   पर सोमवार रात आठ बजे शादी के कार्यक्रम में नाच रहे लोगों को ट्रक ने कुचल दिया।,0059,Hin,m
18,"मार्च, दो  हज़ार अठारह    : फ्रांस के राष्ट्रपति इमैन्यूअल मैक्रों को एयरपोर्ट पर रिसीव किया।",0059,Hin,m
19,"उसने फेसबुक पोस्ट में पुलवामा हमले को ""रियल सर्जिकल अटैक बताया था ।",0059,Hin,m
20,असम के गुवाहाटी में कॉलेज की प्रोफेसर ने सीआरपीएफ और सुरक्षा बलों के खिलाफ कथित तौर पर अपमानजनक पोस्ट की थी ।,0059,Hin,m
21,सभी कल्पवासी माघी पूर्णिमा पर माता गंगा की आरती पूजन करके साधु संन्यासियों और ब्राह्मणों को भोजन कराते हैं।,0059,Hin,m
22,"वह सही लगाए गए हैं तो जनाब मैंने  तीन  हज़ार एक  सौ   किलोमीटर की यात्रा की है, आप कितना पैदल चले हैं ।",0059,Hin,m
1,अपने जीवन का लक्ष्य निर्धारित करो | और सभी दूसरे विचार  को  अपने दिमाग से निकाल दो यही सफलता की पूंजी है |,0060,Hin,m
2,सफलता पाने के लिए हमें पहले विश्वास करना होगा की हम कर सकते हैं,0060,Hin,m
3,गौर के इस बयान के बाद भाजपा के भोपाल सीट के लोकसभा प्रभारी स्वतंत्रदेव उनसे मिलने पहुंचे थे ।,0060,Hin,m
4,संत रविदास जयंती पर उनके अनुयायी पवित्र नदियों में स्नान करते हैं।,0060,Hin,m
5,"पूरे शो का बजट सत्तर  करोड़ रुपए था, जिसमें चौदह  करोड़ सिर्फ वीएफएक्स पर खर्च हुए।",0060,Hin,m
6,उनकी इस पहल को कई लोगों का साथ मिल रहा है।,0060,Hin,m
7,ख्याति से भृगु को दो पुत्र दाता और विधाता मिले और एक बेटी लक्ष्मी का जन्म हुआ।,0060,Hin,m
8,अगर उससे संतुष्ट नहीं हुए तो हम फिर से इसकी जांच कराएंगे ।,0060,Hin,m
9,मोदी और क्राउन प्रिंस के बीच डेलीगेशन लेवल की बातचीत होनी है।,0060,Hin,m
10,दो महीने की पढ़ाई फ्री रखी गई है।,0060,Hin,m
11,पहले दोनों ही टीमों के खिलाड़ियों ने पुलवामा हमले में शहीद हुए सैनिकों को श्रद्धांजलि अर्पित की।,0060,Hin,m
12,आप इस चांद को रात नौ पर देख सकेंगे।,0060,Hin,m
13,मानसिक परेशानियां भी दूर हो जाती है।,0060,Hin,m
14,सत्ता का नशा हमेशा कांग्रेस के सिर चढ़ कर बोलता है ।,0060,Hin,m
15,यूरोपियन देश कराएंगे खशोगी मामले की जांच’,0060,Hin,m
16,रतन टाटा को चलने में तकलीफ होती है।,0060,Hin,m
17,इस दौरान रूस में सऊदी अरब का निवेश दो  बिलियन डॉलर तक बढ़ाने की बातचीत होगी।,0060,Hin,m
18,प्रदोष को प्रदोष कहने के पीछे एक कथा जुड़ी हुई है।,0060,Hin,m
19,इसके बाद किचन में भी एक दीपक जलाएं।,0060,Hin,m
20,हमारी सरकार इसे लेकर पूरी तरह से चौकन्ना है ।,0060,Hin,m
21,हरीरा या पंजीरी भारतीय घरों में महिलाओं को प्रसव के बाद दिया जाने वाला एक पारंपरिक भोजन है।,0060,Hin,m
22,"चूंकि कैबिनेट सचिव श्री पी.के.सिन्हा का स्वास्थ्य ठीक नहीं चल रहा है, इसलिए कानाफूसी चल रही है कि वह जल्दी अपना पद छोड़ सकते हैं।",0060,Hin,m
23,"एक समय की बात है, एक व्यापारी की तीन बेटियां थीं। एक दिन उसे किसी काम से दूर देश जाना था, जाने से पहले उसने अपनी बेटियों को",0060,Hin,m
24,अपने पास बुलाया और पूछा कि तुम तीनों के लिए परदेस से क्या लाऊं?,0060,Hin,m
25,"पहली बेटी ने सुंदर कपड़े मांगे, दूसरी ने गहने और तीसरी बेटी जिसका नाम ब्यूटी था, उसने कहा उसे लाल गुलाब का फूल चाहिए।",0060,Hin,m
26,व्यापारी उनके लिए तोहफा लाने का वादा करके घर से निकल पड़ा।,0060,Hin,m
27,व्यापारी अपना काम खत्म करके जब वापस घर की और लौट रहा था तब अचानक आंधी-तूफान आ गया और वह रास्ता भटक गया और एक महल के पास पहुंच गया।,0060,Hin,m
28,बाहर अंधेरा था और महल से रोशनी आ रही थी तो उसने सोचा कि आज रात वो इसी महल में रुक जाएगा।,0060,Hin,m
29,"व्यापारी महल के अंदर गया पर उसे वहां कोई नहीं दिखा, टेबल पर बहुत सारे स्वादिष्ट पकवान रखें देख कर उसकी भूख और भी बढ़ गई और उसने उन्हें खाना शुरू कर दिया।",0060,Hin,m
30,"पेट भर कर खाना खाया और मुलायम, गद्देदार बिस्तर पर सो गया। जब सुबह उठकर बाहर देखा तो सुंदर गुलाब का बगीचा दिखा।",0060,Hin,m
31,उसने बगीचे से अपनी बेटी के लिए फूल तोड़ लिया तब अचानक से वहां एक राक्षस प्रकट हुआ और बोला मैंने तुम्हें अपने महल में खाने और रात बिताने दी और तुम मेरे ही बगीचे से फूल तोड़ रहे हो।,0060,Hin,m
32,व्यापारी डर गया और उसने बताया कि मैंने यह फूल अपनी बेटी के लिए तोड़े हैं।,0060,Hin,m
33,राक्षस ने कहा वो उसे जाने देगा लेकिन शर्त यह है कि उसे अपनी बेटी को उसके पास भेजना होगा।,0060,Hin,m
34,व्यापारी ने डर कर हां कह दिया और अपने घर लौट कर अपनी तीनों बेटियों को बताया।,0060,Hin,m
35,"तब ब्यूटी ने कहा, आप घबराए नहीं, मैं आपका वादा निभाऊंगी।",0060,Hin,m
36,"ब्यूटी उस महल में चली गई, राक्षस का डरावना रूप देख कर पहले तो वो डर गई लेकिन राक्षस ने उसका स्वागत किया।",0060,Hin,m
37,सबसे सुंदर कमरा उसे रहने के लिए दिया और उसे अच्छे से रखने लगा।,0060,Hin,m
38,दोनों को एक-दूसरे का साथ अच्छा लगने लगा।,0060,Hin,m
39,"राक्षस को ब्यूटी से प्यार हो गया था और उससे शादी करना चाहता था, लेकिन ये बात उसे बताने में डर रहा था कि ब्यूटी उसके जैसे डरावने दिखने वाले राक्षस से क्यों शादी करेगी?",0060,Hin,m
40,ब्यूटी एक बार बाजार से लौटी तो राक्षस जमीन पर ऐसे पड़ा था मानो मर गया हो।,0060,Hin,m
41,ये देख कर वो रोने लगी और कहने लगी मैं तो तुमसे शादी करना चाहती थी।,0060,Hin,m
42,ये सुनकर राक्षस का रूप बदल गया और वो एक सुंदर राजकुमार,0060,Hin,m
43,"बन गया। तब राजकुमार ने उसे बताया कि उसे श्राप मिला था की जब कोई लड़की उसे राक्षस के रूप में प्यार करेगी, सूरत की जगह उसके गुणों को पसंद करेगी तब ही उसे उसका असली रूप मिलेगा।",0060,Hin,m
44,कहानी की सीख : जीवन में सूरत से ज्यादा गुणों का महत्व होता है।,0060,Hin,m
1,अपने जीवन का लक्ष्य निर्धारित करो | और सभी दूसरे विचार  को  अपने दिमाग से निकाल दो यही सफलता की पूंजी है |,0061,Hin,m
2,सफलता पाने के लिए हमें पहले विश्वास करना होगा की हम कर सकते हैं,0061,Hin,m
3,ग्रुप सी में मध्य प्रदेश के अलावा मुंबई पंजाब सौराष्ट्र गोवा रेलवे और सिक्किम की टीमे भाग लेंगी।,0061,Hin,m
4,इस सेवा का एक मकसद यह भी है कि शेल्टर होम में होने वाली कई गड़बड़ियां उजागर होंगी या बंद होंगी।,0061,Hin,m
5,ये वो लोग थे जो मेरी चिंता करते थे तो निश्चित रूप से वे यही कहते ।,0061,Hin,m
6,विधानसभा में गृहमंत्री और वनमंत्री ने मंदसौर गोलीकांड और नर्मदा किनारे लगाए पौधों को सही ठहराया था ।,0061,Hin,m
7,उसे आने वाले लोकसभा चुनाव के लिए घोषणा पत्र में शामिल किया जाएगा ।,0061,Hin,m
8,"हर वर्ग के लिए नई योजनाएं लागू की, इसका वह लाभ ले रहे है ।",0061,Hin,m
9,"उन्होंने कहा, हमने इमरान की तस्वीर को अभी ढंक दिया है, लेकिन इस पर से पर्दा कब हटाया जाएगा, यह कह नहीं सकते।",0061,Hin,m
10,गाड़ोलिया लोहार समाज के लोग लड़की को घोड़ी पर बैठाकर बिंदाेली (वधू पक्ष का कार्यक्रम) निकाल रहे थे।,0061,Hin,m
11,"छतरपुर से आया सात  साल का मातादीन बताता है कि वह वहां भी पढ़ाई कर रहा था, लेकिन उसे यहां की पढ़ाई अच्छी लगती है।",0061,Hin,m
12,"बता दें कि इस साल के लिए शेड्यूल इसलिए देर से जारी किया जा रहा है क्योंकि आईपीएल दो  हज़ार उन्नीस     जिस दौरान खेला जाना है, उसी दौरान लोकसभा चुनाव भी होने हैं।",0061,Hin,m
13,"सीएम कमलनाथ ने हस्तक्षेप किया, बोले- किसी भी मामले में दोषियों को छोड़ेंगे नहीं ।",0061,Hin,m
14,पुलवामा में आतंकी हमले के बाद देश भर में गुस्से का माहौल है।,0061,Hin,m
15,यह शो का उन्नीस वां एपिसोड होगा और अगले रविवार यानी चौबीस  फरवरी को टेलीकास्ट होगा ।,0061,Hin,m
16,"भृगु के और भी पुत्र थे जैसे उशना, च्यवन आदि।",0061,Hin,m
17,"संत रविदास के जीवन से कई ऐसे प्रेरक प्रसंग हैं, जिनसे हम सुखी जीवन के सूत्र सीख सकते हैं ।",0061,Hin,m
18,"मैं उनकी आलोचना नहीं कर रहा हूं, लेकिन पुलवामा अटैक के बाद जिस तरह से निराशा जताई है उससे हमें बेहद दुख हुआ है।",0061,Hin,m
19,प्रयागराज में इन दिनों कुम्भ मेला दो  हज़ार उन्नीस     चल रहा है।,0061,Hin,m
20,इस साल चार  वर्ल्ड कप और एक फाइनल्स होगा।,0061,Hin,m
21,ज्यादा नुकसान शो के बंद किए जाने की तारीख घोषित होने पर होता है।,0061,Hin,m
22,पिछले पांच दिन में हुईं तीन आंतकवादी वारदातों में भारत के पैंतालीस  जवान शहीद हुए हैं।,0061,Hin,m
23,"पन्द्रह दिन विद्यालय खुले हो गए थे, पर अभी सब बच्चों के पास पुस्तकें नहीं आ पाई थीं इसलिए विषयों के पाठ पढ़ाना मुश्किल था।",0061,Hin,m
24,जल्दी ही पुस्तकें आने की आशा थी।,0061,Hin,m
25,प्रधान शिक्षिका अनामिका और दूसरी शिक्षिकाएं बच्चों को सहज जीवन और अनुशासन के महत्व के पाठ पढ़ाने लगीं।,0061,Hin,m
26,"उन्होंने गणित और विज्ञान विषयों की बेसिक बातें, दुहराने का काम कक्षाओं में शुरू किया।",0061,Hin,m
27,"स्वयं कैसे स्वच्छ रहें, घर-बाहर और विद्यालय को कैसे स्वच्छ रखें, बच्चे इन दिनों सीख रहे थे।",0061,Hin,m
28,"पर्यावरण प्रदूषण क्या है? बच्चे पर्यावरण संरक्षण में किस प्रकार सहयोग कर सकते हैं, पर्यावरण स्वच्छ रखने में पेड़-पौधे किस प्रकार सहायक हैं, सारी बातें सामान्य ज्ञान के रूप में बच्चे सहज ही जान रहे थे।",0061,Hin,m
29,अनामिका ने बड़ी कक्षा के बच्चों को कई प्रकार के पेड़-पौधों की पहचान कराई।,0061,Hin,m
30,ये हमारे जीवन में किस प्रकार उपयोगी हैं।,0061,Hin,m
31,"उन्होंने बताया कि तुलसी का पौधा तो हर घर में होता है, इस प्रवेश द्वार पर लगाने से घर का वातावरण शुद्ध होता है।",0061,Hin,m
32,उससे मिलने वाले लाभ भी उन्होंने बच्चों को बताए।,0061,Hin,m
33,स्वतंत्रता दिवस आने वाला था।,0061,Hin,m
34,पढ़ाई के साथ-साथ बच्चे और शिक्षक इस दिवस पर होने वाले आयोजनों की तैयारी में लग गए।,0061,Hin,m
35,पूरा सप्ताहभर कई कार्यक्रम जो थे।,0061,Hin,m
36,"सफाई स्वच्‍छता, योग-व्यायाम, खेल-सांस्कृतिक प्रदर्शन सभी प्रकार की प्रतियोगिताएं होनी थीं।",0061,Hin,m
1,अपने जीवन का लक्ष्य निर्धारित करो | और सभी दूसरे विचार  को  अपने दिमाग से निकाल दो यही सफलता की पूंजी है |,0062,Hin,f
2,सफलता पाने के लिए हमें पहले विश्वास करना होगा की हम कर सकते हैं,0062,Hin,f
3,"भारत ने पिछली बार  ग्यारह पदक जीते थे, जिनमें दो स्वर्ण थे।",0062,Hin,f
4,"ये सत्ता केंद्र अपने-अपने हिसाब से सरकार को चला रहे हैं, इनके पास प्रदेश की जनता को लेकर कोई सोच नहीं है ।",0062,Hin,f
5,कैबिनेट सचिव का मामला ।,0062,Hin,f
6,सऊदी अरब पाकिस्तान को पहले से ही छह बिलियन डॉलर (करीब तैंतालीस   हजार करोड़ रुपए) का कर्ज दे चुका है।,0062,Hin,f
7,एक बयान में उन्होंने कहा कि मीडिया उनकी फोटोज और पार्टी का प्रतीक चिह्न किसी भी तरह के प्रोपगेंडा में प्रयोग न करे।,0062,Hin,f
8,हमले में शहीद हुए जवानों और उनके परिवार के प्रति संवेदनाएं हैं।,0062,Hin,f
9,हैदराबाद की बाईस साल की निखत ने फिलीपींस की मैग्नो आयरिश को एकतरफा मुकाबले में पाँच -शून्य  के अंतर से हराया है।,0062,Hin,f
10,"वहीं, भाजपा महासचिव कैलाश विजयवर्गीय ने भी हमला बोलते हुए कहा है कि दिग्विजय सनसनी फैलाकर मीडिया में बने रहना चाहते हैं जबकि सरकार अहंकार में है ।",0062,Hin,f
11,फरवरी महीने में उनका उत्तरप्रदेश का यह तीसरा दौरा है।,0062,Hin,f
12,हम अगले महीने आईसीसी की बैठक में इस मामले को उठाएंगे।,0062,Hin,f
13,प्रदोष में बिना कुछ खाए व्रत रखने का विधान है।,0062,Hin,f
14,शादी करने से पहले गूगल सर्च नहीं किया: क्विज राउंड के दौरान करण प्रियंका से जोनास ब्रदर्स के फर्स्ट एलबम का नाम पूछते हैं लेकिन वह इसे भी नहीं बता पातीं ।,0062,Hin,f
15,"मैं तो जूते बनाने के काम से खुश हूं, क्योंकि इस काम से मेरे खाने-पीने की व्यवस्था हो जाती है और बाकी समय में मैं भगवान का स्मरण कर लेता हूं ।",0062,Hin,f
16,या अभी स्पीकर के चुनाव में लिया गया एकतरफा निर्णय हो ।,0062,Hin,f
17,पन्द्रह    फरवरी को होगा समापन; कार्यक्रम संयोजक अजय शर्मा ने बताया कि मंगलवार सुबह इस उपलक्ष्य में एक प्रदर्शनी का उद्घाटन कार्यक्रम स्वामी अवधेशानन्द गिरी के सानिध्य में सम्पन्न होगा।,0062,Hin,f
18,उन्नीस  सौ अस्सी    में इंटरनेशनल शूटिंग स्पोर्ट्स फेडरेशन (आईएसएसएफ) से एक  सौ   देश जुड़ गए।,0062,Hin,f
19,उत्तरी इटली में उनकी यह तरकीब चर्चा में है।,0062,Hin,f
20,हर स्कूल में नब्बे  से  एक  सौ   बच्चे पढ़ रहे हैं।,0062,Hin,f
21,ऐसा करना संभव न हो तो एक समय फल खा सकते हैं।,0062,Hin,f
22,जहां उन्होंने संतों के साथ भोजन किया।,0062,Hin,f
23,कक्षा छह के लिए उनकी अध्यापिका ने एक अनोखी प्रतियोगिता का आयोजन किया।,0062,Hin,f
24,कक्षा के सभी विद्यार्थी किसी पात्र में मिट्टी भरकर एक पौधा रोपकर लाएंगे।,0062,Hin,f
25,एक सप्ताह का समय था और बच्चों में खासा उत्साह था।,0062,Hin,f
26,पौधे के साथ उस पौधे का नाम और उपयोगिता भी लिखनी थी।,0062,Hin,f
27,बच्चों के घरों में जैसे हलचल मच गई।,0062,Hin,f
28,बड़ों को भी तो बच्चों के कामों में सहयोग करना था और बच्चों की तरह विनय प्रतियोगिता में भाग ले रहा था।,0062,Hin,f
29,"उसे चिंता थी- एक गमले की, एक अनोखे पौधे की।",0062,Hin,f
30,विनय के पिताजी ने आश्वासन दिया कि वे जल्दी ही एक अच्छे पौधे और गमले की व्यवस्था कर देंगे।,0062,Hin,f
31,"विनय खुश था, पर दो-तीन दिन तो पिताजी की व्यस्तता में यूं ही बीत गए।",0062,Hin,f
32,रोज रात बैंक से लौटने में उन्हें देर हो जाती।,0062,Hin,f
33,विनय उनकी प्रतीक्षा करते-करते सो जाता।,0062,Hin,f
34,वह चाहता था कोई विशिष्ट पौधा छोटे से गमले में रोपकर ले जाए।,0062,Hin,f
35,"मां से पूछकर चार पंक्तियां उसके बारे में लिखे, पर पिताजी की व्यस्तता उसे निराश कर रही थी।",0062,Hin,f
36,आखिरी दिन तो हद हो गई।,0062,Hin,f
1,अपने जीवन का लक्ष्य निर्धारित करो | और सभी दूसरे विचार  को  अपने दिमाग से निकाल दो यही सफलता की पूंजी है |,0063,Hin,m
2,सफलता पाने के लिए हमें पहले विश्वास करना होगा की हम कर सकते हैं,0063,Hin,m
3,पोस्ट में उसने आदिल की तस्वीर शहीद जवानों के साथ पोस्ट की थी ।,0063,Hin,m
4,वैज्ञानिकों ने इसका ट्रायल बढ़ती उम्र के चूहों पर किया है।,0063,Hin,m
5,पुलवामा में हुए आतंकी हमले की निंदा करता हूं।,0063,Hin,m
6,एकता कपूर अपने सीरियल ‘नागिन-तीन  के चौहत्तर  एपिसोड्स पर दस  करोड़ रुपए खर्च कर चुकी हैं क्योंकि इसमें हर एपिसोड में लगभग पच्चीस -तीस  मिनट के ग्राफिक्स इस्तेमाल हो रहे हैं।,0063,Hin,m
7,इस चार दिवसीय कार्यक्रम में केरल से लेकर हिमाचल प्रदेश तक और गुजरात से नागालैंड तक के विभिन्न राज्यों से छह  हजार से अधिक लोग कार्यक्रम में शामिल होंगे।,0063,Hin,m
8,रविदासजी के निस्वार्थ प्रेम से महात्माजी बहुत प्रसन्न हुए ।,0063,Hin,m
9,वहीं मनोज तिवारी पुलिस उपमहानिरीक्षक आजमगढ़ बनाए गए हैं।,0063,Hin,m
10,और कैफी आजमी के प्रगतिशील काव्य पर एल्बम लॉन्च करने की परियोजना शुरू की है।,0063,Hin,m
11,उप कमांडेंट पुरुषोत्तम लाल शर्मा की अगुवाई में पहुंची पन्द्रह    सदस्यीय टीम ने बचाव अभियान शुरु किया।,0063,Hin,m
12,डॉ. एटीन का कहना है कि नई दवा से ब्रेन में कोशिकाएं दोबारा पनपने लगती हैं जैसे किसी युवा के दिमाग में होती हैं।,0063,Hin,m
13,"उज्जैन के ज्योतिषाचार्य पं. मनीष शर्मा के अनुसार हर माह पूर्णिमा आती है, लेकिन इस पूर्णिमा का विशेष महत्व है।",0063,Hin,m
14,कर्मियों ने प्रांजल त्रिपाठी को बाहर निकाल कर उनकी जान बचाई।,0063,Hin,m
15,दर्द को बयां करने के लिए शब्द नहीं हैं।,0063,Hin,m
16,जम्मू-कश्मीर के बारामूला में सेना में भर्ती होने के लिए युवाओं की लंबी कतार लग गई।,0063,Hin,m
17,"वहीं, महिलाओं में पूर्व जूनियर विश्व चैम्पियन निखत जरीन और मीना कुमारी देवी ने भी स्वर्ण पदक अपने नाम किया।",0063,Hin,m
18,इसमें चालीस  जवान शहीद हुए थे।,0063,Hin,m
19,भारत के मन की बात मोदी के साथ अभियान मे लोगों से मिले सुझावों की समीक्षा होगी ।,0063,Hin,m
20,अब मलाइका ने खुद इस बात का खुलासा करीना के रेडियो शो वॉट विमेन वॉन्ट में किया है ।,0063,Hin,m
21,भाजपा ने पश्चिम बंगाल की बयालीस  लोकसभा सीटों में से  बाईस से अधिक सीटें जीतने का लक्ष्य बनाया है ।,0063,Hin,m
22,सुप्रीम कोर्ट के इतिहास में पहली बार चीफ जस्टिस ने सुप्रीम कोर्ट के दो असिस्टेंट रजिस्ट्रारों को बर्खास्त कर दिया था।,0063,Hin,m
23,सुबह उठते ही उसे खबर मिली कि पिताजी तो दौरे पर चले गए हैं।,0063,Hin,m
24,हताशा ने तो उसे रुला ही दिया।,0063,Hin,m
25,"मां ने समझाया कि बीनू, इन दिनों पिताजी बहुत ही व्यस्त हैं।",0063,Hin,m
26,"तुम्हारे लिए समय नहीं दे पाए, मैं कुछ करती हूं।",0063,Hin,m
27,"तभी महरी माई आई और पूछा, बीनू क्यों रो रहा है?",0063,Hin,m
28,"कारण जानकर वह बोली, अभी आई और घर से लौट गई।",0063,Hin,m
29,"बीनू की मां सोचने लगी कि घर पर हरियाली के नाम पर एक पौधा भी नहीं है, जो उठाकर इसे दे देती।",0063,Hin,m
30,सचमुच हमने वनस्पति के महत्व को कभी समझा ही नहीं।,0063,Hin,m
31,"कम से कम एक-एक पौधारोपण करवाकर शिक्षिका, बच्चों को पर्यावरण के प्रति जागरूकता का पाठ तो दे रही हैं।",0063,Hin,m
32,पर मैं क्या करूं? घर में बालिश्त भर का गमला नहीं। गोबर-मिट्टी भी नहीं।,0063,Hin,m
33,"आज, अभी उसे पौधा लेकर जाना है।",0063,Hin,m
34,दरवाजे पर आहट हुई। माई आ गई थी।,0063,Hin,m
35,उसके हाथ में मिट्टी का छोटा-सा तुलसी का घरा था।,0063,Hin,m
36,"पीली मिट्टी से पुता, चून की रंगोली से सजा, छोटा सा गमला था।",0063,Hin,m
37,"उसमें तुलसी का नन्हा-सा पौधा लगा था। ये तुम ले जाओ, मैं फिर बना लूंगी।",0063,Hin,m
38,"वाह! बीनू, तुलसी का पौधा और इ‍तना सुंदर गमला।",0063,Hin,m
39,रमा दीदी ने हमें तुलसी के पौधे का महत्व भी बताया था।,0063,Hin,m
40,वह झट से एक कागज लाया। उसके टुकड़े पर उसने कविता की चार पंक्तियां लिख दीं और अपना नाम भी-,0063,Hin,m
41,"'पवित्र पौधा तुलसी का, सौ सौ गुण इसमें भरे। रोगों पर करता उपचार,वायु प्रदूषण दूर करे।'",0063,Hin,m
1,अपने जीवन का लक्ष्य निर्धारित करो | और सभी दूसरे विचार  को  अपने दिमाग से निकाल दो यही सफलता की पूंजी है |,0064,Hin,m
2,सफलता पाने के लिए हमें पहले विश्वास करना होगा की हम कर सकते हैं,0064,Hin,m
3,कार में सवार दो लोगों में एक की मौत हो गई।,0064,Hin,m
4,रात में जागरण करें और शिवजी के मंत्रों का जाप करें।,0064,Hin,m
5,ग्लोबल वॉर्मिंग के बारे में भी जागरुक कर रहे,0064,Hin,m
6,इस व्रत को करने से दुखों का नाश होता है।,0064,Hin,m
7,अब तक ऐसे करीब पन्द्रह    ऑर्डर निकाले जा चुके हैं।,0064,Hin,m
8,यह लर्निंग कॉर्नर बेहतर ढंग से सजाया गया है ताकि बच्चे नियमित रूप से स्कूल आने के लिए आकर्षित हों।,0064,Hin,m
9,एनडीआरएफ के गोताखोरों ने देर रात नदी के तेज बहाव में खोजबीन करते हुए घटनास्थल से लगभग  एक  सौ   मीटर की दूरी पर पांटून पुल चौदह  के पास अभ्युदय के शव को निकाला।,0064,Hin,m
10,लेकिन परिस्थिति कुछ ऐसी हुई कि लक्ष्मण भरोसे पर खड़े नहीं उतर पाए और देवी सीता का हरण हो गया।,0064,Hin,m
11,आम शोज की तुलना में एक्टर्स को वीएफएक्स आधारित शोज में एक्टिंग करने के लिए ज्यादा समय देना होता है।,0064,Hin,m
12,रिसाइकिल वेस्ट से भी मिलता है पैसा,0064,Hin,m
13,मुझसे पूछा जा रहा था - मैं सच में अपने फैसले को लेकर  एक  सौ  प्रतिशद श्योर हूं ।,0064,Hin,m
14,"इनमें पाक प्रधानमंत्री इमरान खान, जावेद मियांदाद, शाहिद अफरीदी जैसे खिलाड़ियों की तस्वीरें शामिल हैं।",0064,Hin,m
15,"वहीं शबाना ने भी एक ट्वीट कर कहा था- इन सभी वर्षों में पहली बार, मैं अपने विश्वास में कमजोर महसूस कर रही हूं कि जिन लोगों से संपर्क में रहते हैं वे रिश्तों को सुधारने की दिशा में सही काम करते हैं।",0064,Hin,m
16,इससे पहले ऐसी स्थिति चौदह  नवंबर दो  हज़ार सोलह  को बनी थी।,0064,Hin,m
17,"पुलिस के मुताबिक, तहसीन ने शकूर डार नाम के आतंकी के एनकाउंटर के बाद उसकी फेसबुक पोस्ट पर लिखा था- रेस्ट इन पीस शकूर ।",0064,Hin,m
18,मेले में सेक्टर-दो  में स्थापित प्राथमिक विद्यालय के अध्यापक हितेश बताते हैं कि पन्द्रह    दिसंबर से कुंभ मेला क्षेत्र में पाँच  सेक्टर्स में पांच अलग-अलग स्कूल चल रहे हैं।,0064,Hin,m
19,मंदसौर गोलीकांड पर बने जांच आयोग का परीक्षण करा रहे हैं ।,0064,Hin,m
20,आसान नहीं था रिश्ता खत्म करना : हर किसी ने कहा अगर तुम्हारा यही फैसला है तो हमें तुम पर गर्व है ।,0064,Hin,m
21,इसे कम करने के उपाय आप शायद न जानती हों इसीलिए आपको बताते हैं कि भोजन के द्वारा आप वात दोष को कैसे कम कर सकतीं हैं।,0064,Hin,m
22,इससे घर के आसपास की नकारात्मकता दूर होती है।,0064,Hin,m
23,"सोना बॉटम न्यूज को तीसरी बार लगाते हुए चिडचिड़ा गई थी, आखिर एक बार में ही न्यूज फाइनल क्यों नहीं करते बॉस!",0064,Hin,m
24,फिर खुद पर कंट्रोल किया और फोटो क्रॉप करने लगी।,0064,Hin,m
25,"अभी साल भर ही तो हुआ है शादी को, मीडिया की नौकरी में यह भावुकता कहां चलती है।",0064,Hin,m
26,घड़ी में दस से ज्यादा हो चला है।,0064,Hin,m
27,"घर से मां का फोन आया, खाना खाया? तो वह झुंझला उठी, खा लूंगी ना मां घर जाकर... आप आराम करो।",0064,Hin,m
28,आप भूल जाती हो कि अब मेरी शादी हो गई है।,0064,Hin,m
29,जल्दी से गाड़ी उठाई। दिमाग में चल रहा था घर जाकर क्या बनाना है?,0064,Hin,m
30,"सबने खा लिया होगा, सिर्फ वैभव इंतजार कर रहे होंगे।",0064,Hin,m
31,उसे मां का फोन याद आया तो मन दुखी हो गया।,0064,Hin,m
32,नाहक ही झल्ला दी मां पर... खाने का ही तो पूछा था।,0064,Hin,m
33,घर जाएगी तो कौन पूछने वाला है कि खाना खाया?,0064,Hin,m
34,"चप्पल उतारते ही उसके कान में सास के स्वर पड़े, अपनी बहन से बात कर रही थी, ''सोचा था बहु आएगी तो सुख मिलेगा पर यहां तो उल्टा ही है।",0064,Hin,m
35,"इस पत्रकार बहु ने तो कभी घर आकर पूछा तक नहीं कि मां दिन भर से आप घर में हैं, आपने खाना खाया?",0064,Hin,m
36,"सोना स्तब्ध थी। सोच रही थी, किसको किससे पूछना चाहिए, खाना खाया? दस घंटे की नौकरी से आई बहु से या दिन भर घर में रहने वाली सास से...",0064,Hin,m
1,अपने जीवन का लक्ष्य निर्धारित करो | और सभी दूसरे विचार  को  अपने दिमाग से निकाल दो यही सफलता की पूंजी है |,0065,Hin,m
2,सफलता पाने के लिए हमें पहले विश्वास करना होगा की हम कर सकते हैं,0065,Hin,m
3,इसके बाद शिवजी की आरती करें।,0065,Hin,m
4,एक स्वस्थ गर्भावस्था आदर्श वजन के साथ शुरू होती है।,0065,Hin,m
5,लोकल एडमिनिस्ट्रेशन और चुनाव की तारीखों को देखते हुए बाकी का शेड्यूल जारी किया जाएगा।,0065,Hin,m
6,"एक चैनल से जुड़े सूत्र ने बताया, ‘हां, चैनल को थोड़ा नुकसान हो रहा है, लेकिन यह बहुत बड़ा नहीं है।",0065,Hin,m
7,इसलिए कांग्रेस भाजपा पर बेबुनियाद आरोप लगा रही है ।,0065,Hin,m
8,पूजन करने के साथ ही कैंप में बनाए गए बालाजी मंदिर में दर्शन कर यज्ञशाला सहित अन्य स्थानों पर पहुंची।,0065,Hin,m
9,इसके बाद धीरे-धीरे कई देश इससे जुड़ते गए और वर्ल्ड चैम्पियनशिप शुरू हुई।,0065,Hin,m
10,नहीं पहुंच पाए अखिलेश यादव; समाजवादी पार्टी के राष्ट्रीय अध्यक्ष अखिलेश यादव को मंगलवार को बाघंबरी गद्दी मठ में अखिल भारतीय अखाड़ा परिषद के अध्यक्ष महंत नरेंद्र गिरि महाराज से मुलाकात करनी थी।,0065,Hin,m
11,ऐसे में जब आयोग द्वारा मार्च के पहले सप्ताह में लोकसभा चुनाव का पूरा शेड्यूल जारी किया जाएगा उसके बाद आईपीएल गवर्निंग काउंसिल इंदौर के लिए मैच प्रस्तावित कर सकती है।,0065,Hin,m
12,नागिन-तीन  के चौहत्तर  एपिसोड पर खर्च हो चुके हैं दस  करोड़,0065,Hin,m
13,"अभी इस तरह के वीएफएक्स वाले दस - बारह   शो विभिन्न चैनल्स पर चल रहे हैं, जिनमें नागिन-तीन  समेत डायन, अलादीन, नजर, मनमोहिनी, विष या अमृत, दिव्य दृष्टि और बैंड बाजा बंद दरवाजा आदि शामिल हैं।",0065,Hin,m
14,बांग्ला फिल्मों के मशहूर एक्टर प्रोसेनजीत चटर्जी के पिता विश्वजीत दो  हज़ार चौदह  में राजनीति में हाथ आजमा चुके हैं ।,0065,Hin,m
15,इस शो में भी वीएफएक्स की भरमार रही है।,0065,Hin,m
16,वाशिंगटन में हुई अमेरिकन एसोसिएशन फॉर द एडवांसमेंट ऑफ साइंस की बैठक में इसकी जानकारी दी गई।,0065,Hin,m
17,क्रिकेट क्लब ऑफ इंडिया (सीसीआई) ने शनिवार को अपने एक रेस्त्रां में लगे पाकिस्तान के प्रधानमंत्री इमरान खान की तस्वीर को ढंक दिया।,0065,Hin,m
18,मंगलवार को माघी पूर्णिमा का स्नान था लिहाज़ा रात  बारह   बजे से ही लोग त्रिवेणी में डुबकी लगाने के लिए पहुंचे थे।,0065,Hin,m
19,"ये हमारा मुददा नहीं था, हमने तो खुद इन्हीं मुद्दों पर लड़ाई लड़ी है ।",0065,Hin,m
20,"जिसने भी इसका विरोध किया, वह गलत है।",0065,Hin,m
21,क्योंकि जब एक कपल साथ में रहकर खुश नहीं रह पाता तो उसके बच्चे के लिए ऐसा माहौल काफी नुकसानदेह होता है ।,0065,Hin,m
22,बीजेपी के राष्ट्रीय अध्यक्ष अमित शाह और उत्तर प्रदेश के मुख्यमंत्री योगी आदित्यनाथ बुधवार को प्रयागराज कुंभ मेला पहुंचे।,0065,Hin,m
23,"गांव से शहर को जाते मुख्य रास्ते पर एक घना एवं छायादार आम का पेड़ लगा हुआ था, जिसके नीचे एक बड़ा चबतूरा बन हुआ था|",0065,Hin,m
24,उस रास्ते से गुजरा हर मुसाफिर कुछ समय के लिए इस वृक्ष की छाया का आनंद जरूर लेता|,0065,Hin,m
25,"पेड़ के नीचे बने आरामदायक चबतूरे पर बैठकर अपने सफर की थकान मिटाता, सुस्ताता और फिर अपने रास्ते चल देता|",0065,Hin,m
26,"अक्सर लोग इस पेड़ के नीचे बैठकर घंटों बातें किया करते, एक दूसरे की पीठ पीछे बुराई करते किंतु पेड़ सदैव उनकी सेवा में तत्पर रहता|",0065,Hin,m
27,उसे इंसान की बातों से कोई वास्ता नहीं था|,0065,Hin,m
28,वह स्थिर खड़ा अपनी शाखों से निरंतर अतिथियों को हवा एवं अपने पत्तों से छाया देने में कोई कसर नहीं छोड़ता|,0065,Hin,m
29,"वैसे तो पेड़ को लोगों की बाते सुनने का कोई शौक नहीं था, ऊपर से वह ‘प्राईवेसी’ का भी समर्थक था|",0065,Hin,m
30,एक दिन एक तोता काफी समय से उस पेड़ पर बैठा यह सब दृश्य देख रहा था|,0065,Hin,m
31,किस प्रकार से आम का पेड़ मुसाफि‍रों की सेवा में समर्पित था|,0065,Hin,m
32,"तोते को एक हरकत सुझी, उसने पेड़ को छेड़ते हुए पूछा- ‘‘क्यों भाई बड़े भले बनते फिरते हो|",0065,Hin,m
33,"लोगों को छाया देते हो, शीतल हवा देते हो, थके मुसाफि‍र को दो पल सुकुन के देते हो|",0065,Hin,m
34,‘‘तो क्या हुआ?’’ तोते की बात सुन पेड़ ने उसकी तरफ ध्यान दिए बिना ही कहा|,0065,Hin,m
35,"‘‘सुना है मनुष्य बड़ा कृतज्ञ प्राणी है, तो तुम्हारी सेवा के बदले कृतज्ञता से तुम्हारा भंडार तो भर देता होगा?’’ तोते ने सर खुजलाते हुए पूछा|",0065,Hin,m
36,‘‘तुम कहना क्या चाहते हो ‘मिट्ठू’? ’’ पेड़ को तोते का इस तरह मजाक उड़ाना पसंद नहीं आया|,0065,Hin,m
37,उसने भी तपाक से तोते को ‘मिट्ठू’ कह कर अपना कलेजा शांत किया|,0065,Hin,m
1,अपने जीवन का लक्ष्य निर्धारित करो | और सभी दूसरे विचार  को  अपने दिमाग से निकाल दो यही सफलता की पूंजी है |,0066,Hin,m
2,सफलता पाने के लिए हमें पहले विश्वास करना होगा की हम कर सकते हैं,0066,Hin,m
3,उन्होंने अधेशानंद गिरि महाराज के साथ साधु संतों को लंगर का प्रसाद बांटा।,0066,Hin,m
4,देर रात सेक्टर छह में पांटून पुल पन्द्रह    पर एक कार अनियंत्रित होकर पुल की रेलिंग तोड़ते हुए गंगा नदी में जा गिरी।,0066,Hin,m
5,उनसे ऐसी उम्मीद नहीं थी : शाह ने आगे कहा है- मुझे दुख है कि शबाना आजमी ने अपनी उम्मीद खो दी है।,0066,Hin,m
6,सर्वसम्मति से पारित होना चाहिए था विधेयक,0066,Hin,m
7,दो  हज़ार ग्यारह वर्ल्ड कप में युवराज मैन ऑफ द सीरीज थे ।,0066,Hin,m
8,तब तब घटनास्थल पर डीआईजी मेला केपी सिंह व अन्य अफसर मौके पर पहुंच गए।,0066,Hin,m
9,शिक्षक के घर के बाहर भी कुछ लोग जमा हो गए थे ।,0066,Hin,m
10,अर्धसैनिक बलों की आवाजाही के लिए चुनाव की तारीखों में भी थोड़ा अंतराल जरूरी है।,0066,Hin,m
11,भाजपा के प्रदेश अध्यक्ष राकेश सिंह ने गौर को अनुशासन में रहने की चेतावनी दी थी  ।,0066,Hin,m
12,इस हमले में हमारे कई वीर जवान शहीद हुए हैं।,0066,Hin,m
13,लोकसभा वाले उनसे कह रहे थे कि भाग्यशाली तो आप हैं।,0066,Hin,m
14,कुंभ में दूसरे शहर और प्रदेशों से आए सफाई कर्मियों और मजदूरों के बच्चों के लिए सरकार ने पहली बार पांच अस्थायी प्राथमिक विद्यालयों की व्यवस्था की है।,0066,Hin,m
15,सब कुछ अपने समय से होता है ।,0066,Hin,m
16,दिग्विजय सिंह मंगलवार को मीडिया से बातचीत कर रहे थे ।,0066,Hin,m
17,इस तरह धीरे-धीरे लोगों का भला करते हुए वो संत बन गए।,0066,Hin,m
18,अप्रैल दो  हज़ार अठारह    में वुहान में भी मिले थे दोनों नेता,0066,Hin,m
19,"इससे पहले, दो  हज़ार सत्रह   में वर्ल्ड कप और वर्ल्ड कप फाइनल्स खेले गए थे।",0066,Hin,m
20,पूर्णिमा की शाम घर के मंदिर में दीपक जलाना न भूलें।,0066,Hin,m
21,"भगवान शिव-पार्वती और नंदी को पंचामृत व गंगाजल से स्नान कराकर बिल्व पत्र, गंध, चावल, फूल, धूप, दीप, नैवेद्य (भोग), फल, पान, सुपारी, लौंग और इलायची चढ़ाएं।",0066,Hin,m
22,टूर्नामेंट कुल पांच ग्रुप में होगा।,0066,Hin,m
23,‘‘लगता है लोगों को शीतलता देते-देते तुम बड़े चिड़चिड़े हो गए हो यार|,0066,Hin,m
24,मैं तो मजाक कर रहा था|,0066,Hin,m
25,तोते को इस प्रकार से पेड़ द्वारा चिड़ना अजीब लगा|,0066,Hin,m
26,"उसने सोचा चलो छोड़ो, कहीं ज्यादा चिड़ जाएगा तो अपनी डाल हिलाकर मुझे ही भगा देगा|",0066,Hin,m
27,पेड़ ने भी स्वयं को संभाला|,0066,Hin,m
28,अक्सर आस-पास के पेड़ों की बिरादरी में इस पेड़ की बड़ी इज्जत थी|,0066,Hin,m
29,सभी पक्षी उसके धैर्य की प्रशंसा करते थे|,0066,Hin,m
30,यहां तक कि सभी वृक्षों ने उसे अपना नेता भी चुन लिया था|,0066,Hin,m
31,"‘‘ऐसी बात नही हैं प्यारे’’ पेड़ ने शांत होकर लंबी सांस लेते हुए कहा, ‘‘लोग यहां आकर अपनी सारी मुसीबतें भूल जाते हैं|",0066,Hin,m
32,शांति से बैठकर कुछ पल बिताते हैं|,0066,Hin,m
33,खुश हो जाते हैं|,0066,Hin,m
34,यही मेरे लिए पर्याप्त है|,0066,Hin,m
35,पेड़ ने कहा कि इतने में गांव के दो बुजुर्ग उसके नीचे चबूतरे पर आकर बैठ गए|,0066,Hin,m
36,पेड़ एवं तोता दोनों ही चुप हो गए|,0066,Hin,m
1,अपने जीवन का लक्ष्य निर्धारित करो | और सभी दूसरे विचार  को  अपने दिमाग से निकाल दो यही सफलता की पूंजी है |,0067,Hin,m
2,सफलता पाने के लिए हमें पहले विश्वास करना होगा की हम कर सकते हैं,0067,Hin,m
3,सुपर नैचुरल शो के लिए एक्टर्स को करना होता ज्यादा काम,0067,Hin,m
4,हम रेखा को घोड़ी पर बैठाकर नाचते-गाते रामदेवजी के मंदिर जा रहे थे।,0067,Hin,m
5,"मिशेल का कहना है कि मान लीजिए हर बच्चे को बोतलों और कैनों के बदले किताबें मिलें, तो दुनिया में कितना बड़ा बदलाव आ सकता है।",0067,Hin,m
6,शहीद जवानों के परिवार के साथ मेरी प्रार्थना और संवेदनाएं हैं।,0067,Hin,m
7,"हादसे में तेरह  लोगों की मौत हो गई, दुल्हन समेत उन्नीस  जख्मी हैं।",0067,Hin,m
8,टूर्नामेंट से पांच ग्रुप के लीग मुकाबलों के बाद सभी ग्रुप की शीर्ष बाईस टीमों को सुपर लीग में खेलने का मौका मिलेगा।,0067,Hin,m
9,बच्चों को किताबें देने के बाद आया दान का आइडिया,0067,Hin,m
10,बेंगलुरु में एक महिला शिक्षक को कथिततौर पर पाकिस्तान की तारीफ करने के आरोप में शनिवार रात गिरफ्तार किया गया ।,0067,Hin,m
11,इसीलिए मैंने पारस पत्थर को हाथ भी नहीं लगाया ।,0067,Hin,m
12,उन्होंने अपनी हदें पार की हैं।,0067,Hin,m
13,यहां पर एकमात्र अंतरराष्ट्रीय मुकाबला उन्होंने ऑस्ट्रेलिया के खिलाफ खेला था।,0067,Hin,m
14,वैज्ञनिकों ने चूहे में ऐसे रसायनों को पहचाना है जो मस्तिष्क तक संदेश पहुंचाने का काम करते हैं।,0067,Hin,m
15,ट्रम्प ने कहा- सलमान से कोई बात नहीं हुई,0067,Hin,m
16,वे पच्चीस  मी पिस्टल इवेंट में उतरेंगे।,0067,Hin,m
17,इस दिन ज्यादा जोर से बोलना या किसी पर क्रोध नहीं करना चाहिए।,0067,Hin,m
18,प्रयागराज आ रहे शाह अखाड़ा परिषद तथा अन्य प्रमुख संतों से मुलाकात करेंगे।,0067,Hin,m
19,उनकी पहल का स्कूल ने भी काफी समर्थन किया।,0067,Hin,m
20,"फरवरी, दो  हज़ार अठारह   : जॉर्डन के किंग अब्दुल्लाह बिन अल हुसैन का एयरपोर्ट जाकर स्वागत किया।",0067,Hin,m
21,रविवार को पड़ने वाले प्रदोष व्रत से आयु वृद्धि तथा अच्छा स्वास्थ्य लाभ प्राप्त किया जा सकता है।,0067,Hin,m
22,"हम मानते हैं कि कलाकार और वे लोग जिन्हें उनके साहित्यिक और कला योगदान के लिए माना जाता है, वे लोगों को आशा देते हैं, उन्हें कभी निराश नहीं करते।",0067,Hin,m
23,पेड़ अपना पूरा ध्यान उन्हें अच्छी से अच्छी छाया देने में लगाने लगा|,0067,Hin,m
24,अपनी डालों से उन तक शीतल हवा पहुंचाने लगा|,0067,Hin,m
25,पेड़ भुल गया था कि तोता अभी भी बैठा हुआ है|,0067,Hin,m
26,"तोते ने सोचा ‘आखिर ये इतनी शिद्दत से मुसाफिरों की सेवा करता है, भला आज मैं भी रूककर देखूं कि लोग क्या प्रतिक्रिया करते हैं|",0067,Hin,m
27,’नीचे बैठे दोनों बुजुर्ग आपस में बातें करने लगे -‘‘आजकल मौसम का कोई ठिकाना नहीं|,0067,Hin,m
28,"कब सर्दी, कब वर्षा, कब गर्मी पड़ने लग जाती है?’’एक बुजुर्ग ने अपनी जेब से पुरानी आधी जली हुई बीड़ी निकालते हुए कहा|",0067,Hin,m
29,हां ! हमारे जमाने में क्या दिन हुआ करते थे|,0067,Hin,m
30,जब सर्दी पड़ती थी तो सिर्फ सर्दी ही पड़ती थी|,0067,Hin,m
31,"अब देखो ना, कल ही बारिश आई थी और आज कितनी तेज गर्मी पड़ रही है|",0067,Hin,m
32,दूसरे बुजुर्ग ने अपनी जेब से माचिस निकाल कर पहले की तरफ कर दी|,0067,Hin,m
33,पेड़ भी अब वैसी छाया कहां देते? अब इसे ही देख लो कितना मोटा हो गया है परंतु ठीक से छाया तक नहीं दे रहा|,0067,Hin,m
34,पहले वाले बुजुर्ग ने बीड़ी सुलगाकर धुआं,0067,Hin,m
35,पेड़ की तरफ छोड़ते हुए कहा|,0067,Hin,m
36,दोनों की बातें सुन पेड़ ने अपने पत्ते जल्दी-जल्दी हिलाने शुरू कर दिए|,0067,Hin,m
37,"‘‘हां !’’ दूसरा बुजुर्ग उस पेड़ की तरफ देखते हुए बोला, ‘‘देखो तो सही कितना घना है फिर भी ठीक से छाया नहीं दे रहा|",0067,Hin,m
38,ऐसे पेड़ तो धरती पर बोझ हैं|,0067,Hin,m
1,अपने जीवन का लक्ष्य निर्धारित करो | और सभी दूसरे विचार  को  अपने दिमाग से निकाल दो यही सफलता की पूंजी है |,0068,Hin,m
2,सफलता पाने के लिए हमें पहले विश्वास करना होगा की हम कर सकते हैं,0068,Hin,m
3,जल्द ही इंसानों पर ट्रायल किया जाएगा।,0068,Hin,m
4,इंडियन प्रीमियर लीग (आईपीएल) दो  हज़ार उन्नीस     सीजन  बारह   के पहले दौर के लिए दो हफ्ते का आईपीएल दो  हज़ार उन्नीस     शेड्यूल जारी किया गया है।,0068,Hin,m
5,इसके बाद मेरे पास भगवान का ध्यान करने का समय ही नहीं बचता ।,0068,Hin,m
6,एक सवाल के जवाब में उन्होंने कहा कि वह सदन में रखने से पहले पूरी रिपोर्ट पढ़ते हैं और देखते हैं ।,0068,Hin,m
7,"गृहमंत्री ने कह दिया कि मंदसौर में जो पुलिस फायरिंग हुई थी, वह सही थी ।",0068,Hin,m
8,विवाद के बाद सीएम कमलनाथ को इस मामले में हस्तक्षेप करना पड़ा।,0068,Hin,m
9,आपातकाल इसी का परिणाम था ।,0068,Hin,m
10,संत रविदास जयंती आज है ।,0068,Hin,m
11,"जेनटाइल के मुताबिक, किसी सामान्य दिन में वे साठ  किताबें दान करते हैं।",0068,Hin,m
12,पुलिस ने बताया कि पुलवामा हमले से पहले आतंकी आदिल ने अपनी फेसबुक पोस्ट में हमले के संबंध में अहम जानकारियां दी थीं ।,0068,Hin,m
13,इस दौरान पहली डुबकी के बाद सीएम योगी अमित शाह पर पानी डालते हुए दिखाई दिए।,0068,Hin,m
14,अब वीएफएक्स की क्वालिटी बढ़ी है और पुराने पौराणिक धारावाहिकों के हास्यास्पद विजुअल इफेक्ट्स की तकनीक से काफी आगे आ चुके हैं।,0068,Hin,m
15,रांची से आया हंगामा करने का आदेश,0068,Hin,m
16,"पोला शहर में मौजूद इस लाइब्रेरी के मालिक मिशेल के मुताबिक, वे इस तरह से बच्चों को शिक्षित करने के साथ उन्हें पर्यावरण संरक्षण के प्रति भी जागरुक कर रहे हैं।",0068,Hin,m
17,आईपीएल कमेटी की तरफ से मंगलवार को जारी बयान में कहा गया- बीसीसीआई ने दो हफ्ते का शेड्यूल जारी किया है।,0068,Hin,m
18,इसके बाद वे बताती हैं कि वरुण नताशा दलाल को डेट कर रहे हैं ।,0068,Hin,m
19,जी-ट्वेंटी   शिखर सम्मेलन के दौरान फ्रांस के राष्ट्रपति इमेनुएल मैक्रों ने क्राउन प्रिंस से खशोगी की हत्या के बारे में बातचीत की।,0068,Hin,m
20,सुपरमून के दौरान चंद्रमा की चमक और आकार दोनों बढ़ जाते हैं।,0068,Hin,m
21,"पांच साल सरकार चलाने की बात पर उन्होंने कहा कि ये कांग्रेस को तय करना है, लेकिन जिस तरह की परिस्थतियां हैं, उसे देखकर जनता मान चुकी है कि ये सरकार पांच साल नहीं चल पाएगी ।",0068,Hin,m
22,इनमें  उन्नीस  सौ बानवे  वर्ल्ड कप विजेता कप्तान इमरान खान की भी तस्वीर है।,0068,Hin,m
23,"‘इसको तो काटकर लकड़ी जलाने के काम में लेना चाहिए, कितना मोटा पेड़ है?’’ दूसरे ने पेड़ के तने की तरफ देखते हुए कहा|",0068,Hin,m
24,"पेड़ ने जैसे ही यह बात सुनी उसके दिल की धड़कन बढ़ गई, किन्तु उसने हवा करना जारी रखा|",0068,Hin,m
25,दोनों बुजुर्ग कुछ देर तक उस पेड़ की बुराई करते रहे|,0068,Hin,m
26,तोता उनकी बातें ध्यान से सुनता जा रहा था|,0068,Hin,m
27,फिर कुछ देर बाद दोनों वहां से उठे|,0068,Hin,m
28,उनमें से एक बुजुर्ग उस पेड़ की डाल की तरफ बढ़ा जो काफी नीचे तक लटकी हुई थी|,0068,Hin,m
29,"तोते को लगा अब शायद यह बुजुर्ग जाते-जाते इस पेड़ को कुछ तो धन्यवाद दे सकता है, किन्तु दूसरे ही पल उसने देखा तो उसकी आंखें फटी की फटी रह गई|",0068,Hin,m
30,उस बुजुर्ग ने पेड़ की वह टहनी यह कहते हुए मोड़कर तोड़ दी कि ‘‘मेरी बकरियों को खिलाने के काम आएगी|,0068,Hin,m
31,कुछ ही देर में दोनों बुजुर्ग वहां से आगे निकल गए|,0068,Hin,m
32,पेड़ उनकी बातें सुनकर थोड़ा उदास हो गया किन्तु अभी तक धैर्य बनाए रखा|,0068,Hin,m
33,उसे अभी भी नहीं पता था कि तोता चुपके से यह सब सुन रहा था|,0068,Hin,m
34,"तभी अचानक एक पुरूष व एक महिला मुसाफि‍र जो दिखने में पति-पत्नी लग रहे थे, उस पेड़ के नीचे आकर बैठे|",0068,Hin,m
35,"महिला बोली - ‘‘आपकी मां को समझा देना मुझसे ताने में बातें नही करे !’’ महिला की आवाज थोड़ी तेज थी, ‘‘मैं जब से ब्याह के आई हूं, तब से महारानी साहिबा के बड़े ठाठ हैं|",0068,Hin,m
36,बना बनाया खा-खाकर इस पेड़ की तरह मोटी होती जा रही है|,0068,Hin,m
37,ऊपर से ताने मारना नही छोड़ती|,0068,Hin,m
38,बोलते हुए औरत की सांसे फुल गई |,0068,Hin,m
1,अपने जीवन का लक्ष्य निर्धारित करो | और सभी दूसरे विचार  को  अपने दिमाग से निकाल दो यही सफलता की पूंजी है |,0069,Hin,m
2,सफलता पाने के लिए हमें पहले विश्वास करना होगा की हम कर सकते हैं,0069,Hin,m
3,"दरअसल, मालदीव खेल मंत्रालय और भारतीय दूतावास के द्वारा भारत-मालदीव फ्रेंडशिप सीरीज का आयोजन किया गया।",0069,Hin,m
4,पांच दिन में पैंतालीस  जवान शहीद,0069,Hin,m
5,आरोप है कि ये छात्राएं पुलवामा हमले का जश्न मना रही थीं और मैसेजिंग ऐप पर देश विरोधी मैसेज भेज रही थीं ।,0069,Hin,m
6,सेना समझती है कि वायुसेना वाले जानते होंगे? लेकिन इस बार पाकिस्तानियों को पता है कि कुछ न कुछ तो होगा।,0069,Hin,m
7,"सही वजन न केवल गर्भवती होने की संभावनाओं को बढ़ाने के लिए, बल्कि आने वाले बच्चे के स्वास्थ्य के लिए और सुरक्षित गर्भावस्था सुनिश्चित करने के लिए आवश्यक है।",0069,Hin,m
8,मुख्यमंत्री ने कहा कि नियम बनाकर नोटिफिकेशन जारी किया जाएगा और इसे जल्द लागू करने की कोशिश करेंगे।,0069,Hin,m
9,तेईस  जनवरी दो  हज़ार उन्नीस     को बारामूला में तीन आतंकियों को मारा गया था।,0069,Hin,m
10,दोनों ने पिछले साल चेंगवोन (कोरिया) वर्ल्ड कप में दस  मी एयर पिस्टल मिक्स्ड टीम इवेंट में सिल्वर जीता था।,0069,Hin,m
11,लेकिन पुलवामा आतंकी हमले के बाद दोनों ने कराची जाना कैंसिल कर दिया है।,0069,Hin,m
12,"सर्वदलीय बैठक के बारे में, जैसा कि बताया जाता है, सभी दलों ने पाकिस्तान के प्रति सरकार के साथ आम सहमति जताई थी।",0069,Hin,m
13,आरोप लगाने से पहले सोचें कि  एक  सौ   करोड़ कितने होते हैं,0069,Hin,m
14,अलग- अलग वारों के अनुसार प्रदोष व्रत के लाभ ।,0069,Hin,m
15,"अरुण जेटली नहीं आए, लेकिन उनकी पत्नी डॉली और बेटा, बेटी-दामाद सब आए थे।",0069,Hin,m
16,"जब तक सरकार मंजूरी नहीं देती, हम पाकिस्तान के साथ नहीं खेलेंगे।",0069,Hin,m
17,इसके बाद ममता बनर्जी ने बय़ान दिया कि कश्मीर में किसी भी घटना के लिए सबूतों के बिना पाकिस्तान को दोषी मानना अच्छा नहीं है।,0069,Hin,m
18,पूर्व मंत्री नरोत्तम मिश्रा ने दिग्विजय सिंह पर पलटवार किया है ।,0069,Hin,m
19,क्या है सुपरमून?,0069,Hin,m
20,यहां बच्चों को पढ़ाने के लिए टीचर हैं और मिड-डे-मील भी मिलता है।,0069,Hin,m
21,"नरोत्तम ने कहा, दिग्विजय चर्चा में बने रहने के लिए देते हैं बयान",0069,Hin,m
22,अमित शाह ने अपने ट्विटर अकाउंट पर पहले ट्वीट में आरती का वीडियो शेयर किया।,0069,Hin,m
23,तुम तो शांत हो जाओ शांता की मां |,0069,Hin,m
24,तुम क्यों इस पेड़ की तरह अकडू बन रही हो? घर-परिवार में छोटी-बड़ी बातें होती रहती हैं|,0069,Hin,m
25,आदमी ने पत्नी की बातों का रटा-रटाया जवाब देते हुए पेड़की तरफ देखा|,0069,Hin,m
26,उसे एक आम नीचे लटकता हुआ दिखाई दिया|,0069,Hin,m
27,उसने खड़े होकर उस डाल को पकड़ा जिस पर आम लटक रहा था|,0069,Hin,m
28,जोर लगाने से आम समेत पूरी डाल टुट गई परंतु आदमी नीचे गिर पड़ा|,0069,Hin,m
29,"उसकी इस हरकत को देखकर औरत बोली - ‘‘कितने बड़े हो गए हो पप्पू के पापा, पर अभी तक अकल नही आई|",0069,Hin,m
30,"डाली टुटी तो कोई बात नहीं, पर अपने हाथ-पैर तोड़ देते तो|",0069,Hin,m
31,"आदमी ने गिरा आम उठाते हुए विजयी मुस्कान में कहा, ‘‘अरे तुम तो पगला गई हो|",0069,Hin,m
32,"किसी जमाने में हमने पत्थर के एक निशाने से इसी पेड़ से कई आम तोड़े थे, किन्तु अब इस पेड़ में वह बात नहीं रही|",0069,Hin,m
33,पेड़ निरंतर उनकी बातें सुनते हुए अपने पत्तों से हवा करते जा रहा था|,0069,Hin,m
34,बगल में बैठा तोता यह दृश्य चुपचाप देख रहा था|,0069,Hin,m
35,उसने स्वयं को छुपाए रखा|,0069,Hin,m
36,क्योंकि अगर पेड़ को पता चल जाए कि तोता यह सब सुन रहा है तो पेड़ कब का तोते को उड़ा दे|,0069,Hin,m
37,"कुछ देर पति-पत्नी लड़ते रहे, फिर उठकर वहां से चल दिए|",0069,Hin,m
38,उनके जाते ही पीछे से कुछ लड़कों का झुंड उस पेड़ की तरफ आया|,0069,Hin,m
1,अपने जीवन का लक्ष्य निर्धारित करो | और सभी दूसरे विचार  को  अपने दिमाग से निकाल दो यही सफलता की पूंजी है |,0070,Hin,m
2,सफलता पाने के लिए हमें पहले विश्वास करना होगा की हम कर सकते हैं,0070,Hin,m
3,"डॉ. एटीन के मुताबिक, पचपन -साठ  साल की उम्र में लोग छोटी-छोटी बातें भूलने लगते हैं उनके लिए यह दवा काफी फायदेमंद होगी।",0070,Hin,m
4,"भारतीय खिलाड़ियों ने तैयारी शुरू की, वर्ल्ड कप में सभी दस  इवेंट में हिस्सा लेंगे ।",0070,Hin,m
5,तेईस  से मुकाबले शुरू होंगे।,0070,Hin,m
6,जयशंकर सिंगापुर विश्वविद्यालय में प्रोफेसर के रूप में कार्य कर रहे हैं।,0070,Hin,m
7,संत रविदास जी ने लोगों को बिना भेदभाव के आपस में प्रेम करने की शिक्षा दी।,0070,Hin,m
8,इससे पहले सिद्धू ने पुलवामा हमले पर बयान दिया था कि चंद लोगों की गलती के लिए पूरे देश को जिम्मेदार नहीं ठहराया जा सकता।,0070,Hin,m
9,इस विधि से करें व्रत और पूजा-,0070,Hin,m
10,"नजर शो के वीएफएक्स एडिटर गणेश रावल बताते हैं, ‘टीवी शो का वीएफएक्स, फिल्मों और वेब सीरीज से अलग है।",0070,Hin,m
11,पन्द्रह    साल की रंजना की हालत भी गंभीर बताई जा रही है।,0070,Hin,m
12,उन्नीस  फरवरी यानी आज धरती और चंद्रमा की दूरी तीन लाख छप्पन  हज़ार  सात सौ इकसठ  किमी रह जाएगी।,0070,Hin,m
13,"जनवरी, दो  हज़ार अठारह   : पन्द्रह    साल बाद भारत आए इजरायली पीएम का वेलकम।",0070,Hin,m
14,"फिर पितरों का श्राद्ध कर गरीबों को भोजन, वस्त्र, तिल, कंबल, कपास, गुड़, घी, जूते, फल, अन्न आदि का दान करें।",0070,Hin,m
15,मई दो  हज़ार सत्रह   में अरबाज और मलाइका ने तलाक ले लिया था ।,0070,Hin,m
16,उनकी पहली मुलाकात जून दो  हज़ार अठारह    के दौरान चीन के किंगदाओ शहर में शंघाई सहयोग संगठन (एससीओ) के सम्मेलन के दौरान हुई थी।,0070,Hin,m
17,राज्यसभा के सदस्यों ने भी इस फोटो सेशन में भाग लिया।,0070,Hin,m
18,अभी बहुत सुधार करने की आवश्यकता है।,0070,Hin,m
19,"टीआरपी के चक्कर में टीवी शोज की स्टोरीलाइन हर हफ्ते बदलती रहती है, जिससे हमें चुनौतियों का सामना करना पड़ता है।",0070,Hin,m
20,"उत्तर प्रदेश में तलाशी अभियान चल रहा है, इसलिए कुछ आतंकवादी उत्तर प्रदेश से भागकर नोएडा और ग्रेटर नोएडा के रास्ते दिल्ली में प्रवेश कर सकते हैं।",0070,Hin,m
21,"जनवरी, दो  हज़ार सत्रह  : अबुधाबी के प्रिंस शेख मोहम्मद बिन जायद अल नहयान का दिल्ली में स्वागत किया।",0070,Hin,m
22,उन्नीस  सौ छियासठ      में मिक्स्ड इवेंट शुरू हुए।,0070,Hin,m
23,सभी ने आस-पास से पत्थर उठाए एवं चुन-चुन कर पेड़ पर लगे आम के फलों पर प्रहार करना शुरू किया|,0070,Hin,m
24,एक पत्थर का किनारा तोते को छूकर निकला|,0070,Hin,m
25,तोते के ‘तोते उड़ गए’ किंतु आज उसने ठान रखी थी कि वह अंत तक डटा रहेगा|,0070,Hin,m
26,लड़कों के चले जाने के पश्चात् एक चरवाहा अपनी भेड़ को चराते हुए आया|,0070,Hin,m
27,कुछ देर तक पेड़ के नीचे बैठा|,0070,Hin,m
28,जब देखा की उसकी सारी भेड़ें वही आस-पास पेड़ की छाया में सुस्ता रही हैं तो चरवाहा भी सो गया|,0070,Hin,m
29,पेड़ की शीतल छाया में उसको झपकी लग गई|,0070,Hin,m
30,"तोते ने सोचा यह जरूर पेड़ का धन्यवाद देगा, इसी प्रतीक्षा में छुपकर बैठा रहा|",0070,Hin,m
31,जब चरवाहे की आंखें खुली तो उसने स्वयं को तरोताजा महसूस किया|,0070,Hin,m
32,आस पास चरती अपनी भेड़ों को देखा फिर आम के पेड़ की तरफ देखा|,0070,Hin,m
1,अपने जीवन का लक्ष्य निर्धारित करो | और सभी दूसरे विचार  को  अपने दिमाग से निकाल दो यही सफलता की पूंजी है |,0071,Hin,m
2,सफलता पाने के लिए हमें पहले विश्वास करना होगा की हम कर सकते हैं,0071,Hin,m
3,"शिखर धवन ने लिखा, खबर सुनकर गहरा दुख पहुंचा है।",0071,Hin,m
4,कार्रवाई उचित और प्रभावशाली हो  ।,0071,Hin,m
5,वर्ल्ड कप में थाईलैंड के चौदह  साल के इसारानुडोम फुरिहिरेनफत सबसे युवा शूटर हैं।,0071,Hin,m
6,इस दौरान साधु-संतों ने हर-हर महादेव के जयकारे भी लगाए।,0071,Hin,m
7,प्रियंका नहीं बता पातीं वरुण की गर्लफ्रेंड का नाम: शो के दौरान करण प्रियंका से पूछते हैं कि वरुण धवन किसके साथ डेटिंग कर रहे हैं? इसके जवाब में प्रियंका कहती हैं कि मुझे नहीं पता ।,0071,Hin,m
8,लेकिन प्रधान मंत्री कार्यालय अभी भी उनसे सलाह लेता है।,0071,Hin,m
9,इनमें से कुछ की हालत गंभीर है।,0071,Hin,m
10,हर किसी के लिए एक मजबूत प्रतिरक्षा प्रणाली आवश्यक है और सबसे अधिक उन महिलाओं के लिए जो गर्भ धारण करने की कोशिश कर रही हैं।,0071,Hin,m
11,हमने इसे कैंसल कर दिया है।,0071,Hin,m
12,इसके लिए ये ज़रूरी है की महिला अपने सम्पूर्ण स्वास्थ्य पर नज़र रखे ।,0071,Hin,m
13,विश्वजीत से पहले बिहार के दरभंगा से भाजपा के निलंबित सांसद कीर्ति आज़ाद कांग्रेस में शामिल हो गए हैं ।,0071,Hin,m
14,फेसबुक ने शिकायत के बाद उसका अकाउंट डिलीट कर दिया ।,0071,Hin,m
15,संत रविदास के जीवन के कई ऐसे प्रेरक प्रसंग है जिनसे हम सुखी जीवन के सूत्र सीख सकते हैं।,0071,Hin,m
16,कश्मीर में हुए हमले के विरोध हम नाराजगी जताना चाहते हैं।,0071,Hin,m
17,बता दें कि बीजेपी अध्यक्ष एक दिवसीय दौरे पर प्रयागराज पहुंचे थे।,0071,Hin,m
18,"उन्होंने कहा,  विधानसभा में गृहमंत्री बाला बच्चन और वनमंत्री उमंग सिंघार ने अपने जवाब में भाजपा को क्लीनचिट सी दे दी ।",0071,Hin,m
19,इस दिन भगवान शिव को प्रसन्न करने के लिए प्रदोष व्रत किया जाता है।,0071,Hin,m
20,उन्नीस  सौ पैंसठ    में इंडो पाक युद्ध के दौरान कैफी साहब ने एक कविता लिखी थी   और फिर कृष्णा ने अर्जुन से कहा  ।,0071,Hin,m
21,"मंगलवार, उन्नीस  फरवरी को माघ मास की पूर्णिमा है।",0071,Hin,m
22,"सहवाग ने लिखा, जम्मू-कश्मीर में सीआरपीएफ जवानों पर हुए इस कायराना हमले ने बहुत दर्द पहुंचाया है।",0071,Hin,m
23,तोते ने सोचा बस अब शुक्रिया अदा करने ही वाला है तभी अचानक चरवाहा उठ खड़ा हुआ|,0071,Hin,m
24,उसने बांस की लकड़ी हाथ में ली जिसके ऊपरी छोर पर एक दराती बंधी हुई थी|,0071,Hin,m
25,लकड़ी से पेड़ के नीचे वाली टहनियों को काटने लगा एवं जोर-जोर से आवाज़ देकर अपनी भेड़ों को पास बुलाने लगा|,0071,Hin,m
26,तोते से यह दृश्य देखा नहीं गया|,0071,Hin,m
27,उसने सोचा चलो जाते-जाते ही सही चरवाहा पेड़ को कृतज्ञता तो अर्पित करेगा|,0071,Hin,m
28,जब चरवाहा रवाना हुआ तो एक बार फिर पेड़ की तरफ देखा|,0071,Hin,m
29,अब तोता खुश था क्योंकि उसे पूरा यकीन हो चला था कि यह इंसान धन्यवाद जरूर देगा|,0071,Hin,m
30,चरवाहे ने एक पत्थर उठाया एवं जोर से आम पर निशाना लगाया|,0071,Hin,m
31,"आम नीचे गिर गया, उसने उठाया एवं मुंह लगाकर चखा, तो वह अभी भी खट्टा था|",0071,Hin,m
32,चरवाहे ने गुस्से में आकर वही आम उसी पेड़ पर दे मारा एवं आगे बढ़ गया|,0071,Hin,m
33,तोते ने देखा पेड़ की आंखों से आंसू बह रहे थे पर वह अभी भी चरवाहे को हवा कर रहा था|,0071,Hin,m
34,"तोते से भी अब रहा नहीं गया, वह भी रो पड़ा|",0071,Hin,m
35,इंसान की इंसानियत को देखकर|,0071,Hin,m
1,अपने जीवन का लक्ष्य निर्धारित करो | और सभी दूसरे विचार  को  अपने दिमाग से निकाल दो यही सफलता की पूंजी है |,0072,Hin,m
2,सफलता पाने के लिए हमें पहले विश्वास करना होगा की हम कर सकते हैं,0072,Hin,m
3,क्या होगा इसका ज्योतिषीय असर?,0072,Hin,m
4,परिजन बोले- हम हाईवे पर एक तरफ चल रहे थे ।,0072,Hin,m
5,लेकिन हमें सांस्कृतिक आदान-प्रदान को रोकने की आवश्यकता होगी।,0072,Hin,m
6,सऊदी ने पाक के साथ किया बीस अरब डॉलर का करार ।,0072,Hin,m
7,"उस दिन भी जस्टिस नरीमन ने मुकुल रोहतगी और कपिल सिब्बल से कहा था- ‘आपने जो किया है, उसके परिणाम निकलेंगे।",0072,Hin,m
8,सीसीआई खेलों का क्लब है और हमारे यहां कई क्रिकेटरों की तस्वीरें हैं।,0072,Hin,m
9,"ये इवेंट दस  मी एयर पिस्टल (महिला-पुरुष), पचास  मी राइफल तीन  पोजीशन (महिला-पुरुष), पुरुष दस  मी एयर राइफल, पुरुष पच्चीस  मी रैपिड फायर, महिला पच्चीस  मी पिस्टल हैं।",0072,Hin,m
10,"’जस्टिस पाठक की बेंच ने डेढ़ साल में  एक  सौ   से ज्यादा लोगों को ऐसी सजा दी है, जिसमें करीब पाँच सौ  पौधे अब तक रोपे जा चुके हैं।",0072,Hin,m
11,"उन्होंने कहा कि  ना हम मंदसौर में किसान भाइयों पर हुए गोलीकांड के दोषियों को बख्शेंगे, ना हम पौधारोपण घोटाले के दोषियों को छोड़ेंगे और ना सिहंस्थ में हुई आर्थिक अनियमिताओं के दोषियों को।",0072,Hin,m
12,उन्नीस  सौ छत्तीस     में पहली बार महिलाओं के लिए ओपन वर्ल्ड चैम्पियनशिप हुई।,0072,Hin,m
13,गौ दान का विशेष फल प्राप्त होता है।,0072,Hin,m
14,अनुशासन में रहने की दी थी चेतावनी  ।,0072,Hin,m
15,यह सच है एक आदमी के लिए तलाक के बाद आगे बढ़ना आसान है ।,0072,Hin,m
16,यह पहला मौका है जब मुश्ताक अली ट्रॉफी के लीग और सुपर लीग मुकाबले इंदौर में खेले जा रहे हैं।,0072,Hin,m
17,रविदास जयंती के मौके पर मोदी ने सीर गोवर्धनपुर स्थित उनके मंदिर में माथा भी टेका।,0072,Hin,m
18,नीतीश ने कहा कि यह विधेयक सर्वसम्मति से पारित होना चाहिए था।,0072,Hin,m
19,वकील साब का जलवा ।,0072,Hin,m
20,एक दिन उनके पास एक महात्मा आए ।,0072,Hin,m
21,पूर्ण चंद्रमा  अमृत वर्षा करता है।,0072,Hin,m
22,इसमें बहुत भ्रष्टाचार हुआ है ।,0072,Hin,m
23,नीरज का मुंह लटका था। आज जी मैन का रिजल्ट आया था और वह क्वालीफाई नहीं कर सका था।,0072,Hin,m
24,"पिता ने उसकी मनोदशा समझकर प्यार से कहा, सुनो बेटा तुम परीक्षा में असफल हो गए, बस इतनी-सी बात पर इतना दुख क्यों?",0072,Hin,m
25,"पापा, मैंने कितनी मेहनत की और आपका कितना पैसा खर्च हो गया और ये रिजल्ट? मैं बहुत शर्मिंदा हूं पापा, लगभग सुबकते हुए नीरज ने कहा।",0072,Hin,m
26,"लेकिन मुझे बिलकुल भी दुख नहीं है। इन्फेक्ट में खुश हूं, पापा ने लगभग मुस्कुराते हुए कहा।",0072,Hin,m
27,नीरज को बहुत आश्चर्य हो रहा था।,0072,Hin,m
28,"तुम्हें मालूम है नीरज, आजकल देश में बेरोजगार इंजीनियरों की संख्या करोड़ों में है।",0072,Hin,m
29,मुझे हमेशा डर लगता था कि उस संख्या में तुम भी शामिल न हो जाओ।,0072,Hin,m
30,मेरा वह डर आज खत्म हो गया है। इस परीक्षा से आईआईटी और एनआईटी और पैसे वाले इंजीनियरिंग कॉलेजों में दाखिला होता है।,0072,Hin,m
31,"सोचो, कितना खर्च कर तुम बेरोजगार होते तो मुझे कितना कष्ट होता।",0072,Hin,m
32,दाखिले के बाद मां-बाप का खून-पसीने का पैसा लगता है और फिर बच्चा बेरोजगार होकर तीन हज़ार  की नौकरी के लिए दर-दर भटकता है।,0072,Hin,m
33,पिता नीरज को बहुत गंभीरता से समझा रहे थे और नीरज के सामने से जैसे एक-एक कर सब पर्दे खुल रहे थे।,0072,Hin,m
34,"अच्छा हुआ जो तुम्हारा उस परीक्षा में दाखिला नहीं हुआ, वरना तुम्हारी भी वही हालत होती, जो आज करोड़ों बेरोजगार इंजीनियरों की हो रही है।",0072,Hin,m
35,"अब मौका है कि कलेक्टर बनो, पुलिस अधिकारी बनो, बैंक अधिकारी बनो या अपना बिजनेस करो। तुम्हारा भविष्य अब सुरक्षित है।",0072,Hin,m
36,"हजारों राहें तुम्हें पुकार रही हैं। उठो, आगे बढ़ो और पूरे आसमान को अपनी बाहों में भर लो।",0072,Hin,m
37,नीरज को लगा जैसे सारा आसमान उसकी ओर आ रहा है।,0072,Hin,m
38,"'पापा, अब मैं आपको कुछ बनकर दिखाऊंगा', कहकर नीरज पापा से लिपट गया।",0072,Hin,m
1,अपने जीवन का लक्ष्य निर्धारित करो | और सभी दूसरे विचार  को  अपने दिमाग से निकाल दो यही सफलता की पूंजी है |,0073,Hin,m
2,सफलता पाने के लिए हमें पहले विश्वास करना होगा की हम कर सकते हैं,0073,Hin,m
3,"इस बात का विशेष ध्यान रखें कि आपके द्वारा या आपके मन, वचन या कर्म के माध्यम से किसी का अपमान न हो।",0073,Hin,m
4,बेंगलुरु के ही सिटी कॉलेज में पढ़ने वाले एक कश्मीरी छात्र ताहिर लतीफ को भी पुलवामा हमले से संंबंधित पोस्ट लिखने पर गिरफ्तार किया गया ।,0073,Hin,m
5,अठारह  फरवरी को आंतकियों से हुई मुठभेड़ में मेजर समेत चार जवान शहीद हो गए।,0073,Hin,m
6,उनके जन्म स्थान पर लाखों भक्त पहुंचते हैं और वहां बड़ा कार्यक्रम होता है।,0073,Hin,m
7,दिग्विजय सिंह ने आगे कहा  वन मंत्री उमंग सिंघार ने अपने जवाब में कहा है कि नर्मदा किनारे जितने पौधे लगाए गए हैं ।,0073,Hin,m
8,मिशेल बताते हैं कि उन्हें मुफ्त किताबें बांटने का आइडिया दूसरे विश्व युद्ध के एक कॉन्सेप्ट से आया।,0073,Hin,m
9,अंतरराष्ट्रीय मीडिया ने भी उनकी इस पहल की तारीफ की थी।,0073,Hin,m
10,भारतीय क्रिकेट कंट्रोल बोर्ड (बीसीसीआई) की मान्य इकाई सीसीआई का मुख्यालय मुंबई के ब्रेबॉर्न स्टेडियम में है।,0073,Hin,m
11,भारतीय क्रिकेट कंट्रोल बोर्ड (बीसीसीआई) की मान्य इकाई सीसीआई का मुख्यालय मुंबई के ब्रेबॉर्न स्टेडियम में है।,0073,Hin,m
12,इंडस्ट्री से जुड़े सूत्रों के अनुसार इंडियन टीवी इंडस्ट्री का वीएफएक्स डिपार्टमेंट एक  सौ   करोड़ के आसपास का हो चुका है।,0073,Hin,m
13,किंग्स के अलावा अन्य टीमों के मैच भी फिलहाल इंदौर में प्रस्तावित नहीं है।,0073,Hin,m
14,क्या जरूरत है वनमंत्री को भाजपा को डिफेंड करने की ।,0073,Hin,m
15,इस दिन से माघ महीना समाप्त हो जाएगा।,0073,Hin,m
16,"पीसीए के कोषाध्यक्ष अजय त्यागी ने कहा, यह फैसला संघ के अधिकारियों ने लिया है।",0073,Hin,m
17,इनमें से एक भी मैच इंदौर को नहीं मिला है।,0073,Hin,m
18,इसके एक एपिसोड में विजुअल इफेक्ट वाले  बारह   से पन्द्रह    मिनट का सीन बनाने में दो लाख रुपए तक खर्च किए जा रहे हैं।,0073,Hin,m
19,विश्वजीत बंगाल इकाई के प्रभारी कैलाश विजयवर्गीय की मौजूदगी में भाजपा में शामिल हुए ।,0073,Hin,m
20,लोगों को उस पर विश्वास करना चाहिए और उन्हें ही वोट देना चाहिए।,0073,Hin,m
21,इन स्कूलों में लर्निंग कॉर्नर बनाया गया है।,0073,Hin,m
22,आठ दीपक आठ दिशाओं में जलाएं।,0073,Hin,m
23,दुनिया के इतिहास में अभी तक हड़प्पा सभ्यता की लिपि को नहीं पढ़ा जा सका है|,0073,Hin,m
24,आखिर क्या कहना चाहते थे सिन्धु घाटी सभ्यता के लोग? कुछ तो संदेश हमें देना चाहते थे|,0073,Hin,m
25,"इसी प्रयास में लगे जवाहरलाल नेहरू विश्वविद्यालय में इतिहास के प्रोफेसर विजय सिंह के हाथ कुछ ऐसा लगा कि वे उछल पड़े, मारे खुशी के झूमने लगे|",0073,Hin,m
26,घड़ी में देखा शाम के छह  बजे थे|,0073,Hin,m
27,कैंपस में सन्नाटा ही सन्नाटे को मात दे रहा था|,0073,Hin,m
28,तभी अचानक उनके बेसिक फोन की घंटी बजी|,0073,Hin,m
29,"उठाया तो अंदर से आवाज आई, 'प्रोफेसर तुम जो काम कर रहे हो उसे तुरंत बंद करो वरना...'|",0073,Hin,m
30,"इससे पहले कि प्रोफेसर कुछ बोलते, फोन कट चुका था|",0073,Hin,m
31,"आखिर कौन हो सकता है, जो मुझे रोकना चाहता?",0073,Hin,m
32,जल्दी से प्रोफेसर ने अपना ऑफिस बंद किया और तेज-तेज कदमों से बाहर की ओर चलने लगे|,0073,Hin,m
33,स्वयं के कदमों की आवाज ही उनकी धड़कनें बढ़ा रही थीं|,0073,Hin,m
34,मन ही मन सोचते हुए जा रहे थे कि रहस्य का पता चल गया|,0073,Hin,m
1,अपने जीवन का लक्ष्य निर्धारित करो | और सभी दूसरे विचार  को  अपने दिमाग से निकाल दो यही सफलता की पूंजी है |,0074,Hin,m
2,सफलता पाने के लिए हमें पहले विश्वास करना होगा की हम कर सकते हैं,0074,Hin,m
3,दीपक की रोशनी भगवान को विशेष प्रिय होती है।,0074,Hin,m
4,आज में दिग्विजय सिंह का प्रस्ताव ठुकरा रहा हूं ।,0074,Hin,m
5,लेकिन कुछ बातों को लेकर किसी पर भरोसा नहीं करना चाहिए।,0074,Hin,m
6,वैज्ञानिकों ने ऐसी दवा बनाने का दावा किया है जो बढ़ती उम्र और डिप्रेशन के कारण घट चुकी याददाश्त वापस लाती है।,0074,Hin,m
7,उसका परीक्षण करा रहे हैं ।,0074,Hin,m
8,इसे लेकर पूर्व मुख्यमंत्री दिग्विजय सिंह ने मंगलवार को दोनों मंत्रियों द्वारा दी गई जानकारी को गलत बताते हुए नाराजगी जताई थी ।,0074,Hin,m
9,इस तरह अब तक करीब दो  लाख रुपए की आर्थिक सहायता भी की जा चुकी है।,0074,Hin,m
10,तृणमूल कांग्रेस की आपत्ति के बाद राजनाथ सिंह ने वह पंक्ति हटवा दी।,0074,Hin,m
11,शुक्राचार्य महर्षि भृगु के पुत्र और भक्त प्रहल्लद के भानजे थे ।,0074,Hin,m
12,इस तरह व्रत व पूजा करने से व्रती (व्रत करने वाला) की हर इच्छा पूरी हो सकती है।,0074,Hin,m
13,भाजपा के प्रदेश अध्यक्ष राकेश सिंह ने पूर्व मुख्यमंत्री दिग्विजय सिंह द्वारा गृहमंत्री एवं वन मंत्री द्वारा विधानसभा में दी गई जानकारी को लेकर नाराजगी जताने पर कड़ी प्रतिक्रिया दी है ।,0074,Hin,m
14,इक्याबन  किग्रा वर्ग में स्वर्ण जीतने वाली निखत ने अपने इस पदक को पुलवामा हमले के शहीदों के परिवारों को समर्पित किया।,0074,Hin,m
15,जर्मनी के पति-पत्नी क्रिस्टियन रेट्ज और सेंड्रा रेट्ज दस  मीटर एयर पिस्टल और पच्चीस  मीटर पिस्टल में हिस्सा लेंगे।,0074,Hin,m
16,बदकिस्मती से शो को दर्शकों का अच्छा रिस्पॉन्स नहीं मिला।,0074,Hin,m
17,एक दिन का उनका पूरा कार्यक्रम निजी और आध्यात्मिक बताया जा रहा है।,0074,Hin,m
18,"तो गर्भवती होने का आदर्श वजन क्या है? इस सवाल का कोई विशिष्ट जवाब नहीं है, क्योंकि हर महिला का एक अलग बॉडी मास इंडेक्स (बीएमआई)  होता है।",0074,Hin,m
19,"भारत एक ऐसे स्ट्रेटेजिक पार्टनर के तौर पर सामने आया है, जिनके साथ सऊदी अरब राजनीति, सुरक्षा, व्यापार, निवेश और संस्कृति जैसे मामलों पर बेहतर संबंध स्थापित कर सकता है।’’",0074,Hin,m
20,करीना का जबाव सुनकर प्रियंका कहती हैं कि मुझे भी ग्रीस में ही प्रपोज किया गया था ।,0074,Hin,m
21,करीना के साथ प्रियंका चोपड़ा भी शो में नजर आएंगी ।,0074,Hin,m
22,ग्रीस में किया गया था करीना-प्रियंका को प्रपोज: शो के दौरान करण जब करीना से पूछते हैं कि सैफ ने आपको कहां प्रपोज किया था? करण के इस सवाल के जवाब देते हुए करीना बताती हैं सैफ ने ग्रीस में उन्हें प्रपोज किया था ।,0074,Hin,m
23,क्या सच में ऐसा संभव हो सकता? आखिर उस रहस्यमयी मुहर तक पहुंचना है मुझे|,0074,Hin,m
24,कुछ इसी प्रकार के खयालों में खोए हुए अपनी ही धुन में प्रोफेसर विश्वविद्यालय के गेट के बाहर निकले ही थे कि इतने में तीन स्कार्पियो ने उनका रास्ता रोका|,0074,Hin,m
25,"इससे पहले कि प्रोफेसर चिल्लाते, उनमें से तीन-चार व्यक्ति उतरे एवं जबरन उनको अंदर बिठाकर चल पड़े|",0074,Hin,m
26,किसी सुनसान प्राचीन खंडहर में लाकर पटक दिया|,0074,Hin,m
27,प्रोफेसर इतने बलीष्ट भी नहीं थे कि उन सभी से मुकाबला कर सकें|,0074,Hin,m
28,कुछ लोग उनके आसपास में मुस्तैदी से खड़े थे|,0074,Hin,m
29,"उन सभी का चेहरा किसी काले कपड़े से बंधा हुआ था, सिर्फ आंखें ही दिखाई दे रही थी|",0074,Hin,m
30,ऐसे में उनको पहचानने की कोशिश करना व्यर्थ था|,0074,Hin,m
31,ये लोग ऐसा क्यों कर रहे हैं? क्या आज ही इनको ये सब करना था? जबकि अभी-अभी मैंने अपने जीवन का सबसे बड़ा रहस्य खोज निकाला|,0074,Hin,m
32,मेरी तो किसी से कोई दुश्मनी भी नहीं|,0074,Hin,m
33,कुछ इसी प्रकार के विचारों में वे डूबे हुए थे कि इतने में उन सभी का मुखिया सामने आया|,0074,Hin,m
1,अपने जीवन का लक्ष्य निर्धारित करो | और सभी दूसरे विचार  को  अपने दिमाग से निकाल दो यही सफलता की पूंजी है |,0075,Hin,m
2,सफलता पाने के लिए हमें पहले विश्वास करना होगा की हम कर सकते हैं,0075,Hin,m
3,इस दिन किया जाता है पवित्र नदी में स्नान ।,0075,Hin,m
4,इससे पहले क्रिकेट क्लब ऑफ इंडिया (सीसीआई) ने शनिवार को अपने एक रेस्त्रां में लगे पाकिस्तान के प्रधानमंत्री इमरान खान की तस्वीर को ढंक दिया था।,0075,Hin,m
5,ये वे शब्द थे जो मैंने सबके साथ और सही-सही सुने थे ।,0075,Hin,m
6,कल संतों से मुलाकात करेंगे शाह; अयोध्या में राम मंदिर निर्माण को लेकर गरमाई सियासत के बीच भाजपा के राष्ट्रीय अध्यक्ष अमित शाह बुधवार को संतों के बीच होंगे।,0075,Hin,m
7,भारत सात  इवेंट में चौदह  ओलिंपिक कोटा हासिल कर सकता है।,0075,Hin,m
8,स्टेडियम के कई हिस्सों में पाक क्रिकेटरों की पन्द्रह    तस्वीरें लगी थीं।,0075,Hin,m
9,इसमें हमारे वीर जवान शहीद हुए हैं।,0075,Hin,m
10,"तो मेरे लिए उन्होंने एक अलग ही ढंग से मजबूती दी, जिसकी मुझे जरूरत थी ।",0075,Hin,m
11,"मेरी दिल से प्रार्थना है कि जो घायल हैं, वे जल्दी ठीक हों।",0075,Hin,m
12,इसके बाद बनारस हिंदू विश्वविद्यालय (बीएचयू) जाएंगे और यहां कैंसर हॉस्पिटल का लोकार्पण करेंगे।,0075,Hin,m
13,मैक्रों ने बताया कि यूरोपियन देश इस मामले की जांच अंतरराष्ट्रीय टीम से कराना चाहते हैं।,0075,Hin,m
14,रविदास जी कैसे बने संत ।,0075,Hin,m
15,"चाहे पीड़ित किसान भाइयों को न्याय दिलवाना हो या घोटाला करने वालों को सज़ा दिलवाना, यही हमारा संकल्प है।",0075,Hin,m
16,शुक्रवार के दिन होने वाला प्रदोष व्रत सौभाग्य और दाम्पत्य जीवन की सुख-शान्ति के लिए किया जाता है।,0075,Hin,m
17,क्या मप्र कांग्रेस की विधानसभा को एक और अघोषित आपातकाल की ओर ले जाना चाहती है? मध्यप्रदेश की जनता और भाजपा कार्यकर्ता इस तानाशाही को कदापि स्वीकार नहीं करेंगे ।,0075,Hin,m
18,दिग्विजय सिंह के विधायकों को खरीदने के आरोप पर राकेश सिंह ने कहा कि वह आरोप लगाने से पहले सोचें कि  एक  सौ   करोड़ की राशि होती कितनी है ।,0075,Hin,m
19,मेकर्स ने सोशल मीडिया पर शो का प्रोमो जारी करके यह जानकारी शेयर की ।,0075,Hin,m
20,पिछली बार कांस्य पदक जीतने वाली मीना ने इस बार इसे स्वर्ण में बदल लिया।,0075,Hin,m
21,भाजपा प्रदेश अध्यक्ष ने पूछा- किस हैसियत से मंत्रियों की बात को झुठला रहे हैं दिग्विजय सिंह  ।,0075,Hin,m
22,मंगलवार को पूर्व मुख्यमंत्री दिग्विजय सिंह ने बीजेपी नेताओं पर कांग्रेस विधायकों को खरीदने का आरोप लगाया था ।,0075,Hin,m
23,उसके चेहरे पर भी काला कपड़ा बंधा था|,0075,Hin,m
24,"बाहर से देखने में वह कद में काफी लंबा, बॉडी पहलवान की तरह एवं शरीर का रंग थोड़ा काला था|",0075,Hin,m
25,विजयसिंह सोचने लगे- 'ये गुंडे इतने ताकतवर और प्रोफेसर इतने कमजोर क्यों होते? मैंने आज तक किसी पहलवान प्रोफेसर को नहीं देखा|,0075,Hin,m
26,क्या मुझे भी अखाड़े जाना चाहिए था?',0075,Hin,m
27,"इतने में मुखिया प्रोफेसर के सीधे सामने आकर बोला- 'ओय प्रोफेसर... तोहार जो रिसर्च हमार आर्यों पर किया, वाको तुरंते ही वापस लो, वरना तोहार जान गई|",0075,Hin,m
28,जल्दी ही अपना रिसर्चवा मीडिया औरन पत्रकारनवा के यीहां धरन दो कि ये ससुरा आर्यनवा विदेशी नहीं बल्कि यीहा भारतीयन ही थे|,0075,Hin,m
29,उसने प्रोफेसर के मुंह के पास आकर रौबदार आवाज में कहा- 'प्रोफेसर ई बात अच्छे से समझ लो|,0075,Hin,m
30,हमारी पहचान पर अगर जरा सी आंचनवा आई तो तोहार गुर्दे छिलन के छतरी बनाय लेवेंगे|,0075,Hin,m
31,समझा के नहीं?' प्रोफेसर के अब कुछ कुछ समझ आ रहा था कि बात क्या है|,0075,Hin,m
32,"'माफ करना भाई साहब, किंतु आर्यों के भारत आगमन वाली बात को तो छह  महीने से ऊपर हो गया|",0075,Hin,m
33,आप किसी को इस तरह नहीं मनवा सकते|,0075,Hin,m
34,"इतिहास में जो सही है, उसको कितने दिन छिपाओगे? जोर-जबरदस्ती से क... ब... त... क... किसी... को...?'",0075,Hin,m
35,प्रोफेसर आगे भी कुछ बोलना चाहते थे किंतु उस व्यक्ति ने उनका गला जोर से दबा दिया|,0075,Hin,m
1,अपने जीवन का लक्ष्य निर्धारित करो | और सभी दूसरे विचार  को  अपने दिमाग से निकाल दो यही सफलता की पूंजी है |,0076,Hin,f
2,सफलता पाने के लिए हमें पहले विश्वास करना होगा की हम कर सकते हैं,0076,Hin,f
3,"विश्वजीत ने तृणमूल कांग्रेस के टिकट पर नई दिल्ली से दो  हज़ार चौदह  में लोकसभा चुनाव लड़ा था, हालांकि वे हार गए थे ।",0076,Hin,f
4,इस दौरान रूस के राष्ट्रपति व्लादिमीर पुतिन ने काफी जोशीले तरीके से क्राउन प्रिंस से हाथ मिलाया।,0076,Hin,f
5,"इसलिए इस दिन गंगा नदी में स्नान करना चाहिए, अगर ऐसा न हो सके तो घर में ही पानी में गंगाजल डालकर नहा लेना चाहिए।",0076,Hin,f
6,प्रधानमंत्री पुलवामा में शहीद हुए रमेश यादव और अवधेश यादव के परिवार से मुलाकात कर सकते हैं।,0076,Hin,f
7,पन्द्रह    फरवरी दो  हज़ार उन्नीस     को समापन कार्यक्रम सम्पन्न होगा ।,0076,Hin,f
8,चैट शो कॉफी विद करण सीजन छह  के अगले एपिसोड में करण जौहर करीना कपूर से सवाल-जबाव करते नजर आएंगे ।,0076,Hin,f
9,आदर्श रूप में आपको बीएमआई इंडेक्स के अनुसार अपना वज़न देखना चाहिए और गर्भधारण से पहले आदर्श वजन प्राप्त करने के लिए उचित उपाय करना चाहिए।,0076,Hin,f
10,चंद्रमा भौतिक सुख-साधन और भोग का प्रतीक माना गया है।,0076,Hin,f
11,इसके बाद तुरंत विश्वविद्यालय के अधिकारियों को इस बारे में सूचना दी गई ।,0076,Hin,f
12,लक्ष्मी का विवाह उन्होंने भगवान विष्णु से कर दिया था।,0076,Hin,f
13,"अब पाकिस्तान के मामले पर भी पीएम उनसे सलाह ले रहे हैं, लिहाजा वह दिल्ली में ही रह रहे हैं।",0076,Hin,f
14,इसके अलावा गंगाजल का आचमन यानी हथेली में थोड़ा सा गंगाजल पी लेने से भी पुण्य मिलता है।,0076,Hin,f
15,एक देश के तौर पर यह हमारे लिए बहुत दुखद दिन था।,0076,Hin,f
16,"हरीराम के पिता गंभीर घायल हैं, वे फिलहाल एमबी अस्पताल में वेंटीलेटर पर है।",0076,Hin,f
17,युवराज उस वर्ल्ड कप मैन ऑफ द सीरीज चुने गए थे।,0076,Hin,f
18,सैनिक क्यों मरना चाहिए? इसका कोई स्थायी हल क्यों नहीं हो सकता।,0076,Hin,f
19,भाजपा के प्रदेश अध्यक्ष राकेश सिंह ने कहा है कि प्रदेश की जनता मानती है कि ये सरकार ये सरकार टिकाऊ नहीं है ।,0076,Hin,f
20,सुजीत पांडे जीएसओ पुलिस महानिदेशक उत्तर प्रदेश लखनऊ बनाए गए।,0076,Hin,f
21,दिल्ली एयरपोर्ट पर प्रधानमंत्री नरेंद्र मोदी ने प्रोटोकॉल तोड़कर उनकी अगवानी की।,0076,Hin,f
22,आईपीएल के चेयरमैन राजीव शुक्ला ने कहा- हमारी स्थिति और नीति स्पष्ट है।,0076,Hin,f
23,अब प्रोफेसर साहब को सांस लेना भी मुश्किल हो रहा था|,0076,Hin,f
24,अब वे मर जाएंगे|,0076,Hin,f
25,ऐसे लोग किसी पर दया नहीं करते|,0076,Hin,f
26,उन्होंने आईएसआईएस के आतंकवादियों के वीडियो वॉट्सएप पर देख रखे थे|,0076,Hin,f
27,अब तो गए काम से|,0076,Hin,f
28,आर्यों के आगमन ने तो मरवा दिया|,0076,Hin,f
29,कम से कम एक चाय पिलाकर तो गला दबाते|,0076,Hin,f
30,प्रोफेसर को चाय का बहुत ही शौक था|,0076,Hin,f
31,एक बार आखिरी ख्वाहिश तो पुछते|,0076,Hin,f
32,विजय सिंह कुछ इसी प्रकार के विचारों से सामना कर रहे थे कि इतने में उसने गला छोड़ दिया|,0076,Hin,f
33,जान में जान आई|  बच गए|,0076,Hin,f
34,'ऐ... प्रोफेसरवा... ज्यादा ज्ञान मत पिला वरना... याईस इसी जगह ससुरे तीन-तीन को एकन गोली से मारा है|,0076,Hin,f
35,हा... हा... हा... हा... साला आया इतिहास का ज्ञान देने|,0076,Hin,f
36,उसने इसे कुछ फिल्मी कुछ रजनीकांत के अंदाज में कहा|,0076,Hin,f
37,"'ठीक... है... ठीक... है... जैसा आप चाहते हो, वैसा ही होगा', प्रोफेसर ने पिंड छुड़ाने के लिए हां में हां मिलाई|",0076,Hin,f
1,अपने जीवन का लक्ष्य निर्धारित करो | और सभी दूसरे विचार  को  अपने दिमाग से निकाल दो यही सफलता की पूंजी है |,0077,Hin,f
2,सफलता पाने के लिए हमें पहले विश्वास करना होगा की हम कर सकते हैं,0077,Hin,f
3,वर्ल्ड कप में पचास  वर्ल्ड और ओलिंपिक चैम्पियन भी खेलेंगे ।,0077,Hin,f
4,परिणाम यह हुआ कि देवी राधा ने श्रीकृष्ण को शाप दे दिया।,0077,Hin,f
5,जावेद और शबाना ने किए थे ट्वीट्स: पुलवामा में सीआरपीएफ जवानों पर हुए हमले के बाद जावेद अख्तर ने ट्वीट करके कहा था - कराची आर्ट काउंसिल ने शबाना और मुझे दो दिन पहले कैफी आजमी और उनकी कविताओं के बारे में होने वाले लिटरेटर कॉन्फ्रेंस में इंवाइट किया था।,0077,Hin,f
6,"इनमें निवेश, पर्यटन, हाऊसिंग, सूचना और प्रसारण जैसे क्षेत्र शामिल हैं।",0077,Hin,f
7,"समाजवादी पार्टी के एक सांसद ने कहा कि अब कौन जीतेगा, कौन हारेगा, टिकट किसे मिलेगा, किसे नहीं मिलेगा - यह सब कौन जानता है? इसलिए साथ में एक फोटो खिंचवा लेना बेहतर है।",0077,Hin,f
8,निखत ने कंधे की चोट से उबरने के बाद वापसी करते हुए स्वर्ण पदक जीता।,0077,Hin,f
9,उन्हें फल और दोपहर का खाना भी दिया जा रहा है।,0077,Hin,f
10,माने शिवरात्रि के बाद ।,0077,Hin,f
11,बीस फरवरी से फाल्गुन मास शुरू हो रहा है।,0077,Hin,f
12,पिछली सरकार के दस्तावेजों से हुई गड़बड़ी ।,0077,Hin,f
13,शुक्र नीति के अनुसार जीवनसाथी को कभी भी दूसरों के भरोसे नहीं छोड़ना।,0077,Hin,f
14,दिव्य दृष्टि शो के प्रोड्यूसर बी.पी. सिंह कहते हैं कि वीएफएक्स ने पूरे टीवी मार्केट पर कब्जा कर लिया है।,0077,Hin,f
15,"गौरतलब है कि अड़सठ  साल के रजनीकांत ने इकतीस  दिसंबर, दो  हज़ार सत्रह को राजनीति में प्रवेश करने की घोषणा की थी।",0077,Hin,f
16,"प्रतिरक्षा प्रणाली कोशिकाओं, ऊतकों और अंगों के नेटवर्क से बनती है जो शरीर की रक्षा के लिए मिलकर काम करती हैं।",0077,Hin,f
17,यह एक ऐतिहासिक कार्यक्रम होगा।,0077,Hin,f
18,"मोहम्मद कैफ ने लिखा, सीआरपीएफ जवानों पर हुए आंतकी हमले के बारे में सुनकर गहरा दुख पहुंचा है।",0077,Hin,f
19,जम्मू-कश्मीर के पुलवामा में सीआरपीएफ के काफिले पर हुए आतंकी हमले में चालीस जवानों की शहादत से खेल जगत भी सदमे में है।,0077,Hin,f
20,कराची में होना है आयोजन : काउंसिल ने कैफी आजमी की  एक  सौ   जयंती पर तेईस से चौबीस  फरवरी तक एक कॉन्फ्रेंस का आयोजन कराची में किया है।,0077,Hin,f
21,"प्रतिरक्षा प्रणाली हमारे शरीर के अन्दर की वह प्रणाली है जो हमारे शरीर को मजबूत बनाते हुए रोगों से लड़ने में सक्षम बनाती है, और हर जीव को रोगाणुओं और सूक्ष्मजीवों से बचाव की क्षमता प्रदान करती है  ज्यादातर मामलों में, प्रतिरक्षा प्रणाली लोगों को स्वस्थ रखने और संक्रमण को रोकने का एक अच्छा काम करती है।",0077,Hin,f
22,यह इस सीजन का पहला शूटिंग वर्ल्ड कप है।,0077,Hin,f
23,"दरअसल, पिछले दिनों प्रोफेसर सिंह का एक आर्टिकल 'आर्य एवं उनका मूल निवास' नाम से 'द हिन्दू' न्यूजपेपर में प्रकाशित हुआ था|",0077,Hin,f
24,"प्रोफेसर विजय सिंह ने यह मत दिया था कि आर्यों का मूल निवास स्थान भारत नहीं, बल्कि दक्षिणी यूराल पर्वत के आसपास था जिससे कुछ कट्टरतावदी नाखुश थे|",0077,Hin,f
25,"कुछ प्रतिक्रियावादी लोगों ने इसका तीव्र विरोध भी किया किंतु मामला यहां तक पहुंच जाएगा, नहीं सोचा था|",0077,Hin,f
26,इस बात को छह महीने से ऊपर हो गए थे|,0077,Hin,f
27,"आखिर ये गुंडाभाई इतना लेट कैसे? खैर, जो भी हो ऐसे समय में उचित यही था कि विजय सिंह उनकी बात मानकर चुपचाप निकल लें|",0077,Hin,f
28,"बहरहाल, उसने प्रोफेसर सिंह को वापस दिल्ली अपने कैंपस के पास लाकर छोड़ दिया|",0077,Hin,f
29,प्रोफेसर मन में सोचने लगे कि आखिर ये कैसे लोग हैं? कहां की डेमोक्रेसी? यहां पर तो कुछ नया सोचना ही गुनाह है|,0077,Hin,f
30,प्रोफेसर सिंह जेएनयू के जाने-माने इतिहासकार थे|,0077,Hin,f
31,"उन्होंने प्राचीन भारत के इतिहास, जिसमें भी सिन्धु घाटी सभ्यता भी है, के संदर्भ में विशेष कार्य किया है|",0077,Hin,f
32,इस समय रात के तकरीबन आठ बजे होंगे|,0077,Hin,f
33,"हवा कुछ मायूस, कुछ मुरझाए व कुछ उदास से बच्चे के समान चल रही थी|",0077,Hin,f
34,"आसमान साफ था, तारे चमक रहे थे, पर प्रोफेसर सिंह का मन विचलन से भरा हुआ था|",0077,Hin,f
1,अपने जीवन का लक्ष्य निर्धारित करो | और सभी दूसरे विचार  को  अपने दिमाग से निकाल दो यही सफलता की पूंजी है |,0078,Hin,m
2,सफलता पाने के लिए हमें पहले विश्वास करना होगा की हम कर सकते हैं,0078,Hin,m
3,घटना की जानकारी सेक्टर मजिस्ट्रेट ने एनडीआरएफ को दी।,0078,Hin,m
4,पूर्णिमा होने के कारण चंद्रमा साामान्य दिनों की तुलना में चौदह  प्रतिशत बड़ा होगा और तीस  प्रतिशत ज्यादा चमकदार दिखाई देगा।,0078,Hin,m
5,सऊदी अरब ने पाकिस्तान के साथ बीस अरब डॉलर (करीब एक   लाख तैंतालीस   हजार करोड़ रुपए) की डील की है।,0078,Hin,m
6,पहले ओलिंपिक (अठारह सौ छियानवे  एथेंस) में सात  देशों के उनतालीस शूटर ने हिस्सा लिया था।,0078,Hin,m
7,माने रॉ कोई गुप्त कार्रवाई करेगी?,0078,Hin,m
8,जावेद और शबाना के इस फैसले की कराची आर्ट काउंसिल ने आलोचना की है।,0078,Hin,m
9,इससे घर के कई दोष दूर हो सकते हैं।,0078,Hin,m
10,पुलवामा हमले के बाद नरेंद्र मोदी आतंकवाद का मुद्दा उठा सकते हैं ।,0078,Hin,m
11,"इनके हाल के प्रदर्शन को देखा जाए, तो ये देश को ओलिंपिक कोटा दिला सकते हैं।",0078,Hin,m
12,उन्होंने कई शास्त्रों की रचना भी की।,0078,Hin,m
13,हमले में शहीद जवान और उनके परिवार के प्रति गहरी संवेदनाएं हैं।,0078,Hin,m
14,आप अपनी प्रतिरक्षा प्रणाली को बढ़ाने के लिए कुछ सरल लेकिन प्रभावी तकनीकों को अनुकूलित कर सकते हैं और बदले में एक खुश और स्वस्थ गर्भावस्था का आनंद लें।,0078,Hin,m
15,इसी क्रम में पिछले तीन दिनों से सरकार में तबादलों का दौर जारी है।,0078,Hin,m
16,गुरुवार के दिन प्रदोष व्रत पड़े तो इस दिन के व्रत के फल से शत्रुओं का विनाश होता है।,0078,Hin,m
17,आपका कार्यकाल छह  वर्ष का है और कोई निर्वाचन क्षेत्र वगैरह नहीं है।,0078,Hin,m
18,इस पर करीना मजे लेते हुए कहती हैं कि यह कैसे हो सकता है कि तुम्हें पता न हो? इस पर प्रियंका हंसते हुए कहती हैं कि क्योंकि मैंने निक से शादी करने से पहले उनके बारे में गूगल सर्च नहीं किया था ।,0078,Hin,m
19,साथ ही लर्निंग कॉर्नर और आंगनबाड़ी केंद्र भी खोला गया है।,0078,Hin,m
20,"शबाना ने तोड़ी हदें : पाकिस्तानी अखबार डॉन की खबर के अनुसार काउंसिल के अध्यक्ष अहमद शाह ने कहा है कि शबाना ने जिस तरह पाकिस्तान पर आरोप लगाए हैं, वह एक साहित्यिक व्यक्ति के लिए सही नहीं हैं।",0078,Hin,m
21,तभी पीछे से तेज रफ्तार ट्रक आया और लोगों को कुचलता हुआ चला गया।,0078,Hin,m
22,भारत ने पिछली बार इस स्टेडियम में पाक को हराया था ।,0078,Hin,m
23,कितना मुश्किल है कि जीवन में तन और मन दोनों हर समय एकसाथ रहे|,0078,Hin,m
24,"विजय सिंह का तन तो घर पर था, पर मन किसी अनिष्ट के होने की आशंका से विचलनभरे वैराग्य से युक्त था|",0078,Hin,m
25,"इंसान भी क्या अजब प्राणी है? क्या अनोखी देन है उस परमात्मा की? हमने पूरे ब्रह्मांड को तो समझ लिया, पर स्वयं को नहीं समझ पाए|",0078,Hin,m
26,कहते हैं कि आपके विचार परिस्थितियों का निर्माण करते हैं किंतु जब परिस्थितियां ऐसी जटिल बन जाएं तो विचार अपना आदर्श छोड़ देते हैं|,0078,Hin,m
27,"प्रोफेसर ने एक बार तो सोचा कि पुलिस में अभी इत्तला कर दें, पर अभी इससे भी ज्यादा महत्वपूर्ण कार्य करना था|",0078,Hin,m
28,इस सदी का एक महान रहस्य सामने आने वाला था|,0078,Hin,m
29,घर पहुंचकर जेब में हाथ डाला तो देखा कि वह डायरी गायब थी जिस पर सिन्धु घाटी सभ्यता की लिपि के कुछ रहस्यात्मक संकेत लिखे थे|,0078,Hin,m
30,धत्‌ तेरी की... हो गया कबाड़ा... अब क्या करूं...? उस डायरी में बहुत ही महत्वपूर्ण संकेत छुपे थे|,0078,Hin,m
31,प्रोफेसर के जीवनभर की रिसर्च का सार था|,0078,Hin,m
32,आज जिस निष्कर्ष पर पहुंचे थे वह भी उसी में लिखा था|,0078,Hin,m
33,कोई उनके रिसर्च में इतनी रुचि क्यों लेगा? क्या वाकई वह उस रहस्य तक पहुंच जाएगा... गजब हो जाएगा... पूरी सभ्यता का रहस्य समाप्त...|,0078,Hin,m
34,नहीं... नहीं... हो सकता डायरी ऑफिस में ही छुट गई हो|,0078,Hin,m
1,अपने जीवन का लक्ष्य निर्धारित करो | और सभी दूसरे विचार  को  अपने दिमाग से निकाल दो यही सफलता की पूंजी है |,0079,Hin,f
2,सफलता पाने के लिए हमें पहले विश्वास करना होगा की हम कर सकते हैं,0079,Hin,f
3,"दुल्हन रेखा के मामा के बेटे बापूलाल ने बताया, मैं भी बहन रेखा की बिंदोली में शामिल था।",0079,Hin,f
4,उन्होंने यह भी कहा कि एक के बाद एक अपने ही वरिष्ठ नेताओं को षड़यंत्र करके ठिकाने लगा दिया गया ।,0079,Hin,f
5,गौर और सिंह के बीच लगभग एक घंटे बातचीत हुई थी ।,0079,Hin,f
6,"जिस दिन हम सभी ने प्रेम दिवस (वैलेंटाइन-डे) मनाया, कुछ कायरों ने नफरत फैला दी।",0079,Hin,f
7,तीस  मिनट में दिखा चूहे पर असर ।,0079,Hin,f
8,बजट का पन्द्रह   - सत्रह   फीसदी तक खर्च हो रहा है,0079,Hin,f
9,चंद्रमा के प्रभाव से मानसिक उथल-पुथल कम होगी और तनाव खत्म हो सकता है।,0079,Hin,f
10,केंद्रीय मंत्री वीके सिंह ने कहा कि पुलवामा हमले का जवाब देने के लिए राज्य सरकार पूरी तरह से तैयार है ।,0079,Hin,f
11,सिद्धू के इस बयान की आलोचना हो रही है।,0079,Hin,f
12,इसके लिए चालीस  देशों का समर्थन केंद्र सरकार को मिला है ।,0079,Hin,f
13,वैसे इन दिनों सरकार और सुप्रीम कोर्ट में टकराव न के बराबर रह गया है।,0079,Hin,f
14,चंद्रमा के प्रभाव से देश में सकारात्मक आर्थिक हलचल देखने मिलेगी।,0079,Hin,f
15,"राघव जी, सरताज सिंह, और रामकृष्ण कुसमरिया जैसे वरिष्ठ नेताओं को अपमानित किया गया ।",0079,Hin,f
16,मिशेल का कहना है कि यह तरीका बच्चों में पढ़ाई के प्रति रुचि पैदा कर रहा है।,0079,Hin,f
17,उत्तर प्रदेश और दिल्ली पुलिस में जबरदस्त तालमेल चल रहा है।,0079,Hin,f
18,हालांकि उन्होंने प्रधानमंत्री नरेंद्र मोदी से वादा निभाने की बात करते हुए आगामी लोकसभा चुनाव में भोपाल से टिकट देने की मांग की है ।,0079,Hin,f
19,"इससे पहले वसुंधरा राजे ने अक्षयवट, बड़े हनुमान मंदिर का दर्शन-पूजन किया।",0079,Hin,f
20,"भारत ने इस टूर्नामेंट में कुल तीन स्वर्ण, एक रजत, तीन कांस्य पदक हासिल किए।",0079,Hin,f
21,बाईस को प्री-इवेंट ट्रेनिंग होगी।,0079,Hin,f
22,"केंद्रीय मंत्री ने कहा कि  दो हज़ार पाँच  से दो  हज़ार बारह   तक कश्मीर में हालात सामान्य थे, इसके बाद ऐसा क्या हुआ कि यहां पर तनाव बढ़ गया, इसके कारणों को देखना होगा ।",0079,Hin,f
23,प्रोफेसर भागते हुए सीधे विश्वविद्यालय ऑफिस पहुंचे|,0079,Hin,f
24,"सोचा, कहीं जल्दी-जल्दी में डायरी वहीं तो नहीं भूल आए, पर वहां कुछ नहीं मिला|",0079,Hin,f
25,शायद उन लोगों ने निकाल ली किंतु वह तो आर्य आगमन के संबंध में थी... नहीं... नहीं... वे... मूर्ख बना रहे थे...|,0079,Hin,f
26,जरूर डायरी चुराना उनका ही काम है|,0079,Hin,f
27,वह मेरा रहस्य... ओह... नो...|,0079,Hin,f
28,"उन्होंने मेरा ध्यान आर्य आगमन की तरफ मोड़कर बड़ी कुशलता से यह कारीगरी कर दी ताकि मैं उनके खिलाफ कोई कम्प्लेन वगैरह करूं, तब तक उनका काम हो जाएगा|",0079,Hin,f
29,वे उस रहस्यमयी मुहर को चुरा ले गए तो मेरी जीवनभर की मेहनत गई काम से|,0079,Hin,f
30,"अब क्या करें, क्या नहीं? के भाव में किंकर्तव्यविमूढ़ होकर प्रोफेसर वहीं धम से बैठ गए|",0079,Hin,f
31,सोचने लगे कि इंसान पका-पकाया खाने में कितना तत्पर रहता|,0079,Hin,f
32,यूनिवर्सल बेसिक इंकम का कॉन्सेप्ट इसी का तो नतीजा है|,0079,Hin,f
33,"अमेरिकी मनोविज्ञान के जनक विलियम जेम्स ने कहा था कि आपके अवचेतन मन में दुनिया को हिलाने की शक्ति है, फिर इंसान क्यों नहीं अपनी शक्ति को पहचानता? क्यों दूसरों के विचार व वस्तुएं चुराने में लगा रहता? यहां पर कोई प्रयास करना नहीं चाहता, सबको सीधा मिल जाए तो खुश|",0079,Hin,f
1,अपने जीवन का लक्ष्य निर्धारित करो | और सभी दूसरे विचार  को  अपने दिमाग से निकाल दो यही सफलता की पूंजी है |,0080,Hin,m
2,सफलता पाने के लिए हमें पहले विश्वास करना होगा की हम कर सकते हैं,0080,Hin,m
3,उसकी हर हरकत आपकी मुस्कान का कारण बनती है।,0080,Hin,m
4,"सदन के अंदर जब स्पीकर पद के लिए भाजपा ने अपने उम्मीदवार रूप में विजय शाह का नामांकन कराया, लेकिन कांग्रेस के प्रोटेम स्पीकर ने बगैर वोटिंग कराए, एनपी प्रजापति का नाम घोषित कर दिया ।",0080,Hin,m
5,छात्र तहसीन गुल ने पुलवामा हमले को अंजाम देने वाले फिदायीन आतंकी आदिल अहमद की फेसबुक पोस्ट पर कमेंट किया था ।,0080,Hin,m
6,ऐसी स्थिति में पृथ्वी और चंद्रमा करीब नब्बे  प्रतिशत नजदीक होते हैं।,0080,Hin,m
7,"कहा, पहले लोग सुनते हैं मोदी की मन की बात, अब मोदी सुनेंगे देश की जनता की मन की बात  ।",0080,Hin,m
8,व्रत और पूजा की विधि ।,0080,Hin,m
9,इसके परिणाम आने में समय लगेगा ।,0080,Hin,m
10,"उस वक्त कैफे में जो भी व्यक्ति चाय या कॉफी पीने आता था, वह अपना बिल भरने के साथ एक एक्स्ट्रा कॉफी का बिल भरता था ताकि कोई अज्ञात व्यक्ति पैसे न होने पर कॉफी पी सके।",0080,Hin,m
11,एक कथा के अनुसार रविदास जी अपने साथी के साथ खेल रहे थे।,0080,Hin,m
12,"प्रदोष काल में उपवास में सिर्फ हरे मूंग का सेवन करना चाहिए, क्योंकि हरा मूंग पृथ्‍वी तत्व है और मंदाग्नि को शांत रखता है।",0080,Hin,m
13,"राकेश सिंह ने कहा कि मप्र में कांग्रेस सरकार में बाहर से भले ही एक मुख्यमंत्री दिखाई देता हो, लेकिन इसके अंदर सत्ता के कई केंद्र हैं, जिनमें से सिंह भी एक हैं ।",0080,Hin,m
14,नए केमिकल कंपाउंड की मदद से याददाश्त को घटाने वाली ब्रेन की कमजोर कोशिकाओं को पहचानकर इलाज किया जाएगा।,0080,Hin,m
15,प्रार्थना करता हूं कि यह कायराना हमला करने वालों को जल्दी सबक मिलेगा।,0080,Hin,m
16,केंद्रीय निर्वाचन आयोग ने सरकार को आदेश दिया है कि सारे ट्रांसफर पोस्टिंग बीस फरवरी के पहले हर हाल में कर लिया जाए।,0080,Hin,m
17,महात्माजी ने रविदास से कहा कि इस पत्थर की मदद से तुम धनवान बन जाओगे और तुम्हें जूते-चप्पल बनाने की जरूरत ही नहीं पड़ेगी ।,0080,Hin,m
18,जो हल निकाले उसे ही वोट दें : रजनीकांत ने अपने बयान में लोगों से अपील की है कि तमिलनाडु में मुख्य समस्या पानी की है ।,0080,Hin,m
19,"त्रिमूर्ति ने कहा, ""‘सऊदी अरब ने चौदह  फरवरी को पुलवामा में भारतीय सुरक्षाबल पर हुए हमले की कड़ी निंदा की है।",0080,Hin,m
20,"टीवी पर ऐसे सीरियल्स की संख्या बढ़ रही है, जिनकी कहानी सुपर नैचुरल शक्तियों (भूत, डायन, नागिन आदि) या पौराणिक कथाओं पर आधारित है।",0080,Hin,m
21,"वीएफएक्स आधारित शोज पहले भी बनते रहे हैं, पर  इन्हें सफलता मिलना अब शुरू हुआ है।",0080,Hin,m
22,कौन थे शुक्राचार्य?,0080,Hin,m
23,पर समस्या ये है कि आदमी किसी की सुनता कहां? हजारीप्रसाद द्विवेदी ने कहा कि- 'यहां कोई किसी की नहीं सुनता|,0080,Hin,m
24,' अगर लोग ढंग से सुन लेते तो एक विचारक ही काफी होता|,0080,Hin,m
25,बेचारे इतने विचारकों को पैदा होने की जरूरत ही नहीं पड़ती|,0080,Hin,m
26,"बहरहाल, वे चोर जो भी हो, उस रहस्यमयी मुहर को चुराने गए होंगे|",0080,Hin,m
27,"इसी विचार से प्रोफेसर सीधे कार लेकर नेशनल म्यूजियम ऑफ नेचुरल हिस्ट्री, नई दिल्ली की तरफ रवाना हो गए, जहां उस रहस्यमयी मुहर समेत सभी सिन्धु घाटी सभ्यता की मुहरें रखी थीं|",0080,Hin,m
28,रास्ता ज्यादा लंबा नहीं था किंतु आशंकाएं हमेशा वक्त काटना मुश्किल कर देतीं|,0080,Hin,m
29,"जीवन में हम जो पाना चाहते हैं, उसके नजदीक पहुंचने पर उसके खोने का डर भी उतना ही बढ़ जाता है|",0080,Hin,m
30,प्रोफेसर को कुछ नहीं सूझ रहा था|,0080,Hin,m
31,उस एक मुहर से पूरी सिन्धु घाटी सभ्यता का राज खुलने वाला था|,0080,Hin,m
32,उस मुहर के पीछे लिखे संकेतों से वे स्वयं उस गुप्त रहस्य को दुनिया के सामने लाने से कुछ कदम ही दूर थे|,0080,Hin,m
33,प्रोफेसर की कार म्यूजियम से लगभग छह सौ  मीटर ही दूर होगी कि अचानक चारों तरफ से पुलिस ने उन्हें घेर लिया|,0080,Hin,m
34,वे समझ नहीं पा रहे थे कि माजरा क्या है?,0080,Hin,m
35,"उसमें से एक दिल्ली पुलिस का अधिकारी तेज-तेज कदमों से प्रोफेसर विजय सिंह के पास आकर बोला- 'प्रोफेसर साहब, आपको म्यूजियम में चोरी करवाने के आरोप में अरेस्ट किया जाता है|",0080,Hin,m
1,अपने जीवन का लक्ष्य निर्धारित करो | और सभी दूसरे विचार  को  अपने दिमाग से निकाल दो यही सफलता की पूंजी है |,0081,Hin,m
2,सफलता पाने के लिए हमें पहले विश्वास करना होगा की हम कर सकते हैं,0081,Hin,m
3,चर्चित शो ‘गेम ऑफ थ्रोन्स के आठवें सीजन के हर एपिसोड का बजट करीब  एक  सौ दस  करोड़ रुपए से ज्यादा रखा गया था।,0081,Hin,m
4,बारामूला जम्मू-कश्मीर का पहला आतंक मुक्त जिला है।,0081,Hin,m
5,"इसके अलावा, कॉमनवेल्थ, एशियन और जूनियर वर्ल्ड चैंपियन भी उतर रहे हैं।",0081,Hin,m
6,"सहवाग ने आंतकियों को धमकी देते हुए लिखा, सुधर जाओ वरना सुधार देंगे।",0081,Hin,m
7,इसमें एक साल में चार  से छह  वर्ल्ड कप और एक वर्ल्ड कप फाइनल्स खेला जाने लगा।,0081,Hin,m
8,लोग यह जानना चाहते थे कि आखिर बॉलीवुड का सबसे ज्यादा सक्सेसफुल मैरिड कपल किन कारणों से अलग हो रहा है ।,0081,Hin,m
9,शोध में उनकी याद्दश्त में तेजी आई है।,0081,Hin,m
10,कांग्रेस के वरिष्ठ नेता दिग्विजय सिंह ने अपनी ही सरकार के मंत्रियों बाला बच्चन और उमंग सिंघार को आड़े हाथों लेते हुए उनकी रिपोर्ट पर कड़ी प्रतिक्रिया दी है।,0081,Hin,m
11,"सीसीआई अध्यक्ष प्रेमल उदाणी ने कहा, इस संबंध में फैसला शुक्रवार को लिया गया।",0081,Hin,m
12,उन्होंने कहा कि अब वह सोने के औजारों से जूते-चप्पल कैसे बना पाएंगे ।,0081,Hin,m
13,ये कहकर महात्माजी ने वह पत्थर संतश्री की झोपड़ी में ही ऊंची जगह पर रख दिया और वहां से चले गए ।,0081,Hin,m
14,इस बीच भाजपा के राष्ट्रीय अध्यक्ष अमित शाह कल कुंभ पहुंचकर संगम में आस्था की डुबकी लगाएंगे।,0081,Hin,m
15,महात्माजी ने उस संत से पूछा कि वह पारस पत्थर कहां है?,0081,Hin,m
16,कहते हैं कि माघ पूर्णिमा पर ब्रह्म मुहूर्त में नदी स्नान करने से रोग दूर होते हैं।,0081,Hin,m
17,देश शहीद जवान और उनके परिवारों के साथ है और उनके लिए प्रार्थना करता है।,0081,Hin,m
18,"गौर ने यह भी कहा, पिछले साल पच्चीस  जून को दीनदयाल उपाध्याय की जयंती पर भोपाल में आयोजित कार्यक्रम में नरेंद्र मोदी ने मुझसे मंच पर बोला था- गौर साब एक बार और ।",0081,Hin,m
19,अगर राम स्वयं सीता के साथ होते तो देवी सीता का हरण नहीं होता।,0081,Hin,m
20,भारत के तेईस  में से आठ खिलाड़ी पहली बार खेल रहे हैं ।,0081,Hin,m
21,"किसी याचिकाकर्ता को पौधा लगाने और उसके रख-रखाव का आदेश मिलता है, तो किसी को अनाथालय में सेवाकार्य दिया जाता है।",0081,Hin,m
22,"सितंबर, दो  हज़ार चौदह : पीएम मोदी ने सबसे पहले चीनी राष्ट्रपति शी-जिनपिंग का प्रोटोकॉल तोड़कर अहमदाबाद में स्वागत किया था।",0081,Hin,m
23,"' उसने अपने हाथ में प्रोफेसर साहब की डायरी दिखाते हुए कहा- 'ये आपकी गिरफ्तारी का सबूत आपकी हस्तलिखित डायरी है जिसमें आपने हड़प्पा की कई मुहरें म्यूजियम से लाने के बारे में लिखा हैं, इसके नीचे आपके हस्ताक्षर भी हैं और ये आपकी स्वयं की लिखावट है|",0081,Hin,m
24,' पूरे आत्मविश्वास से वह बोलते जा रहा था- 'मेरे खयाल से ये सबूत आपकी गिरफ्तारी के लिए काफी होंगे प्रोफेसर साहब|,0081,Hin,m
25,'धत्‌ तेरी की... चोर... रहस्यमयी... मुहर... ले गए|,0081,Hin,m
26,पीछे छोड़ गए मेरी डायरी... नामुराद कहीं के|,0081,Hin,m
27,सब कबाड़ा हो गया|,0081,Hin,m
28,' प्रोफेसर सारा वाकया समझ गए|,0081,Hin,m
29,"प्रो. विजय सिंह को गिरफ्तार होने की उतनी चिंता नहीं थी, जितनी कि उस मुहर के चोरी होने की थी|",0081,Hin,m
30,उन्होंने दिल्ली पुलिस कमिश्नर निशांत को फोन लगाया|,0081,Hin,m
31,निशांत एवं विजय सिंह दोनों सहपाठी थे|,0081,Hin,m
32,निशांत के कहने पर पुलिस वाले प्रोफेसर साहब को सीधे कमिश्नर निवास ले आए|,0081,Hin,m
33,"निशांत और प्रोफेसर सिंह दोनों किसी समय साथ में मुखर्जी नगर, दिल्ली में आईएएस की तैयारी करते थे|",0081,Hin,m
34,दोनों का मुख्य परीक्षा के लिए वैकल्पिक विषय इतिहास था|,0081,Hin,m
1,अपने जीवन का लक्ष्य निर्धारित करो | और सभी दूसरे विचार  को  अपने दिमाग से निकाल दो यही सफलता की पूंजी है |,0082,Hin,m
2,सफलता पाने के लिए हमें पहले विश्वास करना होगा की हम कर सकते हैं,0082,Hin,m
3,एक दूसरे प्रयोग में उम्रदराज चूहे को दवा दी गई।,0082,Hin,m
4,"अब यहां पर वरिष्ठों का सम्मान नहीं होता है, उन्हें अपमानित किया जाता है ।",0082,Hin,m
5,एक अन्य मान्यता अनुसार वे भृगु ऋषि तथा हिरण्यकशिपु की पुत्री दिव्या के पुत्र थे।,0082,Hin,m
6,पुलवामा हमले के बाद देश में गुस्से का माहौल है।,0082,Hin,m
7,वीके सिंह ने कहा कि केंद्र सरकार पाकिस्तान को अलग थलग करने की पूरी कोशिश कर रही है ।,0082,Hin,m
8,"लेकिन कभी-कभी प्रतिरक्षा प्रणाली में आयी समस्याएं या कमज़ोरी, बीमारी और संक्रमण का कारण बन सकती हैं।",0082,Hin,m
9,परिक्रमा करें और ये एक मंत्र बोलें - देवी त्वं निर्मिता पूर्वमर्चितासि मुनीश्वरैः नमो नमस्ते तुलसी पापं हर हरिप्रिये।,0082,Hin,m
10,मिशेल का कहना है कि उन्होंने इसी पैसे से एक पूरी क्लास के लिए किताबें खरीद दीं।,0082,Hin,m
11,उनको इस हालत में देखना सभी के लिए दुखद था।,0082,Hin,m
12,त्रयोदशी (तेरस) को प्रदोष कहते हैं।,0082,Hin,m
13,पीसीबी के मैनेजिंग डायरेक्टर वसीम खान ने कहा कि खेल हमेशा से राजनीतिक तनावों को कम करने का काम करता है।,0082,Hin,m
14,इसके बाद करीब दो  घंटे अभ्यास सत्र हुआ।,0082,Hin,m
15,मिशेल ने बताया कि प्लास्टिक या धातु के बदले किताब देने का विचार उन्हें पहली बार प्लास्टिक के एक ढेर को देखकर आया।,0082,Hin,m
16,हादसे के बाद उसे रास्ते से ही लौटा दिया गया।,0082,Hin,m
17,उन्नीस  सौ बासठ     में आई फिल्म बीस साल बाद में काम कर चुके मशहूर अभिनेता विश्वजीत चटर्जी ने सोमवार को भाजपा में शामिल हो गए ।,0082,Hin,m
18,इसे उन्होंने केंद्र सरकार की विदेश नीति की सफलता बताया ।,0082,Hin,m
19,इस दिन सोने एवं चांदी का दान भी किया जाता है।,0082,Hin,m
20,विज्ञापनों से हो रही खर्च की भरपाई,0082,Hin,m
21,दिल्ली के आईटीसी मौर्या होटल में सुप्रीम कोर्ट के एक वरिष्ठ वकील की बेटी की शादी पर पिछले रविवार को एक शानदार पार्टी दी गई।,0082,Hin,m
22,प्रधानमंत्री नरेंद्र मोदी ने पांच वर्ष में देश के सभी वर्गों का विकास किया ।,0082,Hin,m
23,निशांत का चयन तो आईपीएस के पद पर हो गया किंतु विजय सिंह का उस परीक्षा में नहीं हुआ|,0082,Hin,m
24,कालांतर में उनका जेएनयू में इतिहास के प्रोफेसर के पद पर चयन हो गया|,0082,Hin,m
25,इस बात का विजय सिंह को जरा भी इल्म नहीं था कि उनका आईएएस में चयन नहीं हुआ बल्कि वे अपनी जगह खुश थे|,0082,Hin,m
26,हम जीवन में कोशिश करते हैं तो उस मुकाम या उसके लेवल तक पहुंच ही जाते हैं|,0082,Hin,m
27,"बस, जरूरत कोशिश करने की होती|",0082,Hin,m
28,विजय सिंह का इतिहास प्रेम उनको यहां तक ले आया|,0082,Hin,m
29,"इसी जुनून के चलते प्रोफेसर विजय सिंह ने कई इतिहास की पुस्तकें, कई शोधपत्र आदि प्रकाशित करवाए थे|",0082,Hin,m
30,रात के नौ बज चुके थे|,0082,Hin,m
31,हवा का रुख अभी भी रूखा-रूखा-सा था|,0082,Hin,m
32,निशांत के घर पहुंचकर विजय सिंह ने सारा घटनाक्रम बयां किया|,0082,Hin,m
33,उसका पहला सवाल यही था कि 'विजय आखिर तुमने किस रहस्य की खोज की और वे लोग तुमसे क्यों इसके पीछे पड़े? और वह रहस्यमयी मुहर क्या है?' निशांत ने गंभीरता से पूछा|,0082,Hin,m
34,"'दरअसल, बात यह है कि हड़प्पा सभ्यता की लिपि संकेतात्मक पहेली की तरह है|",0082,Hin,m
1,अपने जीवन का लक्ष्य निर्धारित करो | और सभी दूसरे विचार  को  अपने दिमाग से निकाल दो यही सफलता की पूंजी है |,0083,Hin,m
2,सफलता पाने के लिए हमें पहले विश्वास करना होगा की हम कर सकते हैं,0083,Hin,m
3,तहसीन के ये कमेंट उसे फॉलो करने वाले विश्वविद्यालय के कुछ छात्रों ने देखे थे ।,0083,Hin,m
4,मुझे उम्मीद है कि मोदीजी अपना वादा जरूर निभाएंगे ।,0083,Hin,m
5,"आप इन बातों को शायद प्रसव के बाद की थकान का कारण मानते हुए इनपर विशेष ध्यान न दे, जबकि वास्तविकता यह नहीं है।",0083,Hin,m
6,यह मुश्किल है लेकिन इस बात से इंकार नहीं किया जा सकता कि यह ट्रेंड में है।,0083,Hin,m
7,दोपहर बाद वे संत समागम स्थल पहुंचेंगे।,0083,Hin,m
8,ढाई घंटे बाद द्वार पर आने वाली थी बारात ।,0083,Hin,m
9,जिसे एंटी-एंजायटी और डिप्रेशन ड्रग वेलियम के तौर पर जाना जाता है।,0083,Hin,m
10,संत रविदास दूसरों साधु-संतों की बहुत सेवा करते थे ।,0083,Hin,m
11,मालदीव की टीम में वहां के राष्ट्रपति इब्राहिम मोहम्मद सोलिह और उप-राष्ट्रपति फैसल नसीम भी थे।,0083,Hin,m
12,भगवान शिव को घी और शक्कर मिले जौ के सत्तू का भोग लगाएं।,0083,Hin,m
13,बीजेपी का मानना है टीएमसी ने तीस  प्रतिशत मुस्लिम वोट बैंक की खातिर ऐसा किया।,0083,Hin,m
14,"आतंकी हमले से पहले फिदायीन आदिल ने फेसबुक पर पोस्ट की थी, इस पर सोलन में पढ़ने वाले कश्मीरी छात्र ने किया था कमेंट  ।",0083,Hin,m
15,वीएफएक्स की इस होड़ से सीरियल्स का बजट भी बढ़ता जा रहा है।,0083,Hin,m
16,"वीवीएस लक्ष्मण ने लिखा, पुलवामा में हमारे बहादुर सीआरपीएफ जवानों पर हुए नृशंस हमले के बारे में सुनकर दुख और पीड़ा हुई।",0083,Hin,m
17,इतना सुनकर उनका मृत साथी खड़ा हो जाता है।,0083,Hin,m
18,मौजूदा सरकार देश हित में कड़े कदम उठाएगी।,0083,Hin,m
19,करीब तीस  मिनट के बाद चूहे की याददाश्त बढ़ी और प्रयोग के दौरान वह सही पहेली को पहचान पाया।,0083,Hin,m
20,ये सभी अखिल भारतीय वनवासी कल्याण आश्रम द्वारा  बारह   फरवरी से पन्द्रह फरवरी तक सेक्टर-चौदह  मे आयोजित कार्यक्रम जनजाति समागम में हिस्सा लेंगे।,0083,Hin,m
21,राकेश सिंह बुधवार को जबलपुर में मीडिया से बात कर रहे थे ।,0083,Hin,m
22,"तलाक के बाद मलाइका का नाम अर्जुन कपूर के साथ जुड़ा है, वहीं अरबाज को जॉर्जिया एंड्रीयानी के साथ देखा जा रहा है ।",0083,Hin,m
23,हर एक संकेत एक पहेली की तरफ इशारा करता है|,0083,Hin,m
24,प्रोफेसर की बात पूरी होने से पहले ही निशांत उत्सुकता से बोला- 'किंतु वे लिपि चिह्न तो भाव चित्रात्मक हैं|,0083,Hin,m
25,"'हां, अभी तक यही हमारी मान्यता थी किंतु ऐसा नहीं है|",0083,Hin,m
26,ये सभी चिह्न किसी एक रहस्यमयी मुहर की तरफ संकेत कर रहे हैं|,0083,Hin,m
27,' प्रोफेसर साहब का वाक्य पूरा होते ही निशांत ने पीछे खड़े पुलिस के सिपाही को दो चाय लाने का इशारा किया|,0083,Hin,m
28,निशांत जानता था विजय को चाय ज्यादा पसंद है|,0083,Hin,m
29,'तुम कहना क्या चाहते हो?' निशांत ने स्पष्ट करने को कहा|,0083,Hin,m
30,'तुम इतना तो जानते हो कि इन्द्र के नेतृत्व में एक  हज़ार पाँच सौ -एक  हज़ार छह सौ  ईपू के लगभग आर्यों ने सिन्धु सभ्यता पर भीषण आक्रमण किए थे|,0083,Hin,m
31,"इन आक्रमणों के डर से सैंधव लोगों ने अपनी सारी धरोहर, सोना, साहित्य सबके सब किसी गुप्त रहस्यात्मक स्थान पर छिपा दिए|",0083,Hin,m
32,पीछे कुछ पहेलीनुमा संकेत छोड़ दिए ताकि कुछ वर्षों बाद जब आर्य वापस चले जाएं तो खजाना पुन: प्राप्त कर सकें|,0083,Hin,m
33,इन पहेलियों को आर्य नहीं पढ़ सके और वह संपत्ति व सोना किसी गुप्त स्थान पर सुरक्षित रहे|,0083,Hin,m
34,कालांतर में आर्यों ने भारत में स्थायी जीवन प्रारंभ कर लिया|,0083,Hin,m
1,अपने जीवन का लक्ष्य निर्धारित करो | और सभी दूसरे विचार  को  अपने दिमाग से निकाल दो यही सफलता की पूंजी है |,0084,Hin,m
2,सफलता पाने के लिए हमें पहले विश्वास करना होगा की हम कर सकते हैं,0084,Hin,m
3,प्रधानमंत्री ने अपने साढ़े चार साल के कार्यकाल के दौरान बारह   वीं बार प्रोटोकॉल तोड़कर विदेशी मेहमान की अगवानी की है।,0084,Hin,m
4,कुछ लोग आखिरी सांसें गिन रहे थे।,0084,Hin,m
5,इससे पहले शनिवार को आधी रात बाद एक  सौ  सात पीसीएस और वरिष्ठ पीसीएस अफसरों के तबादले कर दिए।,0084,Hin,m
6,बेलगावी के स्कूल में पढ़ाने वाली जिलेखा बी ने पुलवामा हमले के मद्देनजर सोशल मीडिया पर लिखा- पाकिस्तान की जय हो ।,0084,Hin,m
7,"वहीं, दूसरी मुलाकात जुलाई दो  हज़ार अठारह    के दौरान दक्षिण अफ्रीका के जोहानिसबर्ग में ब्रिक्स सम्मेलन में हुई थी।",0084,Hin,m
8,पहला मुकाबला रेलवे और सौराष्ट्र  के बीच और दूसरा मुकाबला मध्य प्रदेश और पंजाब के बीच होलकर स्टेडियम में होगा।,0084,Hin,m
9,इस स्थिति में सूर्य की किरणें चंद्रमा पर सीधी पड़ती हैं।,0084,Hin,m
10,पीसीए ने देश के साथ एकजुटता दिखाने का फैसला किया।,0084,Hin,m
11,मंगलवार सुबह यहां उन्होंने त्रिवेणी में स्नान किया और जूना अखाड़े के आचार्य पीठाधीश्वर अवधेशानंद गिरि महाराज के कैंप में दर्शन व पूजन किया।,0084,Hin,m
12,"कहा केंद्र सरकार पाकिस्तान को अलग थलग करने की कोशिश में, चालीस  देशों केंद्र सरकार को मिला समर्थन",0084,Hin,m
13,इसी तरह एकता के ही सीरियल ‘डायन के अठारह  एपिसोड्स पर तीन करोड़ खर्च हो चुके हैं।,0084,Hin,m
14,पांच समझौते होने की उम्मीद ।,0084,Hin,m
15,प्रधानमंत्री नरेंद्र मोदी ने शुक्रवार को जी-ट्वेंटी  शिखर सम्मेलन से अलग चीन के राष्ट्रपति शी जिनपिंग से मुलाकात की।,0084,Hin,m
16,वही एक तस्वीरें में केेवल दूर तलक फैली रौशनी ही रौशनी नज़र आ रही है मानो तारें ज़मीं पर बिखरे हों।,0084,Hin,m
17,यहां बच्चे प्रोजेक्टर के जरिए प्रैक्टिकल करते हैं और तरह-तरह की चीजें बनाते हैं।,0084,Hin,m
18,इस आयोजन में देश के  एक  सौ   से अधिक जनजातीय समुदायों का प्रतिनिधित्व होगा।,0084,Hin,m
19,अब मैं प्रधानमंत्रीजी से उनका किया हुआ वादा निभाने की मांग कर रहा हूं ।,0084,Hin,m
20,इस हमले के दोषियों के खिलाफ उचित कार्रवाई की जाएगी ।,0084,Hin,m
21,इस दौरान कुल  सत्रह   मैच खेले जाएंगे।,0084,Hin,m
22,पहले भी बनते रहे हैं वीएफएक्स आधारित शोज,0084,Hin,m
23,"इतिहास गवाह है कि आर्यों को सैंधव सभ्यता के निवासियों से कुछ भी नहीं मिला, न दौलत, न सोना-चांदी|",0084,Hin,m
24,इससे खिन्न होकर आर्यों ने पूरी सैंधव सभ्यता को तहस-नहस कर दिया था|,0084,Hin,m
25,प्राचीन भारत के सभी इतिहासकार इस बात को एकमत से स्वीकारते हैं कि सिन्धु सभ्यता के विनाश में आर्यों का भी हाथ था|,0084,Hin,m
26,जब आर्यों को यहां कुछ भी हासिल नहीं हुआ तो उन्होंने गंगा-यमुना दो-आब की तरफ रुख किया तथा वहां ग्रामीण जीवन व्यतीत करने लगे|,0084,Hin,m
27,निशांत प्रोफेसर की बात अवाक्‌-सा सुन रहा था|,0084,Hin,m
28,बात पूरी हुई ही थी कि चाय आ गई|,0084,Hin,m
29,दोनों चाय पीते हुए वार्तालाप करने लगे|,0084,Hin,m
30,"'मान लें कि पतन का कारण केवल आर्य थे, पर ये लिपि व खजाने वाली बात कैसे साबित होती? ऐसा तो किसी इतिहासकार ने नहीं कहा', निशांत ने चाय पीते हुए कहा|",0084,Hin,m
31,प्रोफेसर लैपटॉप पर गूगल इमेज पर सिन्धु सभ्यता के अवशेष दिखाते हुए बोले- 'इसी बात पर तो मैंने इतने दिनों रिसर्च किया|,0084,Hin,m
32,अब तुम ध्यान से देखो|,0084,Hin,m
33,"इस पूरी सभ्यता में जितने भी संकेत मिले, उनमें सभी में तीन की संख्या कॉमन है|",0084,Hin,m
34,"प्रोफेसर ने निशांत को लैपटॉप की तरफ इशारा करते हुए सिन्धु सभ्यता के कुछ इमेज दिखाते हुए कहा, 'उस कूबड़ वाले सांड की मुहर को देखो|",0084,Hin,m
35,इसके ऊपर तीन खड़ी पाई के चिह्न का एक वर्ण उत्कीर्ण है|,0084,Hin,m
1,अपने जीवन का लक्ष्य निर्धारित करो | और सभी दूसरे विचार  को  अपने दिमाग से निकाल दो यही सफलता की पूंजी है |,0085,Hin,m
2,सफलता पाने के लिए हमें पहले विश्वास करना होगा की हम कर सकते हैं,0085,Hin,m
3,टोरंटो के एडिक्शन एंड मेंटल हेल्थ सेंटर ने यह दवा तैयार की है।,0085,Hin,m
4,"इस पूर्णिमा का धार्मिक महत्व तो है ही, वहीं खगोलशास्त्र में भी इसे बड़ी घटना माना जा है।",0085,Hin,m
5,कुछ समय बाद उसकी परफॉर्मेंस में अस्सी प्रतिशद  इजाफा हुआ।,0085,Hin,m
6,"हालांकि, ट्रम्प का कहना है कि सलमान से उनकी कोई बातचीत नहीं हुई।",0085,Hin,m
7,लेकिन कांग्रेस ने उस समय सिर्फ राजनीति और भोले-भाले किसानों को भड़काने के लिए इसे मुद्दा बनाया था ।,0085,Hin,m
8,यह उनका  सत्रह  वां दौरा है।,0085,Hin,m
9,मंगलवार के दिन त्रयोदशी का प्रदोष व्रत हो तो उस दिन के व्रत को करने से रोगों से मुक्ति व स्वास्थ्य लाभ प्राप्त होता है।,0085,Hin,m
10,उन्नीस  सौ छियासी     में नए फॉर्मेट से वर्ल्ड कप शुरू हुआ।,0085,Hin,m
11,चित्तौड़गढ़ जिले में आकोला से सटे ईंटाली से बारात आ रही थी।,0085,Hin,m
12,योजनाओं की समीक्षा की जा रही है और इनकी रिपोर्ट कार्ड तैयार की जा रही है ।,0085,Hin,m
13,इसमें देश की दस  शीर्ष टीमें चुनौती पेश करेंगी।,0085,Hin,m
14,पाकिस्तान क्रिकेट बोर्ड (पीसीबी) तस्वीरों के ढके जाने पर खेद जताया।,0085,Hin,m
15,उनके साथ मुख्यमंत्री योगी आदित्यनाथ के भी आने की संभावना है।,0085,Hin,m
16,ये दो मूल प्रकारों में आते हैं जो बीमारी पैदा करने वाले जीवों या पदार्थों को खोजने और नष्ट करने में कारगर होते हैं।,0085,Hin,m
17,संत रविदास जी का जन्म वाराणसी के पास के गांव में हुआ था।,0085,Hin,m
18,पीसीए देश से अलग नहीं है।,0085,Hin,m
19,प्रदोष व्रत कथा ।,0085,Hin,m
20,हॉलीवुड सीरीज के एक एपिसोड का खर्च  एक  सौ   करोड़ रुपए से ज्यादा,0085,Hin,m
21,सोना और ज्वेलरी आइटम की खरीदी बढ़ेगी।,0085,Hin,m
22,ये सुनकर महात्माजी हैरान हो गए ।,0085,Hin,m
23,यह किसी विशेष मुहर की ओर संकेत कर रहा है जिसका संबंध तीन की संख्या से है|,0085,Hin,m
24,ये तीन मुख वाला जानवर देखो|,0085,Hin,m
25,"तीन  मुख वाला पौधा, दो  बाघों के मध्य दोनों हाथ लंबे किए खड़ा मनुष्य- यह भी तीन  का संकेत है|",0085,Hin,m
26,मोहनजोदड़ो से प्राप्त विश्वप्रसिद्ध कांसे की नर्तकी के गले में तिमणिया माला भी किसी तीन की ओर संकेत कर रही|,0085,Hin,m
27,यहीं से मिले योगी की शॉल पर बने त्रिफलक भी उसी ओर का इशारा हैं|,0085,Hin,m
28,ये सभी किसी रहस्यमयी मुहर की तरफ इशारा करते पहेलीनुमा संकेत हैं|,0085,Hin,m
29,प्रोफेसर की इतिहास संबंधी भारी-भरकम बातें शायद निशांत के ऊपर से निकल रही थीं|,0085,Hin,m
30,पास में बैठा कुत्ता भी उठकर बाहर की ओर चला गया|,0085,Hin,m
31,शायद वो भी बोर हो रहा था|,0085,Hin,m
32,'तो आखिर वो रहस्यमयी मुहर कौन-सी है? जिस तरफ ये संकेत हैं|,0085,Hin,m
33,' निशांत ने कहा| 'वो रहस्यमयी मुहर यहां से मिली पशुपति शिव की मुहर है|,0085,Hin,m
34,' प्रोफसर आगे भी कुछ बोलते इतने में निशांत उछला|,0085,Hin,m
35,'क्या बात करते हो? वो पशुपति वाली मुहर कैसे हो सकती? तुम ऐसा कैसे कह सकते? और उसमें तीन-तीन के ऐसे क्या संकेत मिले?' निशांत ने शंका जाहिर की|,0085,Hin,m
1,अपने जीवन का लक्ष्य निर्धारित करो | और सभी दूसरे विचार  को  अपने दिमाग से निकाल दो यही सफलता की पूंजी है |,0086,Hin,m
2,सफलता पाने के लिए हमें पहले विश्वास करना होगा की हम कर सकते हैं,0086,Hin,m
3,संतान प्राप्ति की कामना हो तो शनिवार के दिन पड़ने वाला प्रदोष व्रत करना चाहिए।,0086,Hin,m
4,जैश के दो आतंकी मारे गए थे।,0086,Hin,m
5,इस बार ये व्रत रविवार है।,0086,Hin,m
6,"नेशनल राइफल एसोसिएशन के अध्यक्ष रनिंदर सिंह ने कहा, भारतीय शूटर कर्णी सिंह शूटिंग रेंज को अच्छे से जानते हैं।",0086,Hin,m
7,आयुर्वेद में इस स्थिति को वात दोष कहा गया है।,0086,Hin,m
8,"क्राउन प्रिंस के दो दिवसीय दौरे में दोनों देशों के बीच सुरक्षा, सहयोग और नौसैनिक अभ्यास जैसे मामलों पर चर्चा होगी।",0086,Hin,m
9,दो साल पहले निखत के कंधे की सर्जरी हुई थी।,0086,Hin,m
10,"वीके सिंह बोले कि लोग अभी तक प्रधानमंत्री नरेंद्र मोदी के मन की बात सुनते थे, लेकिन अब प्रधानमंत्री लोगों के मन की बात सुनेंगे ।",0086,Hin,m
11,"जुलाई, दो  हज़ार सत्रह  : दूसरी बार बार भारत दौरे पर आए जापानी पीएम शिंजो आबे के साथ अहमदाबाद में रोड शो।",0086,Hin,m
12,"मोदी ने जिनपिंग से कहा, मैं अगले साल एक अनौपचारिक सम्मेलन के तहत आपको आमंत्रित करने के बारे में सोच रहा था।",0086,Hin,m
13,माघी पूर्णिमा की सुबह स्नान आदि करने के बाद भगवान विष्णु की पूजा करें।,0086,Hin,m
14,साथ ही सभी टीचर्स रोज जाकर बच्चों को इकट्ठा करते हैं और उन्हें स्कूल लाते हैं।,0086,Hin,m
15,इसलिए खास है ये तिथि ।,0086,Hin,m
16,इस वर्ष उनका छह सौ बयालीस  वां जन्मदिवस मनाया जा रहा है।,0086,Hin,m
17,इस विधि से करें शिवजी की पूजा ।,0086,Hin,m
18,उनका प्रदर्शन खास नहीं रहा था और वे आठ मैच में पैंसठ  रन ही बना सके थे।,0086,Hin,m
19,इससे हर तरह के पाप खत्म हो जाते हैं।,0086,Hin,m
20,इनमें विजुअल इफेक्ट्स (वीएफएक्स) पर बड़े पैमाने पर खर्च हो रहा है।,0086,Hin,m
21,रिसर्च के दौरान स्ट्रेस होने पर चूहे की याददाश्त में कमी आने पर नई दवा दी गई।,0086,Hin,m
22,डिफेंडिंग चैम्पियन अमित पंघाल ने बुल्गारिया के सोफिया में चल रही सत्तर वें स्ट्रांजा मेमोरियल इंटरनेशनल बॉक्सिंग चैम्पियनशिप में लगातार दूसरे साल स्वर्ण पदक जीत लिया है।,0086,Hin,m
23,प्रोफेसर आपनी बात को आगे बढ़ाते हुए बोले- 'इस मुहर को ध्यान से देखो|,0086,Hin,m
24,"इसमें तीन-तीन के समूह में कुल छह अक्षर, तीन-तीन  के समूह में  छह जानवर और इन सबके मध्य तीन सींगधारी एक व्यक्ति तपस्यारत है, जिसे ही इतिहासकार जॉन मार्शल ने 'आद्य शिव' की संज्ञा दी थी|",0086,Hin,m
25,निशांत पर प्रोफेसर की बातों का प्रभाव जमता जा रहा था|,0086,Hin,m
26,वह उत्सुकता से सुनता जा रहा था|,0086,Hin,m
27,प्रोफेसर- 'इससे यह तो साबित हो गया कि रहस्यमयी मुहर यही है किंतु मेरे सामने बड़ी चुनौती यह थी कि आखिर इस मुहर पर लिखा क्या है? मोहनजोदड़ो नगर से मिली इस मुहर के ऊपर कुल छह अक्षर लिखे हैं जिनको मैं पिछले कई महीनों से पढ़ने का प्रयास कर रहा था किंतु आज शाम को अचानक मुझे सफलता मिली|,0086,Hin,m
28,जब इनको सही-सही पढ़ पाया तो इन छह अक्षरों का आशय इस प्रकार निकला- 'मुहर मिलेगा दीजिए रहस्य पीछे ध्यान'|,0086,Hin,m
29,प्रोफेसर की बात पूरी हुई ही थी कि निशांत बोल उठा- 'अब इसका क्या मतलब हुआ?',0086,Hin,m
30,'जब मैंने इनको सार्थक क्रम में रखा तो कुछ इस प्रकार वाक्य बना- 'ध्यान दीजिए मिलेगा रहस्य मुहर पीछे|,0086,Hin,m
31,प्रोफेसर की पूरी बात सुन निशांत के चेहरे के हावभाव उड़-से गए थे|,0086,Hin,m
32,इक्कीसवीं शताब्दी की सबसे बड़ी खोज होने वाली थी|,0086,Hin,m
33,इस रहस्य से पर्दा उठ जाता तो हम इस सभ्यता को अच्छे से समझ पाते|,0086,Hin,m
34,"संभव था इसका दार्शनिक पक्ष मिस्र, मेसोपोटामिया, रोम व यूनान की सभ्यता को भी पीछे छोड़ता|",0086,Hin,m
1,अपने जीवन का लक्ष्य निर्धारित करो | और सभी दूसरे विचार  को  अपने दिमाग से निकाल दो यही सफलता की पूंजी है |,0087,Hin,m
2,सफलता पाने के लिए हमें पहले विश्वास करना होगा की हम कर सकते हैं,0087,Hin,m
3,"इसमें शामिल महत्वपूर्ण कोशिकाओं में से एक सफेद रक्त कोशिकाएं हैं, जिन्हें ल्यूकोसाइट्स भी कहा जाता है।",0087,Hin,m
4,पीएम जनता को जोड़ना चाहते साथ  ।,0087,Hin,m
5,वे पिछली बार किंग्स इलेवन पंजाब के लिए खेले थे।,0087,Hin,m
6,पुलिस ने बताया कि हमें पापरी बनर्जी नाम की प्रोफेसर के खिलाफ शिकायत मिली थी कि उसने फेसबुक पोस्ट में लिखा था कि जम्मू-कश्मीर में सुरक्षाबलों द्वारा आम नागरिकों पर अत्याचार किया जाता है ।,0087,Hin,m
7,बाला बच्चन की सफाई ।,0087,Hin,m
8,गर्भवती होने का निर्णय लेना किसी भी महिला के लिए जीवन का एक महत्वपूर्ण निर्णय होता है।,0087,Hin,m
9,"माघी पूर्णिमा यानी हिन्दू कैलेण्डर के अनुसार माघ महीने में पड़ने वाली पूर्णिमा उन्नीस  फरवरी, मंगलवार को है।",0087,Hin,m
10,प्रदेश अध्यक्ष राकेश सिंह ने कहा कि मंदसौर गोलीकांड को लेकर भाजपा का शुरू से ये कहना रहा है कि वहां पुलिस ने उपद्रवियों की भीड़ पर आत्मरक्षा में गोलियां चलाई थीं ।,0087,Hin,m
11,संजीव गुप्ता पुलिस महानिरीक्षक अयोध्या बनाए गए।,0087,Hin,m
12,अर्जेंटीना में हो रहे जी-ट्वेंटी   शिखर सम्मेलन में वे शुक्रवार को पहुंचे।,0087,Hin,m
13,"इस बार ये दिन मंगलवार, उन्नीस  फरवरी को है।",0087,Hin,m
14,शूटिंग का पहला इंटरनेशनल फेडरेशन  उन्नीस  सौ सात     में बना।,0087,Hin,m
15,ठीक इसी तरह लाइब्रेरी से किताब खरीदने का सिस्टम भी बनाया गया है।,0087,Hin,m
16,"वहीं, स्लोवेनिया के छप्पन  साल के रेजमंड डेबेवेच सबसे उम्रदराज शूटर हैं।",0087,Hin,m
17,माघी पूर्णिमा पर भगवान विष्णु की पूजा और व्रत करना चाहिए।,0087,Hin,m
18,"दिल से जुड़ रहे लोग, सजा की तय सीमा से ज्यादा काम कर रहे हैं : कई मामलों में जुर्माने के तौर पर याचिकाकर्ता को अनाथाश्रम भेजा जाता है।",0087,Hin,m
19,हमले के विरोध में नाराजगी जताई: सीसीआई अध्यक्ष ।,0087,Hin,m
20,मोदी कुछ परियोजनाओं का शिलान्यास भी करेंगे।,0087,Hin,m
21,उसके बाद अपने गुरु के जीवन से जुड़ी महान घटनाओं को याद कर उनसे प्रेरणा लेते हैं।,0087,Hin,m
22,इस दिन सुबह स्नान करने के बाद भगवान शिव की पूजा करनी चाहिए।,0087,Hin,m
23,पर अब क्या हो सकता? अब कुछ नहीं हो सकता|,0087,Hin,m
24,रहस्य भी गया और मुहर भी गई|,0087,Hin,m
25,अब तो उस रहस्यात्मक गुप्त स्थान का पता भी गया|,0087,Hin,m
26,प्रोफेसर उदास होकर धम से बैठ गए|,0087,Hin,m
27,जीवनभर हम जिस मंजिल के पीछे भागते-फिरते रहे और अंत में जब हमें ज्ञात होता कि हाथ कुछ नहीं आया तो कितनी निराशा होती है|,0087,Hin,m
28,ये केवल प्रोफेसर ही इस वक्त बेहतर समझ सकते थे|,0087,Hin,m
29,निशांत भी उदास हो गया|,0087,Hin,m
30,उसको भी इतिहास से काफी लगाव था|,0087,Hin,m
31,हम सभी को अपने इतिहास से लगाव होता है|,0087,Hin,m
32,चारों तरफ सन्नाटा छाया हुआ था|,0087,Hin,m
33,घड़ी में रात के दस  बज चुके थे|,0087,Hin,m
34,अचानक कमिश्नर साहब के मोबाइल पर घंटी बजी|,0087,Hin,m
35,"उन्होंने कॉल रिसीव किया- 'सर, मैं नई दिल्ली का थाना प्रभारी दलपत सिंह बोल रहा हुं|",0087,Hin,m
1,अपने जीवन का लक्ष्य निर्धारित करो | और सभी दूसरे विचार  को  अपने दिमाग से निकाल दो यही सफलता की पूंजी है |,0088,Hin,m
2,सफलता पाने के लिए हमें पहले विश्वास करना होगा की हम कर सकते हैं,0088,Hin,m
3,"वित्तीय मामलों के सचिव टीएस त्रिमूर्ति ने कहा, प्रिंस के इस दौरे के वक्त दोनों देशों के बीच पांच समझौतों पर हस्ताक्षर होने की उम्मीद है।",0088,Hin,m
4,कला परिषद शबाना की इच्छा का सम्मान करती है।,0088,Hin,m
5,आज का चंद्रमा ज्यादा चमकीला दिखेगा जिसे स्नोमून भी कहा जा रहा है।,0088,Hin,m
6,इसके लिए सरकार ने कई कल्याणकारी योजनाएं शुरू की है ।,0088,Hin,m
7,"कार सवार प्रांजल त्रिपाठी और अभ्युदय मिश्रा रविवार की देर रात करीब दो बजे सेक्टर छह स्थित पांटून पुल पन्द्रह    की तरफ जा रहे थे, तभी अनियंत्रित होकर कार नदी में गिर गई।",0088,Hin,m
8,रूस के सोवेरियन वेल्थ फंड के प्रमुख किरिल दिमित्री ने बताया कि शनिवार को भी पुतिन और क्राउन प्रिंस सलमान की मुलाकात करेंगे।,0088,Hin,m
9,हादसे के बाद ट्रक चालक फरार हो गया।,0088,Hin,m
10,जल का कारक ग्रह चंद्रमा होता है।,0088,Hin,m
11,इसके लिए सभी टीमें इंदौर पहुंच चुकी हैं।,0088,Hin,m
12,जीवनसाथी का मान-मर्यादा का ख्याल रखना आपकी जिम्मेदारी होती है।,0088,Hin,m
13,लेकिन मैं जिस तरह की इंसान हूं उसके लिए खुशी ज्यादा मायने रखती है ।,0088,Hin,m
14,इस खर्च से चैनल्स को थोड़ा नुकसान भी उठाना पड़ रहा है।,0088,Hin,m
15,भगवान शिव ने उस दोष का निवारण कर उन्हें त्रयोदशी के दिन पुन:जीवन प्रदान किया अत: इसीलिए इस दिन को प्रदोष कहा जाने लगा।,0088,Hin,m
16,"भारत के आठ शूटर हैं, जो पहली बार उतरेंगे।",0088,Hin,m
17,"लेकिन अभी भी आपके मन में घबराहट और त्वचा में  सूखापन  है, और आप नींद और गैस संबंधी परेशानियों से जूझ रहीं हैं।",0088,Hin,m
18,सिर्फ वोट के लिए उठाए थे मुद्दे  ।,0088,Hin,m
19,"यह पाचन के लिए भी अच्छा है, क्योंकि इसमें आंतों को साफ करने के गुण होते हैं।",0088,Hin,m
20,सत्रह   फरवरी को शुक्ल पक्ष की त्रयोदशी तिथि है।,0088,Hin,m
21,इस ग्रुप में मध्य प्रदेश सहित पांच टीमें चुनौती पेश करेंगी।,0088,Hin,m
22,"नौकरी के साथ भी, नौकरी के बाद भी",0088,Hin,m
23,जिस म्यूजियम में चोर घुसे थे उसकी सीसी टीवी फुटेज मिल गई|,0088,Hin,m
24,"उसको देखने से स्पष्ट हुआ कि चोर किसी विशिष्ट वस्तु को ढूंढ रहे थे, जो शायद उनको नहीं मिली|",0088,Hin,m
25,वे बिना चोरी किए लौट गए|,0088,Hin,m
26,"हालांकि हम उनको पहचान नहीं पाए, क्योंकि उन्होंने काले कपड़े का नकाब पहन रखा था, पर जांच जारी है|",0088,Hin,m
27,निशांत एकदम से उठ खड़ा हुआ| 'क्या चोर कुछ नहीं ले गए?',0088,Hin,m
28,'हां सर| 'तो फिर वो मुहर... मेरी म्यूजियम प्रभारी से अभी बात कराओ|,0088,Hin,m
29,' निशांत ने फोन चालू रखा|,0088,Hin,m
30,दलपत सिंह ने पास ही खड़े म्यूजियम प्रभारी को फोन दिया|,0088,Hin,m
31,"'यस सर, मैं म्यूजियम प्रभारी आरके त्रिपाठी बोल रहा हूं' फोन से आवाज आई|",0088,Hin,m
32,"'त्रिपाठीजी, आपके म्यूजियम के अंदर जो सिन्धु घाटी सभ्यता की मुहरें रखी गई थीं, वे अभी कहां हैं?' निशांत ने पूछा|",0088,Hin,m
33,"'सर, वे तो कल से राष्ट्रपति भवन में तीन दिन की प्रदर्शनी हेतु गई हुई हैं|",0088,Hin,m
34,' त्रिपाठी ने पूरे आत्मविश्वास से सधे एवं शांत स्वर में जवाब दिया|,0088,Hin,m
35,'क्या...?' फोन काटते हुए निशांत उछल पड़ा|,0088,Hin,m
1,अपने जीवन का लक्ष्य निर्धारित करो | और सभी दूसरे विचार  को  अपने दिमाग से निकाल दो यही सफलता की पूंजी है |,0089,Hin,m
2,सफलता पाने के लिए हमें पहले विश्वास करना होगा की हम कर सकते हैं,0089,Hin,m
3,आज के चंद्रमा का धार्मिक महत्व,0089,Hin,m
4,शुक्राचार्य महान ज्ञानी के साथ-साथ एक अच्छे नीतिकार भी थे।,0089,Hin,m
5,कई याचिकाकर्ता इन स्थानों पर जाने के बाद आदेश में लिखी सीमा से अधिक कार्य करते हैं और इस पुण्य कार्य से दिल से जुड़ जाते हैं।,0089,Hin,m
6,दिन भर कुछ खाए नहीं।,0089,Hin,m
7,कहते हैं माघ पूर्णिमा पर ही सभी देवता पृथ्वी पर आते हैं और स्नान करते हैं यही कारण है कि इस दिन पवित्र नदियों में स्नान करते हैं।,0089,Hin,m
8,देश की जनता इसे भर कर प्रधानमंत्री को भेज सकते है ।,0089,Hin,m
9,भले ही कोई आपका कितना भी भरोसेमंद हो लेकिन जितना बेहतर आप उनका ध्यान रख सकते हैं उतना कोई और नहीं रख सकता।,0089,Hin,m
10,एप ‘भारत के वीर’ के जरिए शहीदों के परिवार को मदद : कोर्ट के आदेशों में कई लोगों को गृह मंत्रालय के मोबाइल एप ‘भारत के वीर’ के जरिए शहीदों के परिवार को आर्थिक सहायता देने के निर्देश भी दिए गए हैं।,0089,Hin,m
11,भारत-पाक के बीच इस मैदान पर आखिरी मैच दो  हज़ार ग्यारह वर्ल्ड कप में खेला गया था।,0089,Hin,m
12,वैज्ञानिकों ने वेलियम ड्रग को और बेहतर बनाकर दवा के रूप में पेश किया है।,0089,Hin,m
13,ये दुर्भाग्यपूर्ण है और शायद ऐसा देश में कहीं नहीं हुआ कि प्रोटेम स्पीकर ने एकपक्षीय फैसला ले लिया हो ।,0089,Hin,m
14,इस दौरान दोनों पड़ोसी देशों ने चर्चा की कि द्विपक्षीय रिश्ते कैसे मजबूत किए जाएंगे।,0089,Hin,m
15,"भारतीय टीवी इंडस्ट्री में वीएफएक्स कितनी ही तेजी से क्यों न बढ़ रहे हों, हॉलीवुड सीरीज से अभी बहुत पीछे हैं।",0089,Hin,m
16,उस समय मैंने उनसे विचार कर बताने के लिए कहा था ।,0089,Hin,m
17,मैं पूछना चाहता हूं कि  उन्नीस  सौ निन्यानवे   के कंधार की घटना में शामिल लोगों को किसने रिहा किया? इसकी जिम्मेदारी किसकी है? हमारी जंग उनके खिलाफ है।,0089,Hin,m
18,ओंकार सिंह मुख्यालय पुलिस महानिदेशक उत्तर प्रदेश से संबंध किए गए हैं।,0089,Hin,m
19,इसलिए इस तिथि का विशेष महत्व धर्म ग्रंथों में बताया गया है।,0089,Hin,m
20,"मिशेल के मुताबिक, इसके बाद उन्होंने एक स्कूल से संपर्क कर एल्युमिनियम कलेक्शन प्रोग्राम रखा।",0089,Hin,m
21,युवराज को इंडियन प्रीमियर लीग (आईपीएल) की टीम मुंबई इंडियंस ने इस सीजन के लिए एक  करोड़ रुपए में खरीदा है।,0089,Hin,m
22,... मेरे ये फोटू याद रखना ..,0089,Hin,m
23,साथ में प्रोफेसर भी उत्सुकता से उठ खड़े हुए|,0089,Hin,m
24,"निशांत ने कहा- 'यार विजय, वो मुहरें तो कल प्रदर्शनी हेतु महामहिम के यहां गई हुई हैं|",0089,Hin,m
25,प्रोफेसर की जान में जान आई|,0089,Hin,m
26,निशांत ने राष्ट्रपति भवन कार्यालय के सुरक्षा इंचार्ज को फोन लगाया- 'जय हिन्द सर... सुरक्षा प्रमुख पीके मिश्रा बोल रहा हुं' फोन से आवाज आई|,0089,Hin,m
27,'जय हिन्द... मैं पुलिस कमिश्नर निशांत बोल रहा हुं|,0089,Hin,m
28,"मिश्राजी, आपके अधीन तीन दिवसीय प्रदर्शनी हेतु दिल्ली म्यूजियम से कुछ प्राचीन मुहरें आई थीं, क्या वे सभी सुरक्षित हैं?' निशांत ने एक श्वास में पूछ लिया|",0089,Hin,m
29,"'जी सर, वे सभी सुरक्षित हैं और मैं उनके पास ही खड़ा हुं| ' मिश्रा ने कहा|",0089,Hin,m
30,'जरा देखकर बताना कि उनमें पशुपति शिव की तीन सींगों वाली मुहर है क्या? और उसके पीछे भी कुछ उत्कीर्ण है क्या?' निशांत तसल्ली करना चाह रहा था|,0089,Hin,m
31,"सिपाही ने फोन चालू रखा और इतमीनान से देखकर जवाब दिया- 'जी हां, सर मुहर सुरक्षित हैं और पीछे छोटे अक्षरों में कुछ लिखा तो है...",0089,Hin,m
32,कोई रहस्यात्मक लिपि लग रही है और नीचे एक छोटे नक्शे की तरह कुछ दिख रहा है|,0089,Hin,m
33,"'हम अभी आएं, तब तक आप वहीं उसके पास मुस्तैद रहिएगा|  जय हिन्द!'",0089,Hin,m
34,निशांत ने मुस्कुराते हुए मिश्राजी को कहा और फोन रखकर जोर से चिल्लाने लगा- 'यार... मेरे दोस्त विजय... तुम्हारी खोज एकदम सही है... और वे मुहरें भी सुरक्षित हैं... साथ में रहस्य भी|,0089,Hin,m
35,निशांत एवं प्रोफेसर खुशी के मारे कूद पड़े| दोनों कार की तरफ भागे...|,0089,Hin,m
36,"'जीवन में सच्चे मन से कोई चीज चाहो, फिर उस पर दृढ़ विश्वास रखो तो सफलता निश्चित ही मिलती है|",0089,Hin,m
1,अपने जीवन का लक्ष्य निर्धारित करो | और सभी दूसरे विचार  को  अपने दिमाग से निकाल दो यही सफलता की पूंजी है |,0090,Hin,m
2,सफलता पाने के लिए हमें पहले विश्वास करना होगा की हम कर सकते हैं,0090,Hin,m
3,सेवा और वफादारी के प्रति आपकी प्रतिबद्धता को सलाम।,0090,Hin,m
4,सिल्वर मेडल जीत चुके पति- पत्नी क्रिस्टियन-सेंड्रा भी उतरेंगे,0090,Hin,m
5,इक्कीस  को ओपनिंग सेरेमनी होगी।,0090,Hin,m
6,"दिल्ली पुलिस की सेवा में जितनी भी क्रेन तैनात हैं, उन सभी का संचालन सेवानिवृत्त पुलिस अधिकारी या उनके रिश्तेदार कर रहे हैं।",0090,Hin,m
7,माघ पूर्णिमा पर सूर्योदय से पहले जल में भगवान का तेज रहता है जो पापों का शमन करता है।,0090,Hin,m
8,यह गर्भाशय को फिर से पुराने आकार में लौटाने का काम करता है।,0090,Hin,m
9,भोजन के दौरान उनके साथ योग गुरु बाबा रामदेव भी नजर आए।,0090,Hin,m
10,लेकिन अभ्युदय का पता नहीं चल पा रहा था।,0090,Hin,m
11,यहां उन्होंने एक साथ त्रिवेणी संगम में आस्था की डुबकी लगाई।,0090,Hin,m
12,फिलहाल वहां से बीजेपी में केवल दो सांसद हैं- एस एस अहलूवालिया और बाबुल सुप्रियो ।,0090,Hin,m
13,दोनों की यह तस्वीर सोशल मीडिया पर वायरल हो रही है।,0090,Hin,m
14,दिनेश त्रिवेदी थे।,0090,Hin,m
15,निवेश पर चर्चा करेंगे सऊदी और रूस,0090,Hin,m
16,यह देखकर मैं तो बुरी तरह डर गया।,0090,Hin,m
17,प्रतिरक्षा प्रणाली संक्रामक रोगाणुओं और अन्य हानिकारक सूक्ष्मजीवों के खिलाफ शरीर की रक्षा करती  है।,0090,Hin,m
18,दिल्ली में हैं जयशंकर ।,0090,Hin,m
19,उनका यह दौरा पुलवामा हमले के पांच दिन बाद हो रहा है ऐसे में प्रधानमंत्री नरेंद्र मोदी उनके सामने आतंकवाद का मुद्दा भी उठा सकते हैं।,0090,Hin,m
20,"हितेश बताते हैं कि जो मजदूर आए हैं, उनमें से कइयों के बच्चे अपने शहरों में पढ़ाई कर रहे थे।",0090,Hin,m
21,"मैं जानता हूं कि आधे से अधिक राजद के विधायकों की स्वर्ण आरक्षण पर सहमति है, लेकिन इन्हें हंगामा करने के लिए रांची से आदेश आया है।",0090,Hin,m
22,"रोहित शर्मा ने लिखा, जो हुआ उससे हैरान और भयभीत हूं।",0090,Hin,m
23,आज परीक्षा का पहला दिन था|  नीला ने पूरी तैयारी कर ली थी|,0090,Hin,m
24,"वो होनहार छात्रा थी, उसमें व अव्या में होड़ लगी रहती कक्षा में प्रथम आने की और उसके लिए दोनो कड़ी मेहनत करते थे|",0090,Hin,m
25,"यूं तो नीला को अपनी मेहनत पर पूरा यकीन था, पर जाने क्यों उसे अपनी नीली कुर्ती पर अपनी मेहनत से ज्यादा यकीन था|",0090,Hin,m
26,"उसे लगता कि जब भी वह नीली कुर्ती पहनेगी, उसके हर काम सफल होंगे, चाहे वो पढ़े या न पढ़े|",0090,Hin,m
27,"मां ने कोशिश तो बहूत की, कि नीला के मन से यह वहम निकल जाए, पर वो भी नीला का यह विश्वास न डिगा पाई|",0090,Hin,m
28,कल रात ही नीला ने वो कुर्ती धो कर प्रेस कर ली थी|,0090,Hin,m
29,अब उसे परीक्षा में प्रथम आने से कोई न रोक पाएगा|,0090,Hin,m
30,कुरती बदरंग हो चुकी थी और कई जगहों से घिस गई थी पर नीला पर तो भूत सवार था|,0090,Hin,m
31,मां को यही लगता कि लोग यही कहेंगे कि बिटिया को ढंग की कुरती भी नहीं दिला पाए|,0090,Hin,m
32,पहला पेपर गणित का था|  जरुरत से ज्यादा जागने और पढ़ लेने का नतीजा यह हुआ कि नीला की आंखें नींद से भारी होने लगी और उसके सवाल हो गए गलत|,0090,Hin,m
33,समय पर पूरा पेपर भी हल न हो पाया|,0090,Hin,m
34,नीला ने दो-तीन बार अपनी कुर्ती चेक की|,0090,Hin,m
35,"वही कुर्ती है न!!!! कहीं बदल तो नहीं गई, तो उसका पेपर ठीक न हो पाएगा|",0090,Hin,m
36,"पर कुरती तो वही थी, उसकी पसंद की|  नीला का वो भ्रम अब टुटने लगा था|",0090,Hin,m
37,उसकी नीली कुरती अब वाकई पुरानी होने लगी थी|  उसका वो 'जादू' अब खत्म हो गया था|,0090,Hin,m
1,अपने जीवन का लक्ष्य निर्धारित करो | और सभी दूसरे विचार  को  अपने दिमाग से निकाल दो यही सफलता की पूंजी है |,0091,Hin,f
2,सफलता पाने के लिए हमें पहले विश्वास करना होगा की हम कर सकते हैं,0091,Hin,f
3,खगोल विज्ञान में पृथ्वी के सबसे करीब रहने वाले चंद्रमा को सुपरमून कहा जाता है।,0091,Hin,f
4,"वहीं, वन मंत्री उमंग सिंघार ने जानकारी दी थी कि पूर्ववर्ती भाजपा सरकार के कार्यकाल में नर्मदा किनारे हुए पौधरोपण में किसी तरह की गड़बड़ी नहीं हुई ।",0091,Hin,f
5,"कोई भी आतंकी घटना किसी रणनीति के तहत नहीं होती है, इसके लिए आतंकी मौके की तलाश में रहते हैं, जबकि देश की सुरक्षा से लिए सुरक्षा कर्मी तीन सौ पैंसठ  दिन बचाव में रहते है ।",0091,Hin,f
6,"संकल्प के मसौदे में एक वाक्य में कहा गया था कि सभी राज्य सरकारों को सलाह दी जाएगी कि वे पाकिस्तान के खिलाफ कोई कार्रवाई करने के लिए भारत सरकार को पूर्ण समर्थन दें, लेकिन तृणमूल कांग्रेस ने कहा कि सैन्य कार्रवाई के लिए राज्य सरकार शब्द का प्रयोग न किया जाए।",0091,Hin,f
7,उम्मीद करता हूं घायल जवान जल्दी ठीक होंगे।,0091,Hin,f
8,"फैंटेसी सीरीज मनमोहिनी के लीड एक्टर अंकित सिवाच बताते हैं कि आमतौर पर एक्टर्स की  बारह   घंटे की शिफ्ट होती है, लेकिन सुपर नैचुरल शो के लिए एक्टर को चौदह  से पन्द्रह    घंटे कैमरे के सामने बिताने होते हैं और शूटिंग भी काफी अलग होती है क्योंकि क्रोमा (हरे रंग का पर्दा) के सामने एक्टिंग करनी होती है।",0091,Hin,f
9,एमबी अस्पताल में अपने पिता का इलाज करा रहे हरिराम ने बताया कि बिंदोली में एक  सौ   से एक  सौ पचास   लोग थे।,0091,Hin,f
10,अरबाज खान और मलाइका अरोड़ा खान का तलाक सबसे ज्यादा चर्चा में था ।,0091,Hin,f
11,इसमें भाजपा लोगों को एक फार्म देगी ।,0091,Hin,f
12,इसमें पचास  से ज्यादा वर्ल्ड और ओलिंपिक चैम्पियन हैं।,0091,Hin,f
13,इस आरोप को मैं बिलकुल नहीं मानता हूं ।,0091,Hin,f
14,विजय गोयल अपनी पत्नी के साथ आए थे।,0091,Hin,f
15,"क्राउन प्रिंस के दौरे से पहले सऊदी अरब के विदेश मंत्री एडल-अल-जुबैर ने कहा, ‘‘रियाद भारत-पाकिस्तान के बीच तनाव कम करने की कोशिश करेगा, जो पुलवामा हमले के बाद बहुत बढ़ गया है।’’",0091,Hin,f
16,वे मैन ऑफ द मैच चुने गए थे।,0091,Hin,f
17,"ये वे सेक्टर हैं, जहां मजदूर वर्ग के कैम्प बने हैं।",0091,Hin,f
18,आज की यह मुलाकात दोनों देशों के संबंधों की मजबूती को नई दिशा देगी।,0091,Hin,f
19,भारतीय क्रिकेट टीम से बाहर चल रहे युवराज सिंह एयर इंडिया के लिए दोस्ताना मैच खेलने माले गए थे।,0091,Hin,f
20,दोनों का एक बेटा अरहान भी है ।,0091,Hin,f
21,"जनवरी, दो  हज़ार सोलह : फ्रांस के राष्ट्रपति ओलांद का चंडीगढ़ में स्वागत।",0091,Hin,f
22,सूर्यास्त के बाद घर की छत पर भी एक दीपक अवश्य जलाएं।,0091,Hin,f
23,नीले आकाश में बादलों और सूरज के बीच ट्वेंटी-ट्वेंटी का मैच चल रहा था|,0091,Hin,f
24,कभी बादलों के बीच सूरज छिप जाता तो लगता बादल जीतने की स्थिति में आ रहे हैं और यदि बादलों को चीरकर अरुणदेव प्रकाशमान हो जाते तो लगता वे जीत के करीब हैं|,0091,Hin,f
25,"मैं दर्शक दीर्घा में खड़ा इस मैच को देख रहा था कि सामने की बालकनी से उसकी आवाज को सुना- अरे हैंडसम, आज कॉफी-डे में तुम कॉफी पिलाओगे या नहीं? तुम कम से मुझे टरका रहे हो?",0091,Hin,f
26,मैंने बगल की बालकनी की तरफ झांककर देखा|,0091,Hin,f
27,चांद बालकनी में निकला हुआ था|,0091,Hin,f
28,सूरज उससे शरमाकर फिर बादलों की गोद में छिप गया था|,0091,Hin,f
29,मैंने धीरे से कहा- आज कॉफी जरूर पिलाऊंगा|,0091,Hin,f
30,मौसम भी यही दरख्वास्त कर रहा है|,0091,Hin,f
31,थोड़ी देर में मैं उसके साथ कॉफी-डे में बैठा था|,0091,Hin,f
32,थोड़ी देर में मैं उसके साथ कॉफी-डे में बैठा था|,0091,Hin,f
33,"वह बोले जा रही थी- तुम्हें मालूम है, जल्दी ही मौसी आने वाली हैं|",0091,Hin,f
34,वो ढेर सारा विदेशी सामान मेरे लिए लाएंगी|,0091,Hin,f
1,अपने जीवन का लक्ष्य निर्धारित करो | और सभी दूसरे विचार  को  अपने दिमाग से निकाल दो यही सफलता की पूंजी है |,0092,Hin,f
2,सफलता पाने के लिए हमें पहले विश्वास करना होगा की हम कर सकते हैं,0092,Hin,f
3,पुलिस ने एक अन्य कश्मीरी युवक आबिद मलिक के खिलाफ केस दर्ज किया है ।,0092,Hin,f
4,"अप्रैल, दो  हज़ार सत्रह  : बांग्लादेश की पीएम शेख हसीना की दिल्ली में अगवानी।",0092,Hin,f
5,"एक साल बाद जब महात्माजी फिर से रविदासजी के पास पहुंचे तो उन्होंने देखा कि उसकी हालत तो वैसी की वैसी है, जैसी एक साल पहले थी ।",0092,Hin,f
6,युवराज आईपीएल में मुंबई इंडियंस के लिए खेलेंगे ।,0092,Hin,f
7,"संत रविदास ने कहा कि महाराज अगर मैं बहुत सारा सोना बना लेता तो उसकी रखवाली कौन करता, मैं धनवान हो जाता और निर्धनों को दान देता तो धीरे-धीरे क्षेत्र में प्रसिद्ध हो जाता ।",0092,Hin,f
8,"संक्षेप में यह कि चंद्र को क्षय रोग था, जिसके चलते उन्हें मृत्युतुल्य कष्टों हो रहा था।",0092,Hin,f
9,देर रात भाजपा के प्रदेश अध्यक्ष राकेश सिंह ने गौर को अनुशासन में रहने की चेतावनी दी थी ।,0092,Hin,f
10,सुपर सेक्युलर ममता बनर्जी,0092,Hin,f
11,इसका मकसद यह है कि आने वाले समय में ग्लोबल वॉर्मिंग और रिसाइक्लिंग के बारे में युवा पीढ़ी ज्यादा जागरुक रहे।,0092,Hin,f
12,दिग्विजय सिंह के बयान के बाद गृहमंत्री बाला बच्चन ने कहा कि मैंने पूर्व मुख्यमंत्री दिग्विजय सिंह से बात करके उन्हें पूरी जानकारी दी है ।,0092,Hin,f
13,पारस पत्थर को जैसे ही लौहे के औजारों पर लगाया तो वे सभी सोने के बन गए ।,0092,Hin,f
14,अब यह इसी फॉर्मेट से खेला जाता है।,0092,Hin,f
15,उन्हें उदयपुर रैफर किया गया है।,0092,Hin,f
16,उनतीस  जनवरी दो  हज़ार उन्नीस     के एक आदेश में कोर्ट ने दो व्यापारियों के बीच विवाद के राजीनामे के बाद उन्हें पचास -पचास  हजार रुपए मोबाइल एप के जरिए जमा करने का निर्देश दिया।,0092,Hin,f
17,"शरीर में प्रतिरक्षा विकसित करने और बीमारियों से लड़ने के लिए प्राकृतिक क्षमताएं हैं, कभी-कभी प्रतिरक्षा प्रणाली कमजोर हो सकती है।",0092,Hin,f
18,"हमले के खिलाफ विरोध जताते हुए पंजाब क्रिकेट एसोसिएशन (पीसीए) ने आईएस बिंद्रा स्टेडियम, मोहाली से पाकिस्तानी खिलाड़ियों की तस्वीरें हटा दी हैं।",0092,Hin,f
19,माघी पूर्णिमा पर उनके व्रत का समापन होता है।,0092,Hin,f
20,इसी दिन संयमपूर्वक आचरण कर व्रत करें।,0092,Hin,f
21,"शमी कुरैशी, भोपाल . मप्र हाईकोर्ट की ग्वालियर बेंच के जस्टिस आनंद पाठक का न्याय देने का तरीका अनोखा है।",0092,Hin,f
22,उन्होंने पिछले साल अप्रैल में बेलग्राद इंटरनेशनल में भी स्वर्ण पदक जीता था।,0092,Hin,f
23,वो बोलती जा रही थी और मैं चुपचाप उसकी झील-सी नीली आंखों को देख रहा था कि अचानक मैं बोल पड़ा- मौसी तो अमेरिका से आ रही हैं ना?,0092,Hin,f
24,अरे! तुम्हें नहीं मालूम? मौसी तो कनाडा में रहती हैं|,0092,Hin,f
25,उसका मुंह गुस्से से लाल हो गया था|,0092,Hin,f
26,"मैंने उसे फिर मनाते हुए कहा- अरे हां, अमेरिका-कनाडा सब कॉन्टिनेंट तो एक है ना? मुझे लगा ये ब्युटीफुल है और जब गुस्से में रहती है तो मोस्ट ब्युटीफुल हो जाती है|",0092,Hin,f
27,उसे शायद ये इंक्सक्यूज समझ में आ गया था|,0092,Hin,f
28,"वह बोली, देखो, तुम कभी-कभी इंटेलीजेंट जैसे बात करते हो|",0092,Hin,f
29,मुझे अपने आप पर भरोसा नहीं हो पा रहा था|,0092,Hin,f
30,"आज ये भी मुझे इंटेलीजेंट कह रही है, चाहे कभी-कभी ही सही|",0092,Hin,f
31,मैंने उत्साह से पूछा- क्या कुछ स्नैक्स भी लोगी? मेरी जेब में पड़ा हुआ हजार का इकलौता नोट मेरे उत्साह को कम नहीं होने दे रहा था|,0092,Hin,f
32,लेकिन वह कुछ और भी खाने के मूड में नहीं थी|,0092,Hin,f
33,वह केवल मौसम के बारे में बता रही थी और मैं एक आदर्श विद्यार्थी की भांति उसकी बातों को सुन रहा था और हां में हां मिला रहा था|,0092,Hin,f
34,कॉफी की अंतिम सिप को खत्म करके वह खड़ी हुई|,0092,Hin,f
35,थोड़ी देर में वह मेरा हाथ पकड़कर मुख्य सड़क पर थी|,0092,Hin,f
36,पलक जल्दी  चलो नहीं तो मेट्रो में बहुत भीड़ हो जाएगी|,0092,Hin,f
37,"नहीं अमित, आज ऑटो से चलूंगी|",0092,Hin,f
1,अपने जीवन का लक्ष्य निर्धारित करो | और सभी दूसरे विचार  को  अपने दिमाग से निकाल दो यही सफलता की पूंजी है |,0093,Hin,f
2,सफलता पाने के लिए हमें पहले विश्वास करना होगा की हम कर सकते हैं,0093,Hin,f
3,वॉशिंगटन पोस्ट के पत्रकार जमाल खशोगी की हत्या के करीब दो महीने बाद सऊदी के क्राउन प्रिंस मोहम्मद बिन सलमान पहली बार किसी अंतरराष्ट्रीय सम्मेलन में नजर आए।,0093,Hin,f
4,"मिश्रा ने कहा कि दिग्विजय सिंह ने जिन विधायकों से मेरी मुलाकात की बात कही है, वे खुद इस बात का खंडन कर चुके हैं ।",0093,Hin,f
5,कांग्रेस सरकार में सत्ता के कई केंद्र   ।,0093,Hin,f
6,इसलिए रजनी मक्कल मण्ड्राम और रजनी फैन क्लब के नाम पर किसी को भी मेरी तस्वीर या झंडे का इस्तेमाल नहीं करना चाहिए।,0093,Hin,f
7,उन्होंने कहा कि मंत्रियों ने मंदसौर गोलीकांड और नर्मदा किनारे लगाए गए पौधों में भ्रष्टाचार में भाजपा को क्लीनचिट सी दे दी है।,0093,Hin,f
8,"हम कोई सहमति नहीं दे रहे हैं, और हमारा समर्थन आप मानकर न चलें।",0093,Hin,f
9,"इनमें सुनिधि चौहान, अर्पित गोयल, आदर्श सिंह, अनुराधा, दिव्यांश पवार, एलावेनिल, रविंदर सिंह और पारुल कुमार शामिल हैं।",0093,Hin,f
10,"इस अवसर पर विभिन्न जनजाति के संतवृन्द, जनजाति प्रमुख उपस्थित रहेंगे।",0093,Hin,f
11,पूर्णिमा की रात रसोई घर का पूरा काम करने के बाद साफ-सफाई करें।,0093,Hin,f
12,दिल्ली की डॉ कर्णी सिंह शूटिंग रेंज पर भारतीय खिलाड़ियों ने तैयारी शुरू कर दी है।,0093,Hin,f
13,लेकिन अधिसूचना जारी करने के पैंतालीस  दिनों के बाद चुनाव हो सकते हैं।,0093,Hin,f
14,"उन्हें देखकर ऐसा लगा, जैसे दो बिछड़े हुए दोस्त काफी समय बाद मिल रहे हैं।",0093,Hin,f
15,इसमें देवी राधा श्रीकृष्ण से रूठकर गोलोक से चली जाती हैं और अपनी सखी ललिता को उनका ध्यान रखने के लिए छोड़ जाती हैं।,0093,Hin,f
16,हर मामले में कांग्रेस ने संवैधानिक नियमों का दरकिनार किया है ।,0093,Hin,f
17,भगवान राम अपने छोटे भाई लक्ष्मण के भरोसे देवी सीता को पर्णकुटी में छोड़कर स्वर्णमृग का शिकार करने वन में चले गए।,0093,Hin,f
18,"इससे पहले  ग्यारह फरवरी को वे वृंदावन और नोएडा, जबकि  सत्रह   फरवरी को झांसी पहुंचे थे।",0093,Hin,f
19,संविधान में संशोधन कर आर्थिक रूप से कमजोर लोगों के लिए यह अतिरिक्त आरक्षण लाया गया है।,0093,Hin,f
20,सुरेश रैना ने लिखा- जम्मू-कश्मीर के पुलवामा में शहीद हुए सीआरपीएफ जवानों के बारे में सुनकर गहरा सदमा लगा है।,0093,Hin,f
21,प्रदेश अध्यक्ष श्री सिंह ने कहा कि दिग्विजयसिंह द्वारा अपनी ही सरकार के मंत्रियों को गलत बताने से भारतीय जनता पार्टी की यह बात साबित हो गई है कि इस सरकार में कई मुख्यमंत्री हैं ।,0093,Hin,f
22,इस वर्ल्ड कप में अट्ठावन देशों के पाँच सौ तीन खिलाड़ी हिस्सा ले रहे हैं।,0093,Hin,f
23,मैंने पैंट में हाथ डाला तो बचे हुए नोटों की सास बाकी थी|,0093,Hin,f
24,"इससे पहले कि मेरे मुंह की नर्वसनेस को वह पढ़ पाती, मैंने आवाज दी- ऑटो|",0093,Hin,f
25,"जी सर, कहां चलेंगे? द्वारका सेक्टर तेईस |  जी जरूर|  कितने पैसे लगेंगे? जी दो  सौ रुपए|  चलो|",0093,Hin,f
26,मैं उसका हाथ पकड़कर ऑटो में बैठ गया|,0093,Hin,f
27,मैंने अपनी पुरानी जिद दोहराई|,0093,Hin,f
28,"पलक मैंने एक नई कविता लिखी है, मैं उसे तुम्हें सुनाना चाहता हूं|",0093,Hin,f
29,"नहीं अमित, मैं और बोर नहीं होना चाहती हूं|",0093,Hin,f
30,मैं पहले ही तुम्हारी कविता सुन-सुनकर बोर हो चुकी हूं|,0093,Hin,f
31,"रही बात सफलता की, तो तुम पत्रकारिता और कविता छोड़कर कोई दूसरा प्रोफेशन क्यों नहीं चुनते? जिसमें पैसा कमाने का स्कोप हो|",0093,Hin,f
32,"कब तक राष्ट्रीय अखबार के स्ट्रिंगर बनकर घूमोगे? और सुनो, कभी तो बताओ कि तुम्हारी सैलरी बीस हज़ार से ज्यादा हो गई है|",0093,Hin,f
33,मैंने उसे मनाते हुए कहा- ये गुलाब का फूल ले लो|,0093,Hin,f
34,स्पेशली तुम्हारे लिए खरीदा है|,0093,Hin,f
35,"ठीक है, ले लेती हूं और उसने झल्लाकर फूल को पर्स में डाल|",0093,Hin,f
36,लेकिन तुम मुझे जल्दी ही बतलाओ कि तुमने कोई अच्छा प्रोफेशन चुन लिया है|,0093,Hin,f
1,अपने जीवन का लक्ष्य निर्धारित करो | और सभी दूसरे विचार  को  अपने दिमाग से निकाल दो यही सफलता की पूंजी है |,0094,Hin,m
2,सफलता पाने के लिए हमें पहले विश्वास करना होगा की हम कर सकते हैं,0094,Hin,m
3,मोदी ने सऊदी दौरे के वक्त क्राउन प्रिंस को भारत आने का न्योता दिया था ।,0094,Hin,m
4,वहां पड़े ढेर की कीमत करीब चार  सौ यूरोज (बत्तीस  हजार रुपए) थी।,0094,Hin,m
5,संभव न हो तो एक समय फलाहार कर सकते हैं।,0094,Hin,m
6,वीएफएक्स और ग्राफिक्स को ध्यान में रखते हुए काम करना होता है।,0094,Hin,m
7,सोमवार को बिहार विधानमंडल से सवर्ण आरक्षण विधेयक पारित कर दिया गया।,0094,Hin,m
8,इसका उदाहरण भगवान राम और देवी सीता की कहानी है।,0094,Hin,m
9,उन्होंने उम्मीद जताई है कि जल्द ही उनका यह तरीका पूरे देश में वायरल होगा।,0094,Hin,m
10,हिजबुल का गढ़ था बारामूला जिला,0094,Hin,m
11,दो  हज़ार ग्यारह वर्ल्ड कप विजेता भारतीय टीम के सदस्य रहे युवराज फिलहाल टीम इंडिया से बाहर चल रहे हैं।,0094,Hin,m
12,धानमंत्री नरेंद्र मोदी मंगलवार को अपने संसदीय क्षेत्र वाराणसी पहुंचे।,0094,Hin,m
13,सूचना यह है कि कुछ आतंकवादी उत्तर प्रदेश भाग गए हैं।,0094,Hin,m
14,नई दवा बेंजोडायजेफीन ड्रग का एक प्रकार है।,0094,Hin,m
15,जब देवी राधा लौटकर आती हैं और ललिता को श्रकृष्ण संग हास-परिहास करते हुए देखती हैं तो उनका क्रोध और बढ़ जाता है।,0094,Hin,m
16,जहां संत रविदास जी के दोहे गाए जाते हैं और भजन-किर्तन भी होता है।,0094,Hin,m
17,इसके बाद उन्होंने संतश्री को एक पारस पत्थर दिया ।,0094,Hin,m
18,"वहीं, रजत टोकस और पर्ल पुरी जैसे मेल एक्टर्स को भी चालीस  से सत्तर  हजार रुपए प्रतिदिन ही मिल रहे हैं।",0094,Hin,m
19,कम समय में अच्छे इफेक्ट्स की मांग से खर्चा भी बढ़ता है।,0094,Hin,m
20,प्रार्थना करता हूं घायल जवान जल्दी ठीक हो जाएं।,0094,Hin,m
21,उसके साथ रहने वाले दो अन्य कश्मीरी छात्रों को पुलिस ने हिरासत में लिया है ।,0094,Hin,m
22,शाम के समय फिर से स्नान करके इसी तरह शिवजी की पूजा करें।,0094,Hin,m
23,"ऑटो तेजी से अपने गंतव्य की ओर बढ़ रहा था कि वह फलों की दुकान को देखकर तेजी से चिल्लाई- रोको, मुझे सेब और रसभरी लेना है|",0094,Hin,m
24,मुझे लगा कि मैं उससे कह दूं कि तुम्हें सेब और रसभरी की क्या जरूरत? तुम्हारी आंखें रसभरी हैं और तुम्हारे दोनों गाल कश्मीरी सेब की खूबसूरती को लज्जित करते हैं|,0094,Hin,m
25,पर विचार को अपने मन में रखकर मैं सेब और रसभरी लेने चला गया|,0094,Hin,m
26,जेब में दो  सौ पचास रुपए शेष थे|,0094,Hin,m
27,मैंने दो  सौ  रुपए में सेब और रसभरी ली और ऑटो में आकर फिर उसके पास बैठ गया|,0094,Hin,m
28,जेब में अब पचास का इकलौता नोट शेष था|,0094,Hin,m
29,"मैं भारतीय ऑटो वालों की इस परंपरा को प्रणाम कर रहा था जिसमें किराया एड्वांस में नहीं देना पड़ता है, नहीं तो आज बेइज्जती तय थी|",0094,Hin,m
30,ऑटो सेक्टर तेईस  द्वारका पहुंच गया था|,0094,Hin,m
31,उसने मुझे मुस्कराकर कहा- 'थैंक्स ए लॉट'|  अमित मुझे घर छोड़ दो|,0094,Hin,m
32,मैंने उसे उसके घर पर छोड़ दिया और ऑटो को चार कदम दूर अपने मकान पर उतरने के लिए कहा|,0094,Hin,m
33,घर के दरवाजे पर मां खड़ी इंतजार कर रही थीं|,0094,Hin,m
34,"मां, जल्दी से दो   सौ  रु. देना तो|  क्यों? तेरे पास  एक हज़ार रुपए थे?",0094,Hin,m
35,"मां, क्या बताऊं, मेट्रो में जेब कट गई|",0094,Hin,m
36,ये तो भगवान का शुक्र था कि पचास रुपए दूसरी जेब में थे|,0094,Hin,m
37,"अरे, ये बात है, तो यह लो दो  सौ रुपए|  और मां ने दो  सौ रुपए दिए और मैंने ऑटो वाले को पैसे दे दिए|",0094,Hin,m
1,अपने जीवन का लक्ष्य निर्धारित करो | और सभी दूसरे विचार  को  अपने दिमाग से निकाल दो यही सफलता की पूंजी है |,0095,Hin,m
2,सफलता पाने के लिए हमें पहले विश्वास करना होगा की हम कर सकते हैं,0095,Hin,m
3,गरीब सवर्णों को नौकरी के साथ कॉलेजों में एडमिशन में भी आरक्षण मिलेगा।,0095,Hin,m
4,माना जाता है कि उशना ही आगे चलकर शुक्राचार्य कहलाए।,0095,Hin,m
5,सबसे पहले उन्होंने डीजल से इलेक्ट्रिक में बदले गए इंजन को हरी झंडी दिखाई।,0095,Hin,m
6,हालांकि जानकारों का कहना है कि संभावना है कि लोकसभा चुनाव के पहले चरण में मध्य प्रदेश में चुनाव हो सकते हैं।,0095,Hin,m
7,इस दिन तिल और कंबल का दान करने से नरक लोक से मुक्ति मिलती है।,0095,Hin,m
8,गृह क्लेश से बचना चाहिए।,0095,Hin,m
9,सुपर लीग के मुकाबले आठ मार्च से इंदौर में खेले जाएंगे।,0095,Hin,m
10,इसमें दुनिया के सात देश थे।,0095,Hin,m
11,मंगलवार को मध्य प्रदेश और पंजाब की टीम ने अभ्यास सत्र में हिस्सा लिया।,0095,Hin,m
12,"इस तरह के हादसे के बाद जो कुछ भी कार्रवाई की जानी है, वह उचित हो, प्रभावशाली हो ,चुने हुए समय और स्थान पर हो ,इन सब को देखते हुए सरकार अपनी रणनीति तैयार कर रही है ।",0095,Hin,m
13,इस हमले में चालीस  जवान शहीद हो गए थे।,0095,Hin,m
14,"सदन में मुख्यमंत्री नीतीश कुमार ने कहा कि जो आरक्षण का प्रावधान पहले से है, उस पर इसका कोई असर नहीं पड़ने वाला।",0095,Hin,m
15,"उनकी पढ़ाई न छूटे, इसलिए अस्थाई विद्यालय बनाए गए।",0095,Hin,m
16,सभी दलों को इसके समर्थन में वोट करना चाहिए।,0095,Hin,m
17,ऐसे में पाकिस्तान समर्थित आतंकी समूहों के मामले को भारत पुरजोर तरीके से उठाएगा।,0095,Hin,m
18,इसीलिए उन्होंने अपने शिविरों और उग्रवादियों को भीतरी इलाकों में शिफ्ट करा लिया है।,0095,Hin,m
19,भारत को तैंतीस  साल में सिर्फ तीसरी बार इस वर्ल्ड कप की मेजबानी मिली है।,0095,Hin,m
20,प्रत्येक माह में जिस तरह दो एकदशी होती है उसी तरह दो प्रदोष भी होते हैं।,0095,Hin,m
21,"गौर ने फिर गाना गाते हुए कहा कि जो वादा किया है वो निभाना पड़ेगा, मुझे भोपाल से टिकट देना पड़ेगा ।",0095,Hin,m
22,"वहीं, पिछला टी-ट्वेंटी   इंग्लैंड के खिलाफ एक  फरवरी दो  हज़ार सत्रह को खेला था।",0095,Hin,m
23,मैं अमित द्वारका में पलक के घर के पास ही रहता था|,0095,Hin,m
24,मैं और पलक दोनों द्वारका के पैरामाउंट स्कूल में साथ-साथ पढ़े थे|,0095,Hin,m
25,पलक की दिली तमन्ना थी कि मैं कुछ ऐसा बनूं कि वो मुझे अपने पैरेंट्स के सामने 'योग्य' बता सके|,0095,Hin,m
26,"लेकिन मैं उसकी उम्मीदों के बिलकुल विपरीत प‍त्रकारिता के पेशे में आ गया था, जहां पर न नौकरी सुरक्षित थी, न बटुए की उम्मीद|",0095,Hin,m
27,"मैंने रात में पलक का मोबाइल नं. मिलाया, लेकिन उसने झल्लाकर कहा कि अमित मैं तुमसे तभी बात करूंगी, जब तुम कोई कमाने वाले प्रोफेशन करोगे|",0095,Hin,m
28,और सुनो यही मेरे पैरेंट्स भी चाहते हैं|,0095,Hin,m
29,"मैंने अपने पक्ष को उसके सामने रखने का प्रयास किया, लेकिन उसने मोबाइल काट दिया और मोबाइल को साइलेंट मोड में कर दिया था|",0095,Hin,m
30,आज कुछ हफ्ते बाद पलक फिर मुझसे मिली थी|,0095,Hin,m
31,मैंने मुस्कुराकर पूछा कि पलक तुम कैसी हो? बिलकुल ईद का चांद हो गई हो?,0095,Hin,m
32,उसने मुस्कुराकर जवाब दिया कि बिलकुल पहले की तरह परफेक्टली ऑल राइट|,0095,Hin,m
33,"मैंने सहमकर पूछा, तुमने हम दोनों की शादी के बारे में अपने पैरेंट्स से पूछा?",0095,Hin,m
34,"शादी और तुमसे कभी नहीं|  केवल कॉफी डे में कॉफी पिएंगे, वह आगे बोली|",0095,Hin,m
35,मैंने पापा को तुम्हारे बारे में बताया कि अमित कविताएं लिखता है|,0095,Hin,m
1,अपने जीवन का लक्ष्य निर्धारित करो | और सभी दूसरे विचार  को  अपने दिमाग से निकाल दो यही सफलता की पूंजी है |,0096,Hin,m
2,सफलता पाने के लिए हमें पहले विश्वास करना होगा की हम कर सकते हैं,0096,Hin,m
3,संत रविदास ने महात्माजी को भोजन करवाया और अपने बनाए हुए जूते उन्हें पहनाए ।,0096,Hin,m
4,ऐसा इसलिए होता है क्योंकि संत रविदास जी को बचपन से ही आलौकिक शक्तियां प्राप्त थी।,0096,Hin,m
5,शो के दौरान ही अर्जुन के साथ अपने रिश्ते के लिए मलाइका ने हिंट देते हुए कहा कि किसी का इंतजार नहीं करना चाहिए ।,0096,Hin,m
6,ऐसे ही भाजपा की सरकार द्वारा नर्मदा संरक्षण के लिए तटवर्ती क्षेत्रों में पौधरोपण का काम भी पूरी पारदर्शिता के साथ किया गया था ।,0096,Hin,m
7,वे कहते थे मन चंगा तो कठोती में गंगा ।,0096,Hin,m
8,अट्ठाईस फरवरी तक होने वाले इस वर्ल्ड कप में बीस तक सभी टीमें आ जाएंगी।,0096,Hin,m
9,"केंद्रीय विदेश राज्यमंत्री जनरल वीके सिंह ने कहा कि प्रधानमंत्री ने वर्ष दो  हज़ार बाईस में जो न्यू इंडिया की बात कहीं है, इसके लिए पूरे देश की जनता को वह अपने साथ जोड़ना चाहते हैं ।",0096,Hin,m
10,पहली तस्वीर से ही अंदाज़ा लगाया जा सकता है कि माघी की पूर्णिमा पर आस्था का मानो पूरा सैलाब ही संगम में उमड़ पड़ा हो।,0096,Hin,m
11,"कॉम्पीटिशन बढ़ा है, इसलिए वीएफएक्स की क्वालिटी बढ़ानी पड़ रही है, जो कि महंगा पड़ता है।",0096,Hin,m
12,अब तक किंग्स इलेवन पंजाब का होम ग्राउंड बनाने वाले इंदौर में फिलहाल कोई भी मैच नहीं रखा गया है।,0096,Hin,m
13,दक्षिण इटली में एक लाइब्रेरी-कैफे प्लास्टिक की बोतलें और एल्युमिनियम कैन जैसी रिसाइकिल होने वाली चीजों के बदले बच्चों को किताबें बांट रहा है।,0096,Hin,m
14,"एक दिन खेलने के बाद अगले दिन वो साथी नहीं आता है तो रविदास जी उसे ढूंढ़ने चले जाते हैं, लेकिन उन्हे पता चलता है कि उसकी मृत्यु हो गई।",0096,Hin,m
15,पाकिस्तान की भरभराती अर्थव्यवस्था को आधार मिलने की उम्मीद दिखाई दी है।,0096,Hin,m
16,इसमें भारत का तेईस  सदस्यीय दल हिस्सा ले रहा है।,0096,Hin,m
17,"वहीं, मीना ने फिलीपींस की ही आइरा विलेगास को चौबन  किलो वर्ग में तीन -दो से मात दी।",0096,Hin,m
18,इंडियन प्रीमियर लीग (आईपीएल) दो  हज़ार उन्नीस     सीजन  बारह   का शेड्यूल मंगलवार को जारी हो गया है।,0096,Hin,m
19,"दरअसल, मिशेल इटली के वे पहले व्यक्ति हैं, जिन्होंने कुछ साल पहले किताबें बांटने का सिलसिला शुरू किया था।",0096,Hin,m
20,अंतिम बाउट के बाद झुसुपोव के सिर से खून बहने लगा था।,0096,Hin,m
21,"भारतीय क्रिकेट टीम के कप्तान विराट कोहली, रोहित शर्मा, शिखर धवन, सुरेश रैना, पूर्व क्रिकेटर सचिन तेंदुलकर, वीरेंद्र सहवाग, वीवीएस लक्ष्मण और मोहम्मद कैफ ने ट्वीट कर दुख जताया है।",0096,Hin,m
22,विधानसभा में पेश रिपोर्ट ने उसे जस्टिफाई कर रही है ।,0096,Hin,m
23,राष्ट्रीय हिन्दी दैनिक में पत्रकार है|  कभी-कभी अखबार के पहले पेज पर छपता है|,0096,Hin,m
24,वह अच्‍छा लड़का है|  उसका फ्यूचर मुझे ब्राइट लगता है|,0096,Hin,m
25,"उन्होंने गंभीर स्वर में पूछा कि उसे तनख्वाह कितनी मिलती है? जी, बीस हजार के आसपास|",0096,Hin,m
26,"मेरा चपरासी टीपू पे-कमीशन आने के बाद पच्चीस हजार रु. पाता है, पापा ने गंभीर स्वर में कहा|",0096,Hin,m
27,और एक बात तुम्हें बताऊं| वो कविताएं भी बड़ी अच्‍छी लिखता है|,0096,Hin,m
28,कल घर बुलाकर उसकी कविताएं तुम्हें सुनाऊंगा|,0096,Hin,m
29,उन्होंने व्यंग्यात्मक आवाज में कहा|  तुम लाइट बंद कर दो| वे ऐसा कहकर अपने कमरे में सोने चले गए|,0096,Hin,m
30,तो क्या हमारे प्यार का यही अंत होगा? अमित ने कातरताभरे स्वर में कहा|,0096,Hin,m
31,"हां, बिलकुल|  पलक ने जवाब दिया|  मैं अपने पैरेंट्स के अगेंस्ट नहीं जा सकती हूं|  इतना कहकर वह चली गई|",0096,Hin,m
32,"अमित डूबते हुए सूरज को देख रहा था, जो उसके टूटते हुए सपनों पर कोई कविता सुना रहा था|",0096,Hin,m
33,वह कई सप्ताह से नहीं दिख रही थी|  मैं उससे मिलने की चाहत को टाल नहीं सका|,0096,Hin,m
34,"मैं उसके घर के बगल में स्थित सिन्हा आंटी के मकान पर पहुंचा व उनसे कहा, आंटी, पलक बहुत दिनों से नहीं दिख रही है?",0096,Hin,m
35,अरे तुम्हें पता नहीं? उसकी पीठ पर एक गांठ निकल आई है|,0096,Hin,m
36,बहुत दिनों से उसमें दर्द भी हो रहा है|,0096,Hin,m
37,डॉक्टर ने कैंसर सस्पेक्ट किया है और वो उसे दिखाने टाटा मेमोरियल अस्पताल चले गए हैं|,0096,Hin,m
1,अपने जीवन का लक्ष्य निर्धारित करो | और सभी दूसरे विचार  को  अपने दिमाग से निकाल दो यही सफलता की पूंजी है |,0097,Hin,m
2,सफलता पाने के लिए हमें पहले विश्वास करना होगा की हम कर सकते हैं,0097,Hin,m
3,"वे नीलामी के दौरान पर पहले दौर में नहीं बिके थे, लेकिन दूसरे राउंड में मुंबई ने उन्हें खरीद लिया था।",0097,Hin,m
4,आज यानी बुधवार को माघी पूर्णिमा पर बड़ी खगोलिय घटना होने वाली है।,0097,Hin,m
5,उन्होंने अपना पिछला वनडे तीस  जून दो  हज़ार सत्रह   को वेस्टइंडीज के खिलाफ खेला था।,0097,Hin,m
6,कथिततौर पर उसका घर जलाने की भी कोशिश की गई ।,0097,Hin,m
7,उस पार्टी में कांग्रेस के अहमद पटेल और आर.पी. सिंह थे।,0097,Hin,m
8,सऊदी की कोशिश- भारत और पाक के बीच तनाव कम हो ।,0097,Hin,m
9,पिछली सरकार के दस्तावेजों के आधार पर ये गड़बड़ी हुई है ।,0097,Hin,m
10,"आदेश में कोर्ट का विचार स्पष्ट लिखा होता है-‘यह प्रश्न एक पौधा लगाने का नहीं, बल्कि एक विचार को पालने का है।",0097,Hin,m
11,जब आसमान से ली गई तस्वीरों में संगम ऐसा लगा मानों ब्रह्मांड में तारे चमक रहे हों।,0097,Hin,m
12,"दिसंबर, दो  हज़ार पन्द्रह   : जापानी पीएम शिंजो आबे का बनारस में स्वागत किया।",0097,Hin,m
13,इसी पोस्ट पर तहसीन ने लिखा था- अल्लाह आपको सलामत रखे ।,0097,Hin,m
14,दिल्ली और उत्तर प्रदेश की सीमा पर सख्त सुरक्षा चल रही है।,0097,Hin,m
15,वजन स्वास्थ्य का एक ऐसा ही महत्वपूर्ण पक्ष है जिस पर ध्यान देना अत्यंत आवश्यक है।,0097,Hin,m
16,घर के मुख्य दरवाजे की दोनों तरफ दीपक जरूर जलाएं।,0097,Hin,m
17,बीते कुछ सालों में सुरक्षा और आतंकवाद से लड़ने में मिले उनके सहयोग की हम प्रशंसा करते हैं।,0097,Hin,m
18,बाद में विज्ञापनों सेे इसकी भरपाई हो जाती है।,0097,Hin,m
19,अगर प्रसिद्ध हो जाता तो मेरे जीवन की शांति खत्म हो जाती ।,0097,Hin,m
20,"ये देखकर रविदास जी बहुत दुखी होते हैं और अपने मित्र को बोलते हैं कि उठो ये समय सोने का नहीं है, मेरे साथ खेलो।",0097,Hin,m
21,"रिपोर्ट के मुताबिक, ऑइल रिफाइनरी के आठ अरब डॉलर (करीब सत्तावन  हजार करोड़ रुपए) की फंडिंग की गई है।",0097,Hin,m
22,"जो भी चीजें इकट्ठा हुईं, उनसे चार सौ पैंसठ  यूरो (चालीस  हजार रुपए) मिले।",0097,Hin,m
23,आंटी की बात सुनकर अमित के पैरों तले जमीन खिसक गई|,0097,Hin,m
24,उसने सारे देवी-देवताओं को याद किया|,0097,Hin,m
25,हे हनुमानजी! हे शंकर भगवान! पलक को कुछ भी न निकले|  वो ठीक हो जाए|,0097,Hin,m
26,वह भागते हुए मुंबई जाने वाली गोवा एक्सप्रेस पकड़कर मुंबई की ओर चल पड़ा|,0097,Hin,m
27,वह ट्रेन में ऊपर की सीट पर बैठा हुआ था|,0097,Hin,m
28,रात के बारह बजने वाले हैं|,0097,Hin,m
29,स्लीपर कोच में सारे यात्री सो रहे थे और वो याद कर रहा था|,0097,Hin,m
30,पैरामाउंट स्कूल में वो और पलक साथ-साथ पढ़ते थे|,0097,Hin,m
31,पलक कहती थी- मैं पलक तुम्हें अपनी पलकों पर हमेशा सजाकर रखूंगी अमित|,0097,Hin,m
32,"उसकी यह दोस्ती कब जवान हुई, कब उच्च नौकरी न पाने की वजह से जवानी में बुढ़ापे का अहसास करने लगी यह, उसे हाल ही में महसूस हुआ|",0097,Hin,m
33,ट्रेन अपनी पूरी रफ्तार से बढ़ रही थी|,0097,Hin,m
34,"पेड़, पर्वत, पठार, मैदान सब छूटते जा रहे थे|",0097,Hin,m
35,वो यादों के झरोखे से झांक रहा था कि तभी मोबाइल के मैसेज ने उसकी विचार यात्रा को भंग किया- 'बीएसएनएल वेलकम यू इन महाराष्ट्र|,0097,Hin,m
36,"आपकी यात्रा मंगलमय हो| ' मैंने सोचा कि चलो कोई तो है, जो 'वेलकम' करता है|",0097,Hin,m
37,नहीं तो 'वेलकम' सुने हुए कई महीने बीत गए थे|,0097,Hin,m
1,अपने जीवन का लक्ष्य निर्धारित करो | और सभी दूसरे विचार  को  अपने दिमाग से निकाल दो यही सफलता की पूंजी है |,0098,Hin,f
2,सफलता पाने के लिए हमें पहले विश्वास करना होगा की हम कर सकते हैं,0098,Hin,f
3,चिटकारा विश्वविद्यालय से शनिवार रात गिरफ्तार किए गए कश्मीरी छात्र को रविवार को अट्ठाईस फरवरी तक जेल भेज दिया गया ।,0098,Hin,f
4,कश्मीरी छात्र को फॉलो करने वालों ने अधिकारियों को दी थी सूचना  ।,0098,Hin,f
5,सुहेल सेठ अपनी मलयाली पत्नी लक्ष्मी के साथ उन्हें चलने में मदद कर रहे थे।,0098,Hin,f
6,"इनमें सेंट्रल डिस्‍कवरी सेंटर, स्‍मार्ट सिटी इं‍टीग्रेटेड कमांड सेंटर, मान महल म्‍यूजियम, गोइठहां एसटीपी प्रमुख हैं।",0098,Hin,f
7,दोनों देशों के बीच दो  हज़ार ग्यारह में हुए सेमीफाइनल में भारत ने पाक को छब्बीस रन से हराया था।,0098,Hin,f
8,"उन्होंने कहा कि तुम्हारे पास इतना अच्छा अवसर था, तुम धनवान बन सकते थे, इसका उपयोग क्यों नहीं किया?",0098,Hin,f
9,हमले में घायलों के शीघ्र स्वस्थ होने की प्रार्थना करता हूं।,0098,Hin,f
10,इसके पहले एक्ट्रेस मौसमी चटर्जी और सौमित्र खान भी जनवरी दो  हज़ार उन्नीस में बीजेपी जॉइन कर चुके हैं ।,0098,Hin,f
11,इसके अलावा बेंगलुरु में एक शिक्षिका और गुवाहाटी में कॉलेज प्रोफेसर को देश विरोधी कमेंट करने के आरोप में गिरफ्तार किया गया ।,0098,Hin,f
12,परिवार ने पूछा  एक  सौ  प्रतिशद  श्योर हो : मलाइका अरोड़ा ने बताया कि तलाक से एक दिन पहले पूरा परिवार साथ में बैठा था ।,0098,Hin,f
13,इसके बाद पुलिस ने इसे आतंकवादियों से मुक्त जिला घोषित किया था।,0098,Hin,f
14,उत्तर प्रदेश में योगी सरकार ने अट्ठाईस आईपीएस अफसरों के तबादले किए हैं।,0098,Hin,f
15,बात यहां खत्म नहीं हुई।,0098,Hin,f
16,रेजमंड के नाम इस इवेंट का वर्ल्ड रिकॉर्ड भी है।,0098,Hin,f
17,शुक्राचार्य की कही गई नीतियां आज भी बहुत महत्व रखती हैं।,0098,Hin,f
18,भारत का पक्ष मजबूत ।,0098,Hin,f
19,"स्नान के दौरान अखिल भारतीय अखाड़ा परिषद के महंत नरेन्द्र गिरी, जूना पीठाधीश्वर अवधेशानंद गिरी और महंत हरिगिरी सहित अन्य साधु-संत भी मौजूद।",0098,Hin,f
20,गरीबों एवं जरुरतमंदों की सहायता करनी चाहिए।,0098,Hin,f
21,उदाहरण के लिए मीडिया रिपोर्ट्स के अनुसार नागिन-तीन  की एक्ट्रेस मौनी रॉय को प्रतिदिन एक लाख रुपए तक फीस मिल रही है।,0098,Hin,f
22,एक  सौ   से अधिक जनजातीय समुदायों का समागम; दुनिया के सबसे बड़े आध्यात्मिक पर्व कुंभ मेले की दिव्यता व अलौकिक छटा को देखने के लिए कर्नाटक व मध्य प्रदेश से जनजातीय श्रद्धालुओं का जत्था कुंभनगरी पहुंचा है।,0098,Hin,f
23,मैं मुंबई स्टेशन पर पहुंचकर सीधे टैक्सी पर सवार हो टाटा मेमोरियल अस्पताल पहुंच गया|,0098,Hin,f
24,सामने रिसेप्शन पर महिला रिसेप्शनिस्ट बैठी थी|,0098,Hin,f
25,"मैंने उससे पूछा, पलक शर्मा किस कमरे में है? जी, चार सौ तीन, चौथे फ्लोर पर|",0098,Hin,f
26,मैं बिना रुके उसके कमरे की तरफ दौड़ गया|  मैं थोड़ी देर में उसके कमरे के सामने था|,0098,Hin,f
27,मैंने कमरे में झांककर देखा तो उसके पिताजी और माताजी कमरे में मौजूद थे|,0098,Hin,f
28,पिताजी कमरे की खिड़की पर से पर्दा उठा रहे थे|,0098,Hin,f
29,तमाम कोशिशों के बाद सूरज की रोशनी ने खिड़की की जालियों की बंदिशों को तोड़कर कमरे में प्रवेश कर लिया था|,0098,Hin,f
30,सूरज की किरणें उसके गौर वर्ण पर पड़ रही थीं|,0098,Hin,f
31,मुझे उसकी यह आभा प्रेयसी से ज्यादा दैवीय लग रही थी|,0098,Hin,f
32,मैंने ऊपर वाले से कहा कि तुमने पलक के साथ यह क्या किया?,0098,Hin,f
33,"उसके पिताजी अचानक बाहर कमरे से निकले और मेरे विचार-मंथन को तोड़ते हुए कहा, अरे अमित, तुम यहां क्या कर रहे हो?",0098,Hin,f
34,"अंकल, मुझे परसों ही पलक की बीमारी का पता चला और तत्काल टिकट खरीदकर मुंबई आ गया|",0098,Hin,f
35,मैंने सहमते हुए जवाब दिया|  क्या हो गया उसे?,0098,Hin,f
1,अपने जीवन का लक्ष्य निर्धारित करो | और सभी दूसरे विचार  को  अपने दिमाग से निकाल दो यही सफलता की पूंजी है |,0099,Hin,m
2,सफलता पाने के लिए हमें पहले विश्वास करना होगा की हम कर सकते हैं,0099,Hin,m
3,चौदह  फरवरी को पुलवामा में सीआरपीएफ काफिले पर आंतकियों ने फिदायीन हमला किया था।,0099,Hin,m
4,"इतना ही नहीं, इससे हड्डियों को मजबूती मिलती है और शरीर को पोषण प्राप्त होता है।",0099,Hin,m
5,वे यहां पिछले कई दिनों से प्रैक्टिस भी कर रहे हैं।,0099,Hin,m
6,इक्कीस  फरवरी को ओपनिंग सेरेमनी होगी ।,0099,Hin,m
7,"यह सहायता वीर एप के अलावा अार्मी सेंट्रल वेलफेयर फंड, नगालैंड वेलफेयर रिलीफ फंड और केरल बाढ़ राहत कोष में भी जमा कराई जा चुकी है।",0099,Hin,m
8,वीएफएक्स को लेकर निर्माताओं और दर्शकों दोनों की ही उम्मीदें बढ़ी हैं।,0099,Hin,m
9,हमले में हमारे वीर जवान शहीद हुए हैं।,0099,Hin,m
10,वाराणसी में मोदी एक हज़ार   तीन  सौ पचास  करोड़ की परियोजनाओं का लोकार्पण करेंगे।,0099,Hin,m
11,गृहमंत्री ने कहा कि विधानसभा में पेश दस्तावेज पिछली सरकार का था ।,0099,Hin,m
12,हर दूसरा चैनल सुपरनैचुरल या फैंटेसी शो बना रहा है जो ग्राफिक्स और विजुअल इफेक्ट्स से भरे हुए हैं।,0099,Hin,m
13,उन्हें घरेलू माहौल का फायदा मिलेगा।,0099,Hin,m
14,इसी साल एयर राइफल और  उन्नीस  सौ सत्तर        में एयर पिस्टल को इसमें शामिल किया गया।,0099,Hin,m
15,पुलवामा पर हुए हमले के बाद पूरा देश पाकिस्तान को सबक सिखाना चाहता है।,0099,Hin,m
16,दिल्ली एयरपोर्ट पर पहुंचने पर प्रधानमंत्री नरेंद्र मोदी ने गले लगाकर सऊदी अरब के क्राउन प्रिंस का अभिवादन किया।,0099,Hin,m
17,उन्होंने आरोप लगाया है कि दिग्विजय चर्चाओं में बने रहने के लिए इस तरह की बयानबाजी करते रहते है ।,0099,Hin,m
18,"पीसीए के साथ-साथ राजस्थान क्रिकेट एसोसिएशन (आरसीए) ने भी पाक क्रिकेटरों की तस्वीरों को सवाई मानसिंह स्टेडियम, जयपुर से हटा दिया है।",0099,Hin,m
19,क्लब ने यह फैसला जम्मू-कश्मीर के पुलवामा में केंद्रीय रिजर्व पुलिस बल (सीआरपीएफ) के काफिले पर हुए आतंकी हमले के विरोध में लिया।,0099,Hin,m
20,कुछ ऐसा ही दृश्य यहां देखने को मिला है माघी पूर्णिमा के मौके पर।,0099,Hin,m
21,द्वार पर बारात रात  ग्यारह बजे पहुंचनी थी।,0099,Hin,m
22,सुना गया है कि पीएमओ में तैनात एक वरिष्ठ अधिकारी का बेटा बीजेपी के टिकट पर लोकसभा चुनाव लड़ने के लिए उत्सुक है।,0099,Hin,m
23,"उनकी आंखों में वात्सल्य झलक आया तथा कहा कहा कि जाओ, देख आओ|",0099,Hin,m
24,ब्रेन ट्यूमर है|  कैंसर में तब्दील हो गया है|  डॉक्टर ने कहा है कि ऑपरेशन होगा|,0099,Hin,m
25,तुम अंदर चले जाओ और उससे बात कर लो|  ऐसा कह वे आगे बढ़ गए|,0099,Hin,m
26,"कमरे में वह अकेली थी|  मुझे देखकर वह मुस्कुरा दी|  'तुम नहीं सुधरोगे', उसने कहा|",0099,Hin,m
27,"'मैं सुधरना भी नहीं चलता', मैंने अपनी बात कही|  बैठ जाओ|  सामने के सोफे पर मैं बैठा गया|",0099,Hin,m
28,"मेज पर डायरी रखी है, उसे उठाओ| उसने धीरे से कहा|",0099,Hin,m
29,"इसमें क्या है? मेरी कविताएं| आज तक मैं तुम्हारी कविता सुनती रही, आज मैं तुम्हें अपनी कविता सुनाऊंगी|",0099,Hin,m
30,"उसने कविता सुनाना शुरू किया-'तुम्हारे प्यार की बातें मुझे अक्सर रुलाती हैं, तुम्हारे साथ की यादें सपनों में सताती हैं|",0099,Hin,m
31,' इतने में डॉक्टरों की टीम आ गई|  चलो ऑपरेशन थिएटर में जाना है|,0099,Hin,m
32,उसके माता-पिता और डॉक्टर की टीम ऑपरेशन थिएटर में चले गए|,0099,Hin,m
33,मैं बेचैन-सा ऑपरेशन थिएटर के सामने घूम रहा था|,0099,Hin,m
34,डॉक्टरों की टीम थोड़ी देर बाद बाहर निकल आई|,0099,Hin,m
35,"मैं ईश्वर से उसकी सलामती की दुआ कर ही रहा था कि पलक के माता-पिता रोते हुए ऑपरेशन थिएटर से बाहर निकले, क्योंकि पलक अब इस दुनिया में नहीं थी|",0099,Hin,m
36,पलक के पिताजी ने पलक की डायरी मुझे पकड़ा दी|,0099,Hin,m
1,अपने जीवन का लक्ष्य निर्धारित करो | और सभी दूसरे विचार  को  अपने दिमाग से निकाल दो यही सफलता की पूंजी है |,0100,Hin,m
2,सफलता पाने के लिए हमें पहले विश्वास करना होगा की हम कर सकते हैं,0100,Hin,m
3,फरवरी में मोदी का यह तीसरा उत्तरप्रदेश दौरा है।,0100,Hin,m
4,इस दौरान किंग्स इलेवन पंजाब के मैच मई माह में इंदौर में आयोजित हो सकते हैं।,0100,Hin,m
5,प्रदेश में अघोषित आपातकाल  ।,0100,Hin,m
6,साथ ही पिछले दो सालों में भारत के जूनियर खिलाड़ियों न सिर्फजूनियर बल्कि सीनियर टूर्नामेंट में भी गोल्ड जीते हैं।,0100,Hin,m
7,हम प्रोडक्शन बजट का पन्द्रह    से  सत्रह   फीसदी वीएफएक्स पर खर्च कर रहे हैं।,0100,Hin,m
8,आतंकवाद को बर्दाश्त नहीं किया जा सकता।,0100,Hin,m
9,"निखत ने कहा, मैं यह पदक पुलवामा आतंकी हमले के शहीदों को समर्पित करती हूं।",0100,Hin,m
10,देश में राजनैतिक उथल-पुथल होने की भी संभावना है।,0100,Hin,m
11,संत रविदास जयंती हिन्दू कैलेंडर के अनुसार माघ महीने की पूर्णिमा पर मनाई जाती है।,0100,Hin,m
12,"दिनांक तेरह , चौदह  एवं पन्द्रह    को दोपहर दो  बजे से सात  बजे तक विभिन्न संतो एवं जनजाति प्रमुखों का मार्गदर्शन जनजातीय नृत्यों का प्रदर्शन किया जाएगा।",0100,Hin,m
13,चुनाव की घोषणा कब होगी? तीन  मार्च को पीएम पटना में चुनाव रैली में जाएंगे।,0100,Hin,m
14,सऊदी अरब के क्राउन प्रिंस मोहम्मद बिन सलमान बिन सऊद मंगलवार रात भारत पहुंचे।,0100,Hin,m
15,"पूर्व में गरीबी हटाओ की बात होती थी, लेकिन अब मोदी सरकार में गरीब कल्याण की बात हो रही है ।",0100,Hin,m
16,यह सभी वारदातें जम्मू-कश्मीर में हुईं।,0100,Hin,m
17,मंगलवार को थी माघी पूर्णिमा ।,0100,Hin,m
18,"आगामी चुनावो में जो तमिलनाडु की पानी की समस्या को हल करने के लिए केंद्र में एक स्थिर, मजबूत सरकार की स्थापना करता है और इसे लागू करता है ।",0100,Hin,m
19,"माने अगर आप मार्च के पहले सप्ताह में तारीखों की घोषणा नहीं करते हैं, तो पूरी प्रक्रिया विलंबित हो जाती है।",0100,Hin,m
20,यह कमेंट इसी साल पाँच  जनवरी को किया गया था ।,0100,Hin,m
21,माने पाँच  मार्च को चुनाव की घोषणा हो सकती है।,0100,Hin,m
22,(माना जाता है कि एकता कपूर ने दो  हज़ार तेरह   में महाभारत पर  एक  सौ करोड़ रुपए खर्च किए थे) खबर थी कि चालीस  मिनट के एक युद्ध के सीन के लिए निर्माता ने वीएफएक्स पर एक   करोड़ रुपए खर्च किए।,0100,Hin,m
23,"पलक सफेद कपड़ों में टंकी थी|  बिलकुल शांत, निर्मल-सी जैसे कुछ बोल देगी|",0100,Hin,m
24,मैंने उसकी डायरी पकड़ ली|  उसमें से महीने पहले मेरे द्वारा दिया गया गुलाब का सूखा फूल निकलकर बाहर गिर पड़ा|,0100,Hin,m
25,वातावरण की मायूसी रो-रोकर मर्सिया सुना रही थी कि मैं थके हुए कदमों से जुहू बीच पर पहुंच गया|,0100,Hin,m
26,समुद्र पर नीले आसमान और चांद की छाया पड़ रही थी|,0100,Hin,m
27,समुद्र की लहरें आती थीं और बच्चों के बनाए रेत के घरौंदों को तोड़कर चली जाती थी|,0100,Hin,m
28,मैं संज्ञाशून्य-सा बैठा था|  मैंने नीले आकाश की तरफ देखा|,0100,Hin,m
29,अरे ये क्या? पलक कविता सुना रही है- तुम्हारे प्यार की बातें...,0100,Hin,m
30,"मैंने धीरे से कलम उठाई और पास पड़े कागज पर लिखा- तुम लौट आओ ना, कुछ मधुर गीत गुनगुनाओ ना, आखों में बस जाओ ना|",0100,Hin,m
31,"अरे नहीं, पलक तो अब कभी नहीं आ सकती, तो कविता लिखना व्यर्थ है|",0100,Hin,m
32,"मैं किसे अब कविता सुनाऊंगा? मैं बुदबुदाया|  नहीं मैं नीले गगन की तरफ जाऊंगा, जहां वह अपनी कविता सुनाएगी और मैं अपनी|",0100,Hin,m
33,मेरी बेरोजगारी व मेरे स्टेटस का कोई झंझट नहीं होगा|,0100,Hin,m
34,सोचते-सोचते मैंने समुद्र में छलांग लगा दी और थोड़ी देर में मेरा शव समुद्र में तैरने लगा|,0100,Hin,m
35,थोड़ी देर में पुलिस वाले आ गए|  उन्होंने गोताखोरों से शव को निकलवाया|,0100,Hin,m
36,"पुलिस ऑफिसर ने कड़कते हुए कहा, चेक करो कि कोई सुसाइड नोट?",0100,Hin,m
37,मातहत सिपाही ने जेब से कागज निकाले| क्या लिखा है इस पर? ऑफिसर ने कड़क आवाज में कहा|,0100,Hin,m
38,"सर इस पर कविता लिखी है- तुम लौट आओ ना, मधुर गीत फिर गुनगुनाओ ना, आंखों में बस जाओ ना|",0100,Hin,m
